project_id,domain,complexity_level,team_size,duration_months,sprint_length_weeks,num_sprints,total_user_stories,avg_story_points,velocity_per_sprint,tech_stack_difficulty,requirement_volatility_score,actual_effort_hours,actual_cost_usd,risk_level
project_00001,Healthcare,Low,3,4,2,8,12,2.5,6.0,Basic,Low,2076.05,79213.36,Low
project_00002,E-commerce,Medium,8,8,2,16,16,5.9,37.8,Intermediate,Low,18507.4,825264.67,Medium
project_00003,AI Platform,High,11,8,2,16,21,5.6,49.3,Advanced,High,45715.01,2367448.98,High
project_00004,SaaS,Low,5,4,2,8,14,2.4,9.6,Basic,Low,3347.53,128952.73,Low
project_00005,Healthcare,Medium,6,5,2,10,16,4.7,22.6,Intermediate,Medium,9001.75,443479.68,Medium
project_00006,Cloud System,High,9,9,2,18,22,5.8,41.8,Intermediate,Medium,31665.29,1671845.04,High
project_00007,E-commerce,Low,5,2,2,4,13,3.3,13.2,Basic,Medium,2033.47,66620.3,Low
project_00008,SaaS,Medium,5,4,2,8,17,4.5,18.0,Intermediate,Medium,6315.11,311144.2,Medium
project_00009,EdTech,High,9,12,2,24,22,7.6,54.7,Intermediate,Medium,40037.98,2436644.77,High
project_00010,EdTech,Low,4,3,2,6,10,3.9,12.5,Basic,Low,2109.92,72393.26,Low
project_00011,EdTech,Medium,8,5,2,10,16,4.6,29.4,Intermediate,Medium,12988.16,495177.66,Medium
project_00012,IoT,High,12,9,2,18,22,7.2,69.1,Advanced,High,54019.4,2954778.03,High
project_00013,IoT,Low,5,2,2,4,13,3.8,15.2,Basic,Medium,2057.82,70524.52,Low
project_00014,Healthcare,Medium,6,7,2,14,19,5.5,26.4,Basic,Low,9312.29,451702.55,Medium
project_00015,SaaS,High,11,7,2,14,27,6.7,59.0,Advanced,High,40330.66,2115748.17,High
project_00016,SaaS,Low,3,3,2,6,11,2.6,6.2,Basic,Medium,1671.25,63294.13,Low
project_00017,IoT,Medium,6,8,2,16,21,4.9,23.5,Intermediate,Medium,15756.06,715791.4,Medium
project_00018,SaaS,High,11,8,2,16,28,6.6,58.1,Advanced,Medium,41916.41,2311513.62,High
project_00019,Cloud System,Low,3,2,2,4,15,3.2,7.7,Basic,Low,1130.2,40658.3,Low
project_00020,Cloud System,Medium,7,6,2,12,21,4.9,27.4,Intermediate,Medium,12892.26,651640.17,Medium
project_00021,IoT,High,8,12,2,24,30,7.1,45.4,Intermediate,High,40958.4,2057645.5,High
project_00022,SaaS,Low,5,4,2,8,15,3.4,13.6,Basic,Low,3541.32,125312.95,Low
project_00023,SaaS,Medium,8,6,2,12,16,5.3,33.9,Intermediate,Low,14132.11,614383.62,Medium
project_00024,EdTech,High,10,6,2,12,30,6.1,48.8,Advanced,High,31248.24,1693322.34,High
project_00025,Cloud System,Low,5,3,2,6,10,3.8,15.2,Basic,Low,2441.16,90012.01,Low
project_00026,Healthcare,Medium,5,4,2,8,21,4.2,16.8,Intermediate,Medium,6632.06,320074.45,Medium
project_00027,IoT,High,8,7,2,14,30,7.9,50.6,Intermediate,High,25227.81,1406161.45,High
project_00028,IoT,Low,5,3,2,6,15,3.3,13.2,Basic,Low,2473.52,79514.01,Low
project_00029,Cloud System,Medium,7,6,2,12,17,4.9,27.4,Intermediate,High,15318.72,695349.52,High
project_00030,SaaS,High,11,9,2,18,25,7.0,61.6,Intermediate,High,40791.14,2310486.12,High
project_00031,IoT,Low,4,4,2,8,15,2.5,8.0,Basic,Low,2778.4,100624.04,Low
project_00032,AI Platform,Medium,5,7,2,14,15,4.8,19.2,Intermediate,Medium,10472.31,466185.06,Medium
project_00033,EdTech,High,9,8,2,16,26,5.0,36.0,Advanced,Medium,31753.95,1856718.37,High
project_00034,Cloud System,Low,4,4,2,8,12,3.6,11.5,Basic,Medium,2985.22,108039.9,Low
project_00035,Cloud System,Medium,5,5,2,10,16,4.5,18.0,Intermediate,Medium,8317.36,330973.7,Medium
project_00036,AI Platform,High,8,10,2,20,28,5.9,37.8,Advanced,Medium,38213.05,2122031.76,High
project_00037,Healthcare,Low,5,4,2,8,11,3.2,12.8,Basic,Medium,3733.21,118470.27,Low
project_00038,Cloud System,Medium,8,5,2,10,20,5.2,33.3,Intermediate,Medium,13108.66,627454.4,Medium
project_00039,IoT,High,9,8,2,16,25,7.3,52.6,Advanced,Medium,33585.02,1746131.24,High
project_00040,EdTech,Low,5,2,2,4,14,3.0,12.0,Basic,Medium,1968.09,72985.15,Low
project_00041,EdTech,Medium,7,8,2,16,19,4.4,24.6,Intermediate,Medium,17580.95,810831.21,Medium
project_00042,IoT,High,11,9,2,18,30,5.6,49.3,Advanced,High,48832.03,2772557.36,High
project_00043,EdTech,Low,3,4,2,8,10,2.9,7.0,Basic,Low,2036.51,72073.81,Low
project_00044,E-commerce,Medium,6,8,2,16,17,4.3,20.6,Intermediate,High,16321.36,697974.72,High
project_00045,AI Platform,High,8,7,2,14,28,6.2,39.7,Intermediate,High,25723.63,1526242.0,High
project_00046,IoT,Low,4,2,2,4,12,2.8,9.0,Basic,Medium,1610.19,52965.53,Low
project_00047,SaaS,Medium,5,5,2,10,18,5.9,23.6,Basic,High,7612.92,374431.33,High
project_00048,Cloud System,High,11,7,2,14,25,5.5,48.4,Advanced,High,41476.51,2194466.89,High
project_00049,SaaS,Low,5,2,2,4,15,4.0,16.0,Basic,Medium,1941.72,75175.29,Low
project_00050,AI Platform,Medium,8,5,2,10,16,5.0,32.0,Intermediate,Low,11036.25,444976.09,Medium
project_00051,IoT,High,8,6,2,12,21,6.1,39.0,Intermediate,High,20750.21,1168795.52,High
project_00052,FinTech,Low,4,3,2,6,12,3.5,11.2,Basic,Medium,2314.23,78116.18,Low
project_00053,IoT,Medium,5,6,2,12,16,4.2,16.8,Basic,Medium,7611.98,315589.93,Medium
project_00054,E-commerce,High,8,6,2,12,25,6.9,44.2,Advanced,Medium,23335.34,1353431.91,High
project_00055,Healthcare,Low,3,3,2,6,15,2.3,5.5,Basic,Low,1520.86,53312.55,Low
project_00056,Healthcare,Medium,5,6,2,12,20,5.1,20.4,Basic,High,9218.94,383670.56,High
project_00057,EdTech,High,11,9,2,18,22,6.7,59.0,Advanced,High,50585.05,2788774.9,High
project_00058,Healthcare,Low,4,4,2,8,15,2.3,7.4,Basic,Low,2758.97,100315.45,Low
project_00059,Cloud System,Medium,7,5,2,10,17,5.8,32.5,Intermediate,High,12121.83,589962.91,High
project_00060,FinTech,High,11,12,2,24,21,5.1,44.9,Intermediate,Medium,46638.24,2459500.97,High
project_00061,AI Platform,Low,5,4,2,8,15,2.5,10.0,Basic,Low,3444.18,102329.93,Low
project_00062,AI Platform,Medium,6,7,2,14,20,4.5,21.6,Basic,Medium,10696.03,413731.56,Medium
project_00063,Cloud System,High,8,7,2,14,24,5.3,33.9,Intermediate,High,25377.42,1315932.45,High
project_00064,E-commerce,Low,5,3,2,6,12,3.6,14.4,Basic,Low,2548.2,77610.93,Low
project_00065,Cloud System,Medium,5,7,2,14,21,4.3,17.2,Basic,Medium,8804.59,365140.6,Medium
project_00066,FinTech,High,9,7,2,14,29,6.0,43.2,Advanced,High,33643.5,1822871.87,High
project_00067,E-commerce,Low,5,4,2,8,13,3.7,14.8,Basic,Medium,3769.85,117921.98,Low
project_00068,IoT,Medium,5,7,2,14,18,4.3,17.2,Basic,Low,7833.33,358122.12,Medium
project_00069,Cloud System,High,9,6,2,12,20,5.6,40.3,Advanced,High,28041.69,1615895.45,High
project_00070,FinTech,Low,3,2,2,4,11,2.1,5.0,Basic,Low,1045.6,44059.83,Low
project_00071,Cloud System,Medium,8,4,2,8,17,4.6,29.4,Basic,High,9525.01,364030.26,High
project_00072,E-commerce,High,9,6,2,12,27,5.2,37.4,Advanced,High,28092.68,1474758.11,High
project_00073,SaaS,Low,4,4,2,8,10,3.0,9.6,Basic,Low,2717.68,110751.99,Low
project_00074,EdTech,Medium,8,6,2,12,19,5.7,36.5,Intermediate,Medium,15016.12,662228.36,Medium
project_00075,EdTech,High,9,10,2,20,22,6.5,46.8,Intermediate,Medium,34421.15,1888687.1,High
project_00076,IoT,Low,5,3,2,6,14,3.2,12.8,Basic,Medium,2883.07,115074.31,Low
project_00077,EdTech,Medium,7,7,2,14,19,4.3,24.1,Intermediate,High,17551.06,844263.83,High
project_00078,IoT,High,11,8,2,16,26,7.1,62.5,Advanced,High,47205.59,2489475.17,High
project_00079,Healthcare,Low,4,3,2,6,11,2.7,8.6,Basic,Low,1982.27,63081.85,Low
project_00080,EdTech,Medium,8,6,2,12,22,5.4,34.6,Intermediate,High,17648.47,688017.5,High
project_00081,AI Platform,High,12,9,2,18,26,7.9,75.8,Advanced,Medium,51566.27,2721189.42,High
project_00082,E-commerce,Low,4,3,2,6,10,3.2,10.2,Basic,Medium,2334.99,86285.45,Low
project_00083,Healthcare,Medium,6,5,2,10,16,4.8,23.0,Intermediate,Medium,9129.53,435604.49,Medium
project_00084,Cloud System,High,12,12,2,24,30,5.0,48.0,Advanced,High,76094.59,4028041.19,High
project_00085,E-commerce,Low,5,2,2,4,12,3.9,15.6,Basic,Low,1820.42,59422.52,Low
project_00086,AI Platform,Medium,6,7,2,14,17,4.3,20.6,Basic,Medium,10081.6,449860.88,Medium
project_00087,FinTech,High,10,9,2,18,27,6.3,50.4,Advanced,High,45142.29,2617749.77,High
project_00088,EdTech,Low,5,3,2,6,13,2.9,11.6,Basic,Low,2433.44,100481.18,Low
project_00089,Healthcare,Medium,6,7,2,14,20,5.4,25.9,Intermediate,High,15223.22,685666.88,High
project_00090,FinTech,High,8,6,2,12,23,6.6,42.2,Advanced,High,24740.05,1333458.95,High
project_00091,SaaS,Low,4,4,2,8,13,3.1,9.9,Basic,Medium,3047.38,100547.96,Low
project_00092,SaaS,Medium,6,6,2,12,16,5.2,25.0,Intermediate,High,12724.31,643588.33,High
project_00093,EdTech,High,12,7,2,14,27,7.8,74.9,Advanced,Medium,38522.74,1965214.05,High
project_00094,EdTech,Low,3,2,2,4,14,2.7,6.5,Basic,Low,1064.36,36248.19,Low
project_00095,Healthcare,Medium,7,6,2,12,19,4.4,24.6,Intermediate,Medium,13695.16,550295.51,Medium
project_00096,Healthcare,High,11,11,2,22,25,5.8,51.0,Advanced,High,63601.84,3374947.1,High
project_00097,Healthcare,Low,3,2,2,4,13,3.1,7.4,Basic,Low,1123.89,44376.84,Low
project_00098,IoT,Medium,7,6,2,12,22,5.1,28.6,Basic,High,11991.14,503196.03,High
project_00099,Cloud System,High,9,8,2,16,20,5.5,39.6,Advanced,Medium,31266.06,1649624.66,High
project_00100,E-commerce,Low,5,4,2,8,14,2.2,8.8,Basic,Low,3223.08,125601.0,Low
project_00101,AI Platform,Medium,8,5,2,10,15,5.4,34.6,Intermediate,Medium,11906.64,541509.95,Medium
project_00102,Cloud System,High,12,7,2,14,29,5.8,55.7,Advanced,High,41898.67,2360595.3,High
project_00103,Healthcare,Low,3,2,2,4,14,2.8,6.7,Basic,Low,1120.59,41255.44,Low
project_00104,AI Platform,Medium,6,5,2,10,19,4.7,22.6,Intermediate,Medium,9870.85,388689.66,Medium
project_00105,IoT,High,11,12,2,24,29,6.7,59.0,Intermediate,Medium,51101.93,2603560.65,High
project_00106,Cloud System,Low,3,3,2,6,11,3.5,8.4,Basic,Low,1597.71,49836.09,Low
project_00107,Healthcare,Medium,7,7,2,14,16,4.4,24.6,Intermediate,High,17495.49,745354.39,High
project_00108,EdTech,High,9,10,2,20,28,7.1,51.1,Intermediate,Medium,35181.3,1834586.9,High
project_00109,Cloud System,Low,5,3,2,6,15,2.6,10.4,Basic,Low,2537.48,102111.38,Low
project_00110,FinTech,Medium,8,7,2,14,20,4.9,31.4,Basic,High,16117.07,702827.98,High
project_00111,Cloud System,High,9,7,2,14,29,7.0,50.4,Advanced,High,34038.2,1743273.1,High
project_00112,SaaS,Low,5,4,2,8,14,2.7,10.8,Basic,Low,3349.99,123898.02,Low
project_00113,E-commerce,Medium,6,5,2,10,20,5.7,27.4,Intermediate,High,11416.44,552987.61,High
project_00114,E-commerce,High,9,6,2,12,27,6.5,46.8,Advanced,High,28439.72,1487159.84,High
project_00115,E-commerce,Low,3,2,2,4,13,3.8,9.1,Basic,Low,1105.95,35689.82,Low
project_00116,E-commerce,Medium,5,7,2,14,16,4.7,18.8,Intermediate,Medium,10787.54,472553.86,Medium
project_00117,Healthcare,High,11,7,2,14,24,7.9,69.5,Intermediate,High,34776.71,1769294.1,High
project_00118,FinTech,Low,4,2,2,4,11,3.1,9.9,Basic,Low,1367.43,57094.86,Low
project_00119,EdTech,Medium,7,7,2,14,20,4.1,23.0,Basic,High,13250.31,647299.9,High
project_00120,E-commerce,High,10,9,2,18,21,5.4,43.2,Intermediate,High,38737.88,1966034.07,High
project_00121,IoT,Low,3,3,2,6,13,2.8,6.7,Basic,Low,1614.6,59934.49,Low
project_00122,EdTech,Medium,5,4,2,8,16,4.1,16.4,Intermediate,Medium,6515.83,324792.25,Medium
project_00123,Healthcare,High,9,10,2,20,26,5.7,41.0,Advanced,Medium,41697.12,2317660.0,High
project_00124,EdTech,Low,3,2,2,4,11,2.1,5.0,Basic,Medium,1144.76,38587.48,Low
project_00125,FinTech,Medium,5,5,2,10,15,5.8,23.2,Basic,High,7583.31,323584.24,High
project_00126,Cloud System,High,8,6,2,12,20,5.5,35.2,Intermediate,High,21744.36,1173247.5,High
project_00127,EdTech,Low,4,3,2,6,12,3.2,10.2,Basic,Low,2123.45,65787.37,Low
project_00128,Cloud System,Medium,6,7,2,14,20,4.3,20.6,Intermediate,Medium,13736.13,589289.09,Medium
project_00129,IoT,High,11,12,2,24,21,6.4,56.3,Intermediate,Medium,46739.94,2794505.85,High
project_00130,Cloud System,Low,5,2,2,4,12,2.7,10.8,Basic,Medium,1820.18,69125.51,Low
project_00131,Healthcare,Medium,6,7,2,14,16,4.2,20.2,Basic,Medium,9939.31,497335.44,Medium
project_00132,SaaS,High,9,12,2,24,24,5.7,41.0,Advanced,High,52656.23,3135444.66,High
project_00133,Cloud System,Low,3,2,2,4,15,3.1,7.4,Basic,Low,1159.47,33694.83,Low
project_00134,Healthcare,Medium,6,7,2,14,21,5.6,26.9,Intermediate,Medium,13974.98,636536.23,Medium
project_00135,EdTech,High,8,6,2,12,24,6.5,41.6,Intermediate,High,21582.3,1238119.8,High
project_00136,FinTech,Low,5,2,2,4,11,3.6,14.4,Basic,Medium,1998.34,70071.67,Low
project_00137,IoT,Medium,5,4,2,8,15,5.5,22.0,Intermediate,Low,5678.57,253965.65,Medium
project_00138,E-commerce,High,8,7,2,14,28,7.6,48.6,Advanced,High,29397.65,1759589.68,High
project_00139,Cloud System,Low,4,4,2,8,14,3.2,10.2,Basic,Medium,2969.76,120794.46,Low
project_00140,E-commerce,Medium,5,7,2,14,16,4.8,19.2,Intermediate,High,11882.31,535677.33,High
project_00141,Healthcare,High,11,8,2,16,25,6.2,54.6,Intermediate,High,36892.7,1950135.95,High
project_00142,AI Platform,Low,4,2,2,4,14,3.6,11.5,Basic,Low,1458.98,48626.46,Low
project_00143,SaaS,Medium,8,7,2,14,20,5.7,36.5,Basic,Medium,13656.87,663170.08,Medium
project_00144,SaaS,High,11,6,2,12,23,6.8,59.8,Advanced,High,35426.42,2080033.66,High
project_00145,EdTech,Low,3,3,2,6,15,2.6,6.2,Basic,Medium,1673.77,61992.17,Low
project_00146,AI Platform,Medium,8,7,2,14,17,4.5,28.8,Intermediate,Medium,16681.71,818461.04,Medium
project_00147,EdTech,High,12,7,2,14,24,7.2,69.1,Intermediate,High,37497.5,1798377.12,High
project_00148,SaaS,Low,5,3,2,6,13,2.6,10.4,Basic,Low,2601.51,89431.18,Low
project_00149,AI Platform,Medium,5,5,2,10,19,4.4,17.6,Basic,Medium,6541.59,285269.83,Medium
project_00150,IoT,High,8,9,2,18,24,5.5,35.2,Advanced,Medium,31843.63,1628401.17,High
project_00151,SaaS,Low,3,4,2,8,13,2.6,6.2,Basic,Low,2140.96,73077.93,Low
project_00152,SaaS,Medium,5,7,2,14,15,4.0,16.0,Basic,Low,7865.96,335208.11,Medium
project_00153,IoT,High,8,8,2,16,20,5.3,33.9,Advanced,High,34141.9,2019506.71,High
project_00154,EdTech,Low,4,4,2,8,15,2.2,7.0,Basic,Low,2611.1,85126.06,Low
project_00155,Cloud System,Medium,5,4,2,8,16,5.6,22.4,Basic,Low,4620.36,194280.71,Medium
project_00156,FinTech,High,8,11,2,22,28,7.8,49.9,Intermediate,High,40410.26,1980197.65,High
project_00157,AI Platform,Low,3,2,2,4,15,3.9,9.4,Basic,Low,1222.28,39193.16,Low
project_00158,Cloud System,Medium,8,7,2,14,22,5.5,35.2,Intermediate,Medium,16876.76,741862.04,Medium
project_00159,Cloud System,High,11,11,2,22,27,5.4,47.5,Advanced,High,62469.1,3178878.41,High
project_00160,Healthcare,Low,3,3,2,6,13,3.4,8.2,Basic,Low,1588.55,55675.68,Low
project_00161,FinTech,Medium,7,8,2,16,21,4.9,27.4,Intermediate,Medium,16773.89,835396.35,Medium
project_00162,EdTech,High,11,10,2,20,25,5.0,44.0,Advanced,Medium,46823.48,2775881.36,High
project_00163,SaaS,Low,5,4,2,8,13,2.3,9.2,Basic,Low,3341.41,123707.81,Low
project_00164,SaaS,Medium,8,8,2,16,22,4.6,29.4,Intermediate,Medium,20510.46,882864.86,Medium
project_00165,E-commerce,High,10,12,2,24,26,6.2,49.6,Advanced,High,62006.19,3264178.37,High
project_00166,E-commerce,Low,4,3,2,6,11,4.0,12.8,Basic,Medium,2371.37,88686.54,Low
project_00167,E-commerce,Medium,5,6,2,12,15,5.1,20.4,Basic,Medium,7681.99,350585.44,Medium
project_00168,FinTech,High,9,7,2,14,28,6.1,43.9,Advanced,High,34886.93,1816943.66,High
project_00169,AI Platform,Low,4,3,2,6,13,2.9,9.3,Basic,Low,2032.91,77856.95,Low
project_00170,SaaS,Medium,7,6,2,12,21,5.9,33.0,Intermediate,Low,12191.72,558746.6,Medium
project_00171,IoT,High,8,10,2,20,26,5.6,35.8,Intermediate,High,34334.29,1997418.86,High
project_00172,EdTech,Low,5,3,2,6,14,3.8,15.2,Basic,Low,2492.37,86773.88,Low
project_00173,Cloud System,Medium,6,6,2,12,18,5.0,24.0,Intermediate,Low,10528.36,431164.65,Medium
project_00174,Cloud System,High,8,12,2,24,30,7.4,47.4,Advanced,High,52262.91,2842051.71,High
project_00175,AI Platform,Low,5,4,2,8,13,3.4,13.6,Basic,Medium,3593.88,119417.76,Low
project_00176,Cloud System,Medium,7,5,2,10,19,4.6,25.8,Basic,High,9827.56,444434.14,High
project_00177,SaaS,High,12,9,2,18,30,5.6,53.8,Advanced,Medium,48188.04,2872951.15,High
project_00178,EdTech,Low,3,3,2,6,10,3.8,9.1,Basic,Low,1620.09,58946.25,Low
project_00179,Healthcare,Medium,5,8,2,16,20,5.6,22.4,Intermediate,Medium,12581.9,614657.98,Medium
project_00180,E-commerce,High,8,8,2,16,20,7.0,44.8,Intermediate,Medium,25217.45,1260966.51,High
project_00181,Cloud System,Low,4,4,2,8,14,3.6,11.5,Basic,Low,2880.76,98743.94,Low
project_00182,EdTech,Medium,7,7,2,14,16,5.3,29.7,Intermediate,High,17583.89,731972.65,High
project_00183,Cloud System,High,10,7,2,14,24,7.5,60.0,Advanced,High,37251.68,1940707.65,High
project_00184,Cloud System,Low,4,2,2,4,11,2.4,7.7,Basic,Medium,1547.21,48035.84,Low
project_00185,Healthcare,Medium,8,7,2,14,19,5.3,33.9,Intermediate,Medium,16713.41,670853.64,Medium
project_00186,EdTech,High,9,6,2,12,28,5.8,41.8,Intermediate,Medium,21088.74,1243120.76,High
project_00187,AI Platform,Low,4,3,2,6,10,3.9,12.5,Basic,Low,1998.07,61397.66,Low
project_00188,E-commerce,Medium,6,6,2,12,21,4.4,21.1,Intermediate,High,12448.09,550449.13,High
project_00189,Healthcare,High,11,6,2,12,29,5.6,49.3,Advanced,Medium,31136.41,1787393.62,High
project_00190,Healthcare,Low,4,2,2,4,11,3.5,11.2,Basic,Low,1418.99,45333.65,Low
project_00191,FinTech,Medium,7,7,2,14,21,4.3,24.1,Basic,Low,10899.04,434610.81,Medium
project_00192,E-commerce,High,11,9,2,18,28,5.9,51.9,Advanced,Medium,44591.34,2242901.84,High
project_00193,Healthcare,Low,5,4,2,8,12,2.6,10.4,Basic,Low,3225.72,135576.16,Low
project_00194,Healthcare,Medium,6,7,2,14,21,5.1,24.5,Intermediate,High,14636.74,660221.42,High
project_00195,SaaS,High,9,8,2,16,20,6.6,47.5,Advanced,Medium,33417.71,1960704.46,High
project_00196,Healthcare,Low,4,3,2,6,10,2.2,7.0,Basic,Low,2037.01,72122.03,Low
project_00197,SaaS,Medium,5,8,2,16,21,4.3,17.2,Basic,Low,9023.0,380135.62,Medium
project_00198,IoT,High,10,7,2,14,21,6.0,48.0,Intermediate,Medium,26162.08,1530592.37,High
project_00199,AI Platform,Low,3,4,2,8,10,3.3,7.9,Basic,Low,2071.27,68905.74,Low
project_00200,FinTech,Medium,5,7,2,14,21,5.4,21.6,Intermediate,Medium,11239.1,564336.95,Medium
project_00201,E-commerce,High,12,12,2,24,27,5.1,49.0,Advanced,Medium,61069.11,3762554.42,High
project_00202,FinTech,Low,4,4,2,8,10,3.0,9.6,Basic,Low,2796.33,85801.28,Low
project_00203,Cloud System,Medium,7,4,2,8,15,5.5,30.8,Basic,Low,6237.2,266426.46,Medium
project_00204,IoT,High,8,12,2,24,25,7.4,47.4,Advanced,Medium,45445.37,2315591.06,High
project_00205,IoT,Low,4,4,2,8,15,2.0,6.4,Basic,Low,2775.75,107100.3,Low
project_00206,FinTech,Medium,8,7,2,14,19,5.7,36.5,Intermediate,High,20214.2,958399.63,High
project_00207,E-commerce,High,8,7,2,14,25,7.5,48.0,Advanced,High,29544.92,1759483.07,High
project_00208,EdTech,Low,5,3,2,6,12,3.3,13.2,Basic,Low,2467.26,75113.33,Low
project_00209,AI Platform,Medium,7,7,2,14,15,4.3,24.1,Intermediate,Medium,14570.2,705720.43,Medium
project_00210,IoT,High,11,9,2,18,29,7.2,63.4,Advanced,High,50985.55,2555811.98,High
project_00211,Cloud System,Low,4,2,2,4,12,2.8,9.0,Basic,Low,1428.75,49281.44,Low
project_00212,IoT,Medium,7,7,2,14,22,5.7,31.9,Basic,Medium,11895.18,594766.41,Medium
project_00213,SaaS,High,8,8,2,16,28,7.5,48.0,Intermediate,High,29582.17,1644589.78,High
project_00214,IoT,Low,5,3,2,6,10,2.9,11.6,Basic,Low,2553.39,79749.21,Low
project_00215,IoT,Medium,5,5,2,10,19,5.0,20.0,Basic,Medium,6366.4,285506.68,Medium
project_00216,SaaS,High,10,9,2,18,27,7.2,57.6,Advanced,High,45798.42,2648323.73,High
project_00217,FinTech,Low,4,3,2,6,12,2.1,6.7,Basic,Low,1928.04,59616.82,Low
project_00218,SaaS,Medium,7,8,2,16,19,4.3,24.1,Intermediate,Medium,16616.61,850376.85,Medium
project_00219,Cloud System,High,8,6,2,12,20,5.8,37.1,Advanced,Medium,21279.39,1157776.92,High
project_00220,Healthcare,Low,4,2,2,4,15,2.0,6.4,Basic,Low,1422.05,51699.68,Low
project_00221,EdTech,Medium,7,8,2,16,21,5.0,28.0,Basic,Medium,14234.64,596442.68,Medium
project_00222,Cloud System,High,11,7,2,14,30,6.7,59.0,Intermediate,Medium,29589.03,1530480.09,High
project_00223,SaaS,Low,4,4,2,8,10,3.1,9.9,Basic,Low,2801.27,100824.82,Low
project_00224,Healthcare,Medium,5,7,2,14,18,5.3,21.2,Intermediate,High,13058.84,568580.82,High
project_00225,E-commerce,High,9,9,2,18,22,5.8,41.8,Advanced,High,43301.11,2451045.12,High
project_00226,E-commerce,Low,4,3,2,6,14,2.8,9.0,Basic,Low,2150.44,62806.75,Low
project_00227,SaaS,Medium,6,7,2,14,22,5.5,26.4,Basic,Medium,10463.33,534611.02,Medium
project_00228,E-commerce,High,9,6,2,12,30,5.1,36.7,Advanced,High,28852.05,1600656.38,High
project_00229,E-commerce,Low,5,3,2,6,15,3.0,12.0,Basic,Low,2501.32,86220.95,Low
project_00230,IoT,Medium,8,8,2,16,17,5.2,33.3,Intermediate,Medium,20404.55,916847.25,Medium
project_00231,FinTech,High,12,12,2,24,28,5.3,50.9,Intermediate,High,61990.0,3392027.97,High
project_00232,IoT,Low,5,3,2,6,14,2.3,9.2,Basic,Low,2430.08,85041.61,Low
project_00233,EdTech,Medium,6,8,2,16,21,5.7,27.4,Basic,Medium,11693.5,532994.23,Medium
project_00234,IoT,High,8,7,2,14,27,7.9,50.6,Advanced,Medium,26444.17,1375543.74,High
project_00235,FinTech,Low,4,3,2,6,13,2.4,7.7,Basic,Medium,2139.88,75596.96,Low
project_00236,SaaS,Medium,7,7,2,14,15,4.6,25.8,Intermediate,Medium,15772.28,622336.41,Medium
project_00237,EdTech,High,8,7,2,14,26,6.8,43.5,Advanced,High,30107.2,1665840.45,High
project_00238,FinTech,Low,3,3,2,6,14,3.4,8.2,Basic,Medium,1770.35,71617.45,Low
project_00239,EdTech,Medium,7,6,2,12,21,5.2,29.1,Intermediate,Medium,13156.3,599289.04,Medium
project_00240,AI Platform,High,12,6,2,12,29,7.5,72.0,Intermediate,High,32618.08,1926760.02,High
project_00241,FinTech,Low,5,4,2,8,11,3.7,14.8,Basic,Low,3475.14,99723.85,Low
project_00242,E-commerce,Medium,7,8,2,16,18,5.4,30.2,Intermediate,Medium,17947.42,839877.59,Medium
project_00243,SaaS,High,9,7,2,14,24,5.8,41.8,Advanced,High,32430.94,1652935.02,High
project_00244,FinTech,Low,4,4,2,8,11,3.5,11.2,Basic,Low,2702.18,104167.61,Low
project_00245,AI Platform,Medium,5,4,2,8,19,5.6,22.4,Basic,Medium,5203.84,228075.2,Medium
project_00246,E-commerce,High,9,10,2,20,22,7.3,52.6,Advanced,High,48041.69,2512505.23,High
project_00247,SaaS,Low,4,3,2,6,15,3.3,10.6,Basic,Medium,2424.9,88716.69,Low
project_00248,IoT,Medium,5,7,2,14,20,4.6,18.4,Basic,Low,7683.46,359433.45,Medium
project_00249,EdTech,High,8,8,2,16,29,6.4,41.0,Advanced,High,34922.4,1909030.88,High
project_00250,Cloud System,Low,5,3,2,6,10,2.3,9.2,Basic,Medium,2700.53,86212.16,Low
project_00251,IoT,Medium,6,7,2,14,22,5.5,26.4,Intermediate,High,15763.27,625376.76,High
project_00252,Cloud System,High,11,7,2,14,30,6.8,59.8,Intermediate,Medium,29802.94,1710818.05,High
project_00253,FinTech,Low,5,3,2,6,10,2.4,9.6,Basic,Low,2549.37,87226.29,Low
project_00254,AI Platform,Medium,6,8,2,16,20,5.0,24.0,Intermediate,High,17675.7,790835.76,High
project_00255,E-commerce,High,12,8,2,16,28,5.8,55.7,Advanced,Medium,45405.71,2600432.37,High
project_00256,E-commerce,Low,4,4,2,8,13,3.0,9.6,Basic,Low,2697.54,81634.02,Low
project_00257,SaaS,Medium,7,5,2,10,19,4.7,26.3,Intermediate,Medium,10975.45,486812.77,Medium
project_00258,IoT,High,8,6,2,12,20,6.9,44.2,Advanced,High,26546.58,1314287.13,High
project_00259,E-commerce,Low,5,3,2,6,10,3.1,12.4,Basic,Low,2618.17,98216.71,Low
project_00260,AI Platform,Medium,8,8,2,16,21,5.8,37.1,Intermediate,Medium,20565.93,759377.34,Medium
project_00261,Cloud System,High,11,9,2,18,23,5.6,49.3,Advanced,High,48538.77,2846483.86,High
project_00262,E-commerce,Low,3,4,2,8,11,3.7,8.9,Basic,Medium,2318.01,77886.04,Low
project_00263,FinTech,Medium,6,4,2,8,15,4.7,22.6,Basic,Low,5323.37,257481.8,Medium
project_00264,SaaS,High,9,8,2,16,26,6.1,43.9,Intermediate,High,32434.65,1842103.83,High
project_00265,Cloud System,Low,4,4,2,8,10,3.9,12.5,Basic,Medium,3083.21,98750.39,Low
project_00266,IoT,Medium,6,6,2,12,15,5.9,28.3,Intermediate,Medium,11373.8,494277.59,Medium
project_00267,SaaS,High,10,6,2,12,30,5.4,43.2,Advanced,High,32112.3,1613096.6,High
project_00268,Healthcare,Low,5,2,2,4,10,3.9,15.6,Basic,Low,1786.31,61396.83,Low
project_00269,AI Platform,Medium,7,5,2,10,19,4.9,27.4,Basic,Medium,9304.46,386034.7,Medium
project_00270,EdTech,High,8,6,2,12,29,7.7,49.3,Advanced,High,25583.79,1527391.32,High
project_00271,FinTech,Low,3,4,2,8,15,3.0,7.2,Basic,Low,2168.52,63426.35,Low
project_00272,Cloud System,Medium,7,8,2,16,19,4.7,26.3,Intermediate,High,19731.32,829253.94,High
project_00273,AI Platform,High,8,8,2,16,27,7.3,46.7,Advanced,High,34481.32,1795480.48,High
project_00274,EdTech,Low,4,2,2,4,13,2.1,6.7,Basic,Low,1447.7,56101.19,Low
project_00275,E-commerce,Medium,5,5,2,10,16,4.6,18.4,Intermediate,Medium,8162.2,371219.64,Medium
project_00276,AI Platform,High,11,6,2,12,22,5.4,47.5,Intermediate,High,29536.76,1600261.14,High
project_00277,Healthcare,Low,3,2,2,4,10,3.7,8.9,Basic,Low,1129.45,32688.34,Low
project_00278,EdTech,Medium,7,7,2,14,15,5.7,31.9,Basic,Medium,11892.45,540165.63,Medium
project_00279,Cloud System,High,12,8,2,16,25,7.9,75.8,Advanced,High,51955.51,2725063.64,High
project_00280,Cloud System,Low,3,4,2,8,15,2.9,7.0,Basic,Medium,2234.16,77319.0,Low
project_00281,Healthcare,Medium,7,6,2,12,18,5.5,30.8,Basic,Medium,10422.43,532461.11,Medium
project_00282,AI Platform,High,8,7,2,14,22,6.9,44.2,Advanced,High,28447.06,1827460.39,High
project_00283,IoT,Low,4,3,2,6,14,3.7,11.8,Basic,Low,2093.62,75687.94,Low
project_00284,Healthcare,Medium,5,4,2,8,17,4.4,17.6,Intermediate,Low,6033.78,237059.89,Medium
project_00285,SaaS,High,9,9,2,18,24,7.5,54.0,Advanced,Medium,37820.49,2156213.98,High
project_00286,E-commerce,Low,4,4,2,8,11,2.3,7.4,Basic,Low,2532.5,85373.4,Low
project_00287,EdTech,Medium,8,7,2,14,15,5.9,37.8,Intermediate,Medium,16961.68,758989.29,Medium
project_00288,Cloud System,High,8,8,2,16,28,7.6,48.6,Advanced,Medium,28931.52,1696554.28,High
project_00289,Cloud System,Low,4,2,2,4,14,2.3,7.4,Basic,Low,1460.61,44241.1,Low
project_00290,Healthcare,Medium,8,7,2,14,15,5.0,32.0,Intermediate,High,19626.76,879340.16,High
project_00291,E-commerce,High,9,7,2,14,29,6.5,46.8,Advanced,High,34796.88,1704466.76,High
project_00292,Cloud System,Low,4,4,2,8,11,3.8,12.2,Basic,Low,2668.66,101838.13,Low
project_00293,FinTech,Medium,7,7,2,14,18,4.2,23.5,Intermediate,Low,14333.94,648745.07,Medium
project_00294,IoT,High,12,11,2,22,27,7.4,71.0,Advanced,High,66890.51,3456257.1,High
project_00295,FinTech,Low,5,2,2,4,15,3.4,13.6,Basic,Low,1772.52,65062.7,Low
project_00296,Healthcare,Medium,8,6,2,12,21,4.0,25.6,Intermediate,Medium,14693.58,633570.3,Medium
project_00297,E-commerce,High,12,9,2,18,21,6.5,62.4,Advanced,High,54532.5,3275447.01,High
project_00298,AI Platform,Low,5,4,2,8,10,2.8,11.2,Basic,Low,3330.97,107752.95,Low
project_00299,FinTech,Medium,7,5,2,10,21,4.0,22.4,Basic,Low,8146.55,332399.85,Medium
project_00300,IoT,High,9,7,2,14,29,6.6,47.5,Advanced,Medium,28142.07,1534567.7,High
project_00301,AI Platform,Low,3,3,2,6,14,3.0,7.2,Basic,Low,1668.48,60721.52,Low
project_00302,Cloud System,Medium,5,7,2,14,21,4.8,19.2,Basic,Medium,8791.14,383965.62,Medium
project_00303,Healthcare,High,9,12,2,24,26,5.7,41.0,Advanced,High,53488.87,2776410.59,High
project_00304,Cloud System,Low,5,2,2,4,13,3.1,12.4,Basic,Low,1759.61,60880.55,Low
project_00305,IoT,Medium,7,5,2,10,18,4.8,26.9,Basic,Low,7699.29,324457.02,Medium
project_00306,Healthcare,High,9,7,2,14,30,6.8,49.0,Intermediate,Medium,23820.24,1447507.7,High
project_00307,AI Platform,Low,4,3,2,6,15,3.7,11.8,Basic,Low,2110.89,77171.04,Low
project_00308,IoT,Medium,7,7,2,14,19,4.3,24.1,Basic,Low,10777.95,494778.28,Medium
project_00309,SaaS,High,12,12,2,24,23,5.7,54.7,Intermediate,High,59707.97,3334214.19,High
project_00310,FinTech,Low,4,2,2,4,14,2.7,8.6,Basic,Low,1374.05,52843.55,Low
project_00311,FinTech,Medium,5,7,2,14,19,4.3,17.2,Intermediate,Low,9725.23,439980.56,Medium
project_00312,E-commerce,High,10,7,2,14,26,5.6,44.8,Intermediate,Medium,27675.12,1311623.77,High
project_00313,E-commerce,Low,4,4,2,8,14,3.1,9.9,Basic,Medium,2993.86,117591.79,Low
project_00314,E-commerce,Medium,8,8,2,16,18,5.1,32.6,Intermediate,Medium,20389.06,981155.51,Medium
project_00315,Cloud System,High,12,6,2,12,27,7.0,67.2,Advanced,Medium,32057.92,1732208.2,High
project_00316,Cloud System,Low,5,4,2,8,15,3.5,14.0,Basic,Low,3250.58,127754.44,Low
project_00317,AI Platform,Medium,7,4,2,8,17,5.2,29.1,Intermediate,Low,7974.41,356938.16,Medium
project_00318,EdTech,High,11,6,2,12,30,6.6,58.1,Advanced,High,36090.49,1971512.74,High
project_00319,SaaS,Low,4,4,2,8,11,3.7,11.8,Basic,Low,2682.82,90544.45,Low
project_00320,SaaS,Medium,8,7,2,14,19,4.3,27.5,Basic,High,14914.77,748241.65,High
project_00321,SaaS,High,12,7,2,14,30,6.2,59.5,Advanced,High,42109.32,2434718.24,High
project_00322,EdTech,Low,4,3,2,6,10,2.2,7.0,Basic,Medium,2225.52,67763.62,Low
project_00323,EdTech,Medium,7,6,2,12,21,4.3,24.1,Basic,Medium,9997.82,464536.42,Medium
project_00324,Cloud System,High,11,11,2,22,29,7.1,62.5,Intermediate,Medium,45970.25,2458988.95,High
project_00325,AI Platform,Low,4,4,2,8,10,3.6,11.5,Basic,Medium,3049.51,105841.22,Low
project_00326,AI Platform,Medium,5,6,2,12,19,5.1,20.4,Intermediate,High,10653.49,481798.55,High
project_00327,Cloud System,High,11,7,2,14,28,5.6,49.3,Advanced,Medium,33712.49,1903416.17,High
project_00328,Healthcare,Low,4,2,2,4,14,3.4,10.9,Basic,Medium,1695.45,50543.61,Low
project_00329,EdTech,Medium,8,5,2,10,17,4.8,30.7,Intermediate,Medium,12369.32,480867.43,Medium
project_00330,EdTech,High,11,8,2,16,29,7.4,65.1,Intermediate,Medium,34242.92,1773494.9,High
project_00331,AI Platform,Low,5,2,2,4,10,3.9,15.6,Basic,Low,1728.0,54581.11,Low
project_00332,FinTech,Medium,8,4,2,8,18,4.5,28.8,Intermediate,Low,9340.19,370571.0,Medium
project_00333,Healthcare,High,10,6,2,12,28,7.7,61.6,Advanced,High,33523.05,1959839.07,High
project_00334,IoT,Low,5,3,2,6,12,2.8,11.2,Basic,Low,2462.58,100050.66,Low
project_00335,Healthcare,Medium,8,8,2,16,18,4.2,26.9,Intermediate,Medium,19246.12,986361.2,Medium
project_00336,IoT,High,9,10,2,20,22,6.0,43.2,Advanced,Medium,40609.35,2364484.82,High
project_00337,AI Platform,Low,4,2,2,4,11,2.4,7.7,Basic,Low,1391.86,52879.13,Low
project_00338,FinTech,Medium,5,7,2,14,17,4.2,16.8,Basic,Medium,9154.12,382031.82,Medium
project_00339,E-commerce,High,11,10,2,20,22,5.3,46.6,Intermediate,Medium,40370.47,2178414.61,High
project_00340,SaaS,Low,5,3,2,6,15,3.2,12.8,Basic,Medium,2893.19,101245.0,Low
project_00341,AI Platform,Medium,6,7,2,14,15,5.6,26.9,Intermediate,Medium,12443.67,621979.17,Medium
project_00342,FinTech,High,12,11,2,22,29,7.5,72.0,Advanced,Medium,58039.22,3673738.14,High
project_00343,E-commerce,Low,3,3,2,6,11,2.8,6.7,Basic,Low,1555.96,51079.78,Low
project_00344,Healthcare,Medium,8,8,2,16,15,5.2,33.3,Basic,High,17558.97,694551.84,High
project_00345,SaaS,High,12,6,2,12,21,7.4,71.0,Advanced,High,39187.96,1794489.75,High
project_00346,IoT,Low,3,4,2,8,10,2.3,5.5,Basic,Medium,2258.28,91888.72,Low
project_00347,FinTech,Medium,6,8,2,16,22,4.7,22.6,Intermediate,Medium,14879.56,730937.25,Medium
project_00348,FinTech,High,9,10,2,20,29,7.7,55.4,Intermediate,High,38131.37,2048628.5,High
project_00349,EdTech,Low,3,2,2,4,10,3.6,8.6,Basic,Low,1089.02,35400.48,Low
project_00350,IoT,Medium,5,4,2,8,18,4.0,16.0,Intermediate,Medium,6568.75,328744.17,Medium
project_00351,EdTech,High,9,6,2,12,30,7.8,56.2,Advanced,High,30100.3,1547196.83,High
project_00352,Healthcare,Low,5,4,2,8,15,2.0,8.0,Basic,Low,3342.86,121451.21,Low
project_00353,Healthcare,Medium,8,7,2,14,15,4.8,30.7,Basic,Medium,13775.92,697150.11,Medium
project_00354,E-commerce,High,12,6,2,12,21,7.4,71.0,Advanced,Medium,31490.81,1734111.01,High
project_00355,EdTech,Low,3,2,2,4,14,2.9,7.0,Basic,Low,1125.56,39066.25,Low
project_00356,E-commerce,Medium,5,4,2,8,15,4.9,19.6,Intermediate,High,7187.61,289367.86,High
project_00357,IoT,High,11,10,2,20,28,7.2,63.4,Intermediate,High,49615.3,2705054.23,High
project_00358,SaaS,Low,5,4,2,8,10,3.6,14.4,Basic,Low,3487.15,138007.25,Low
project_00359,IoT,Medium,5,6,2,12,21,4.2,16.8,Intermediate,Low,8704.83,429027.95,Medium
project_00360,SaaS,High,12,9,2,18,26,6.6,63.4,Advanced,High,55190.62,3221874.68,High
project_00361,Cloud System,Low,5,3,2,6,10,2.7,10.8,Basic,Low,2446.43,76768.01,Low
project_00362,FinTech,Medium,7,8,2,16,15,5.1,28.6,Intermediate,Low,15576.53,764805.01,Medium
project_00363,FinTech,High,12,11,2,22,22,5.2,49.9,Advanced,High,65062.75,4173369.5,High
project_00364,E-commerce,Low,4,3,2,6,12,2.3,7.4,Basic,Low,2104.55,67235.53,Low
project_00365,IoT,Medium,6,5,2,10,16,4.3,20.6,Intermediate,Medium,9701.76,464224.49,Medium
project_00366,Cloud System,High,9,11,2,22,26,7.4,53.3,Intermediate,High,41006.59,2546141.47,High
project_00367,EdTech,Low,3,4,2,8,12,3.3,7.9,Basic,Medium,2283.79,81541.93,Low
project_00368,E-commerce,Medium,5,8,2,16,16,5.4,21.6,Intermediate,High,13925.36,662413.43,High
project_00369,IoT,High,12,10,2,20,28,7.3,70.1,Advanced,High,64983.86,3076061.69,High
project_00370,E-commerce,Low,3,4,2,8,15,3.2,7.7,Basic,Medium,2364.26,93015.54,Low
project_00371,AI Platform,Medium,7,6,2,12,21,4.9,27.4,Basic,Medium,10790.62,422958.8,Medium
project_00372,IoT,High,12,10,2,20,28,7.7,73.9,Advanced,Medium,57323.6,3037009.45,High
project_00373,IoT,Low,3,3,2,6,12,2.4,5.8,Basic,Low,1551.71,56104.84,Low
project_00374,AI Platform,Medium,8,6,2,12,15,4.9,31.4,Basic,Medium,12273.03,531547.46,Medium
project_00375,Healthcare,High,10,7,2,14,26,5.2,41.6,Intermediate,High,31622.3,1682050.85,High
project_00376,FinTech,Low,3,3,2,6,12,2.4,5.8,Basic,Medium,1668.98,58996.33,Low
project_00377,AI Platform,Medium,5,7,2,14,22,5.9,23.6,Intermediate,Low,10273.47,446216.57,Medium
project_00378,FinTech,High,11,8,2,16,29,6.1,53.7,Intermediate,Medium,33273.19,1784514.56,High
project_00379,EdTech,Low,5,3,2,6,14,3.2,12.8,Basic,Low,2542.88,104787.39,Low
project_00380,AI Platform,Medium,6,4,2,8,15,4.8,23.0,Intermediate,High,9009.22,407497.96,High
project_00381,AI Platform,High,9,6,2,12,30,7.3,52.6,Advanced,High,29470.85,1696202.39,High
project_00382,Healthcare,Low,5,4,2,8,13,3.4,13.6,Basic,Medium,3563.84,120109.94,Low
project_00383,AI Platform,Medium,7,4,2,8,16,6.0,33.6,Basic,Medium,7206.26,324086.18,Medium
project_00384,EdTech,High,8,8,2,16,22,5.7,36.5,Intermediate,Medium,24365.2,1442048.87,High
project_00385,EdTech,Low,3,2,2,4,12,2.5,6.0,Basic,Medium,1161.38,42574.81,Low
project_00386,E-commerce,Medium,8,7,2,14,21,6.0,38.4,Intermediate,Medium,17020.43,786657.67,Medium
project_00387,Healthcare,High,12,10,2,20,30,6.1,58.6,Intermediate,Medium,46599.95,2611527.28,High
project_00388,SaaS,Low,5,2,2,4,12,2.4,9.6,Basic,Low,1684.86,64391.16,Low
project_00389,Cloud System,Medium,8,5,2,10,22,4.5,28.8,Intermediate,Low,11635.25,472839.19,Medium
project_00390,E-commerce,High,8,8,2,16,20,6.9,44.2,Intermediate,High,28700.36,1635740.16,High
project_00391,Cloud System,Low,3,3,2,6,11,3.4,8.2,Basic,Medium,1817.32,59549.68,Low
project_00392,Cloud System,Medium,8,4,2,8,15,5.1,32.6,Intermediate,Low,9054.82,412995.87,Medium
project_00393,E-commerce,High,8,12,2,24,29,5.9,37.8,Intermediate,High,42069.12,2355281.82,High
project_00394,AI Platform,Low,4,3,2,6,14,2.1,6.7,Basic,Low,2070.14,79159.36,Low
project_00395,Healthcare,Medium,6,6,2,12,16,5.9,28.3,Intermediate,Medium,11313.17,565559.83,Medium
project_00396,IoT,High,10,8,2,16,23,5.1,40.8,Advanced,High,41372.69,2311427.54,High
project_00397,EdTech,Low,4,2,2,4,10,3.2,10.2,Basic,Low,1417.16,56620.53,Low
project_00398,IoT,Medium,7,5,2,10,16,5.7,31.9,Intermediate,Medium,11205.87,547569.37,Medium
project_00399,AI Platform,High,12,9,2,18,22,6.8,65.3,Advanced,High,58012.3,3338307.12,High
project_00400,EdTech,Low,5,3,2,6,12,3.7,14.8,Basic,Low,2602.06,88140.63,Low
project_00401,FinTech,Medium,5,5,2,10,18,4.6,18.4,Intermediate,Medium,7804.96,329457.5,Medium
project_00402,FinTech,High,11,12,2,24,25,7.2,63.4,Intermediate,Medium,49650.15,2487747.15,High
project_00403,SaaS,Low,4,2,2,4,14,3.6,11.5,Basic,Low,1513.85,47889.89,Low
project_00404,AI Platform,Medium,5,8,2,16,20,4.8,19.2,Intermediate,Medium,13115.22,606784.98,Medium
project_00405,Healthcare,High,11,6,2,12,22,5.5,48.4,Advanced,High,33312.42,1975395.05,High
project_00406,SaaS,Low,5,4,2,8,11,2.8,11.2,Basic,Medium,3531.22,138766.24,Low
project_00407,Healthcare,Medium,7,7,2,14,18,4.1,23.0,Intermediate,Medium,15349.89,657044.01,Medium
project_00408,FinTech,High,8,12,2,24,22,7.3,46.7,Advanced,High,50313.14,2722484.04,High
project_00409,FinTech,Low,3,4,2,8,11,3.4,8.2,Basic,Low,2003.18,76406.62,Low
project_00410,Healthcare,Medium,5,4,2,8,18,5.8,23.2,Intermediate,High,7774.48,296648.62,High
project_00411,FinTech,High,12,7,2,14,28,6.8,65.3,Advanced,High,45956.12,2471105.85,High
project_00412,SaaS,Low,3,2,2,4,14,2.3,5.5,Basic,Medium,1186.87,41092.86,Low
project_00413,Cloud System,Medium,7,5,2,10,15,4.9,27.4,Intermediate,High,12578.54,511086.82,High
project_00414,E-commerce,High,10,8,2,16,25,5.0,40.0,Advanced,Medium,36262.73,2028853.91,High
project_00415,AI Platform,Low,5,3,2,6,15,2.8,11.2,Basic,Medium,2903.49,108262.33,Low
project_00416,SaaS,Medium,7,5,2,10,15,4.8,26.9,Intermediate,Medium,10993.68,564766.39,Medium
project_00417,EdTech,High,12,9,2,18,25,5.5,52.8,Intermediate,High,43697.64,2481297.98,High
project_00418,Healthcare,Low,4,2,2,4,10,2.7,8.6,Basic,Low,1406.98,48314.07,Low
project_00419,EdTech,Medium,5,6,2,12,18,5.0,20.0,Intermediate,Low,8380.8,357275.91,Medium
project_00420,Healthcare,High,10,9,2,18,30,6.4,51.2,Advanced,High,46909.88,2819040.0,High
project_00421,AI Platform,Low,5,2,2,4,14,3.5,14.0,Basic,Medium,1905.16,59927.3,Low
project_00422,Healthcare,Medium,5,8,2,16,18,5.2,20.8,Intermediate,Low,11907.86,492456.81,Medium
project_00423,SaaS,High,9,11,2,22,25,6.0,43.2,Intermediate,High,42697.88,2343747.0,High
project_00424,AI Platform,Low,3,2,2,4,13,2.6,6.2,Basic,Low,1107.62,44025.21,Low
project_00425,IoT,Medium,7,4,2,8,20,5.9,33.0,Basic,Medium,7388.18,330845.51,Medium
project_00426,AI Platform,High,12,11,2,22,27,5.4,51.8,Advanced,Medium,61381.11,3068054.08,High
project_00427,E-commerce,Low,5,4,2,8,12,2.9,11.6,Basic,Low,3425.34,96065.13,Low
project_00428,FinTech,Medium,7,4,2,8,22,5.7,31.9,Basic,Medium,7223.84,329709.92,Medium
project_00429,E-commerce,High,8,12,2,24,27,5.6,35.8,Advanced,Medium,44675.48,2290390.32,High
project_00430,Cloud System,Low,4,2,2,4,13,3.2,10.2,Basic,Low,1434.93,53813.61,Low
project_00431,SaaS,Medium,8,6,2,12,22,5.1,32.6,Intermediate,High,17084.29,742946.53,High
project_00432,E-commerce,High,9,6,2,12,22,5.6,40.3,Advanced,High,28939.9,1665485.36,High
project_00433,AI Platform,Low,4,4,2,8,10,3.9,12.5,Basic,Medium,3136.97,101192.06,Low
project_00434,SaaS,Medium,5,4,2,8,20,4.4,17.6,Basic,Medium,5026.79,228615.34,Medium
project_00435,Cloud System,High,8,6,2,12,24,5.3,33.9,Advanced,Medium,22427.8,1287803.26,High
project_00436,EdTech,Low,5,3,2,6,12,2.8,11.2,Basic,Low,2485.1,97388.7,Low
project_00437,Cloud System,Medium,6,7,2,14,22,6.0,28.8,Intermediate,High,15600.02,732749.48,High
project_00438,AI Platform,High,9,8,2,16,24,6.7,48.2,Intermediate,Medium,28036.58,1610574.45,High
project_00439,IoT,Low,3,3,2,6,14,3.5,8.4,Basic,Medium,1857.87,60012.45,Low
project_00440,IoT,Medium,6,6,2,12,15,5.4,25.9,Intermediate,Low,10045.91,492899.46,Medium
project_00441,FinTech,High,9,7,2,14,30,6.8,49.0,Advanced,High,32871.19,2016536.6,High
project_00442,FinTech,Low,4,2,2,4,10,3.0,9.6,Basic,Low,1380.96,47204.93,Low
project_00443,Healthcare,Medium,8,7,2,14,20,5.5,35.2,Intermediate,High,19638.33,958988.02,High
project_00444,EdTech,High,11,6,2,12,22,5.9,51.9,Advanced,High,35450.5,1948061.6,High
project_00445,SaaS,Low,3,3,2,6,13,2.9,7.0,Basic,Low,1615.09,47299.79,Low
project_00446,AI Platform,Medium,7,5,2,10,19,4.0,22.4,Basic,Medium,8835.57,401779.66,Medium
project_00447,Cloud System,High,10,11,2,22,27,6.3,50.4,Intermediate,High,45547.42,2473953.57,High
project_00448,Cloud System,Low,3,4,2,8,12,3.6,8.6,Basic,Low,2179.84,79151.04,Low
project_00449,IoT,Medium,5,5,2,10,21,5.4,21.6,Intermediate,High,9698.75,434424.27,High
project_00450,EdTech,High,9,7,2,14,22,5.0,36.0,Intermediate,Medium,22771.12,1318279.64,High
project_00451,FinTech,Low,3,2,2,4,11,2.5,6.0,Basic,Low,1024.55,36249.56,Low
project_00452,Cloud System,Medium,7,5,2,10,21,4.5,25.2,Basic,Medium,9223.86,414242.89,Medium
project_00453,Healthcare,High,12,10,2,20,23,7.1,68.2,Advanced,High,60323.47,3714874.27,High
project_00454,Cloud System,Low,3,4,2,8,14,3.6,8.6,Basic,Low,2061.5,72086.32,Low
project_00455,IoT,Medium,8,5,2,10,22,4.1,26.2,Intermediate,High,14857.97,592832.14,High
project_00456,FinTech,High,11,8,2,16,23,7.1,62.5,Advanced,High,45911.04,2221690.9,High
project_00457,Healthcare,Low,5,4,2,8,13,2.0,8.0,Basic,Low,3302.15,128201.69,Low
project_00458,E-commerce,Medium,7,7,2,14,17,4.4,24.6,Intermediate,Medium,14371.23,641958.74,Medium
project_00459,AI Platform,High,11,8,2,16,26,7.5,66.0,Intermediate,High,39287.94,2229887.78,High
project_00460,SaaS,Low,3,4,2,8,10,3.5,8.4,Basic,Low,2061.46,71031.5,Low
project_00461,Cloud System,Medium,5,6,2,12,21,5.5,22.0,Basic,High,8828.82,411953.08,High
project_00462,SaaS,High,12,11,2,22,20,5.3,50.9,Advanced,High,66108.85,3562534.83,High
project_00463,FinTech,Low,5,4,2,8,10,2.7,10.8,Basic,Low,3398.87,125293.5,Low
project_00464,AI Platform,Medium,5,4,2,8,22,4.3,17.2,Intermediate,Medium,6432.41,333722.32,Medium
project_00465,FinTech,High,10,7,2,14,30,7.6,60.8,Intermediate,High,31493.44,1824314.32,High
project_00466,FinTech,Low,4,4,2,8,12,3.1,9.9,Basic,Low,2805.05,109269.88,Low
project_00467,Cloud System,Medium,8,8,2,16,22,5.4,34.6,Intermediate,Medium,20448.98,827221.55,Medium
project_00468,Cloud System,High,9,6,2,12,29,6.8,49.0,Advanced,High,29670.22,1522443.64,High
project_00469,AI Platform,Low,4,2,2,4,10,2.1,6.7,Basic,Low,1383.42,45648.86,Low
project_00470,SaaS,Medium,7,7,2,14,19,5.1,28.6,Basic,Medium,11638.45,562714.44,Medium
project_00471,SaaS,High,12,9,2,18,30,6.1,58.6,Advanced,High,55158.3,2893219.39,High
project_00472,Cloud System,Low,4,3,2,6,10,3.0,9.6,Basic,Medium,2302.81,90495.38,Low
project_00473,FinTech,Medium,8,5,2,10,17,5.3,33.9,Basic,High,11971.96,473759.04,High
project_00474,E-commerce,High,9,11,2,22,26,5.2,37.4,Advanced,High,50039.41,2621798.95,High
project_00475,FinTech,Low,4,2,2,4,10,3.2,10.2,Basic,Medium,1491.97,55610.98,Low
project_00476,EdTech,Medium,7,6,2,12,20,4.8,26.9,Intermediate,Medium,13314.87,653722.14,Medium
project_00477,E-commerce,High,10,10,2,20,27,6.7,53.6,Advanced,Medium,44629.52,2289532.82,High
project_00478,FinTech,Low,3,2,2,4,14,2.7,6.5,Basic,Low,1076.71,37167.27,Low
project_00479,FinTech,Medium,5,8,2,16,16,4.5,18.0,Basic,Low,8747.91,409798.43,Medium
project_00480,EdTech,High,9,7,2,14,26,8.0,57.6,Advanced,Medium,29686.42,1751090.53,High
project_00481,EdTech,Low,5,3,2,6,11,3.6,14.4,Basic,Medium,2852.03,115359.37,Low
project_00482,AI Platform,Medium,7,4,2,8,19,5.2,29.1,Intermediate,Medium,8974.43,388879.17,Medium
project_00483,Cloud System,High,8,12,2,24,28,7.3,46.7,Advanced,Medium,42408.48,2589581.21,High
project_00484,IoT,Low,4,3,2,6,12,3.8,12.2,Basic,Low,2200.39,63573.56,Low
project_00485,EdTech,Medium,8,8,2,16,21,4.0,25.6,Basic,Medium,16282.16,774517.23,Medium
project_00486,IoT,High,12,8,2,16,28,5.0,48.0,Advanced,Medium,42709.13,2432194.44,High
project_00487,FinTech,Low,5,3,2,6,15,3.0,12.0,Basic,Low,2658.94,93233.49,Low
project_00488,FinTech,Medium,7,5,2,10,21,5.6,31.4,Intermediate,Medium,11323.12,514125.34,Medium
project_00489,E-commerce,High,11,11,2,22,23,6.4,56.3,Intermediate,High,50506.84,2900900.79,High
project_00490,FinTech,Low,3,3,2,6,11,3.2,7.7,Basic,Low,1597.67,52110.82,Low
project_00491,EdTech,Medium,5,6,2,12,20,4.7,18.8,Basic,Medium,7997.71,336408.77,Medium
project_00492,SaaS,High,10,8,2,16,26,6.5,52.0,Advanced,High,42002.0,2440147.14,High
project_00493,E-commerce,Low,4,2,2,4,12,2.6,8.3,Basic,Low,1434.16,53435.45,Low
project_00494,E-commerce,Medium,7,8,2,16,18,5.4,30.2,Intermediate,Medium,18214.84,705022.81,Medium
project_00495,E-commerce,High,8,7,2,14,27,7.9,50.6,Advanced,Medium,26684.97,1592338.45,High
project_00496,AI Platform,Low,3,2,2,4,15,3.6,8.6,Basic,Low,1202.11,34976.33,Low
project_00497,Healthcare,Medium,6,4,2,8,19,4.0,19.2,Intermediate,Medium,7688.87,324343.12,Medium
project_00498,E-commerce,High,11,11,2,22,28,7.0,61.6,Intermediate,Medium,47173.15,2721773.4,High
project_00499,E-commerce,Low,4,3,2,6,11,3.3,10.6,Basic,Low,2114.59,83906.52,Low
project_00500,IoT,Medium,7,6,2,12,22,4.9,27.4,Basic,Medium,10632.27,449589.2,Medium
project_00501,SaaS,High,11,9,2,18,25,7.0,61.6,Advanced,Medium,45925.09,2554225.14,High
project_00502,Healthcare,Low,3,3,2,6,14,3.3,7.9,Basic,Medium,1703.14,58923.29,Low
project_00503,FinTech,Medium,8,6,2,12,20,5.5,35.2,Basic,Medium,12009.98,568170.1,Medium
project_00504,EdTech,High,9,8,2,16,24,5.6,40.3,Advanced,High,37888.08,2111816.06,High
project_00505,FinTech,Low,3,2,2,4,12,2.4,5.8,Basic,Low,1072.84,34510.35,Low
project_00506,Healthcare,Medium,6,8,2,16,22,5.7,27.4,Intermediate,Medium,15163.67,640636.27,Medium
project_00507,SaaS,High,8,6,2,12,22,6.9,44.2,Advanced,High,24523.26,1497140.47,High
project_00508,IoT,Low,5,4,2,8,13,3.7,14.8,Basic,Low,3460.4,102580.29,Low
project_00509,SaaS,Medium,8,6,2,12,17,5.1,32.6,Intermediate,Medium,14561.4,573056.57,Medium
project_00510,SaaS,High,8,10,2,20,24,7.7,49.3,Advanced,High,40115.93,2159265.41,High
project_00511,FinTech,Low,5,4,2,8,10,3.7,14.8,Basic,Medium,3707.27,139426.2,Low
project_00512,E-commerce,Medium,6,6,2,12,18,5.3,25.4,Intermediate,Medium,11654.44,483727.16,Medium
project_00513,Cloud System,High,12,12,2,24,26,5.0,48.0,Advanced,Medium,61329.05,3614807.27,High
project_00514,EdTech,Low,5,2,2,4,14,2.1,8.4,Basic,Medium,1950.07,67905.34,Low
project_00515,AI Platform,Medium,7,8,2,16,19,4.0,22.4,Intermediate,Medium,16827.71,747197.12,Medium
project_00516,FinTech,High,12,6,2,12,30,6.0,57.6,Advanced,Medium,31904.42,1841605.9,High
project_00517,FinTech,Low,4,4,2,8,15,2.5,8.0,Basic,Low,2629.16,100976.68,Low
project_00518,Cloud System,Medium,7,8,2,16,21,4.3,24.1,Intermediate,Medium,17874.26,775662.68,Medium
project_00519,E-commerce,High,10,8,2,16,27,7.2,57.6,Advanced,Medium,38310.61,1944891.14,High
project_00520,FinTech,Low,5,4,2,8,14,2.8,11.2,Basic,Medium,3539.54,134052.7,Low
project_00521,E-commerce,Medium,7,6,2,12,16,4.1,23.0,Basic,Medium,10211.85,434786.3,Medium
project_00522,Healthcare,High,11,10,2,20,28,7.1,62.5,Advanced,High,58058.18,2942746.08,High
project_00523,AI Platform,Low,5,3,2,6,13,2.9,11.6,Basic,Low,2476.32,94844.49,Low
project_00524,Cloud System,Medium,6,4,2,8,22,5.5,26.4,Basic,Medium,6609.51,316874.03,Medium
project_00525,IoT,High,10,12,2,24,26,6.2,49.6,Advanced,High,62053.34,3324115.95,High
project_00526,EdTech,Low,5,3,2,6,13,3.8,15.2,Basic,Medium,2873.45,102236.59,Low
project_00527,FinTech,Medium,7,7,2,14,20,4.5,25.2,Intermediate,Medium,15218.3,731106.51,Medium
project_00528,EdTech,High,8,10,2,20,27,6.6,42.2,Advanced,Medium,36088.59,2206485.27,High
project_00529,SaaS,Low,3,2,2,4,14,3.2,7.7,Basic,Low,1098.18,42353.64,Low
project_00530,FinTech,Medium,6,5,2,10,21,4.9,23.5,Intermediate,Low,8959.73,399793.05,Medium
project_00531,EdTech,High,12,6,2,12,22,6.8,65.3,Advanced,High,35964.7,2012724.57,High
project_00532,FinTech,Low,3,2,2,4,13,3.2,7.7,Basic,Low,1071.85,39574.86,Low
project_00533,SaaS,Medium,5,7,2,14,22,5.6,22.4,Intermediate,Medium,11165.76,469206.73,Medium
project_00534,AI Platform,High,12,6,2,12,25,5.1,49.0,Advanced,High,35578.64,2077562.31,High
project_00535,Cloud System,Low,5,3,2,6,15,3.4,13.6,Basic,Medium,2785.28,92513.91,Low
project_00536,IoT,Medium,5,8,2,16,16,5.2,20.8,Intermediate,Low,11549.71,482978.61,Medium
project_00537,IoT,High,9,6,2,12,29,6.9,49.7,Intermediate,High,23325.65,1400955.45,High
project_00538,AI Platform,Low,4,4,2,8,10,3.5,11.2,Basic,Medium,3087.4,96991.71,Low
project_00539,Cloud System,Medium,6,5,2,10,16,5.7,27.4,Basic,Low,7133.65,330391.16,Medium
project_00540,FinTech,High,8,7,2,14,30,6.1,39.0,Advanced,Medium,26531.47,1398869.06,High
project_00541,IoT,Low,5,2,2,4,15,3.6,14.4,Basic,Low,1877.94,56980.6,Low
project_00542,Cloud System,Medium,5,8,2,16,20,4.2,16.8,Basic,Low,9365.09,412084.58,Medium
project_00543,FinTech,High,9,7,2,14,30,7.0,50.4,Advanced,High,35342.58,1876675.15,High
project_00544,Cloud System,Low,3,3,2,6,12,3.2,7.7,Basic,Low,1658.59,46636.36,Low
project_00545,SaaS,Medium,8,8,2,16,15,4.6,29.4,Basic,Low,13643.47,640425.11,Medium
project_00546,E-commerce,High,11,10,2,20,22,7.1,62.5,Intermediate,Medium,39333.76,2234512.25,High
project_00547,Healthcare,Low,4,3,2,6,10,3.7,11.8,Basic,Medium,2234.46,88309.93,Low
project_00548,IoT,Medium,6,4,2,8,18,4.0,19.2,Intermediate,High,8913.76,404526.9,High
project_00549,FinTech,High,9,11,2,22,22,7.2,51.8,Advanced,Medium,44962.44,2625659.82,High
project_00550,Healthcare,Low,3,3,2,6,10,2.6,6.2,Basic,Medium,1755.94,55840.84,Low
project_00551,FinTech,Medium,6,8,2,16,20,4.5,21.6,Intermediate,High,16535.47,717432.21,High
project_00552,AI Platform,High,10,6,2,12,27,5.8,46.4,Advanced,Medium,27416.5,1626504.79,High
project_00553,E-commerce,Low,3,3,2,6,14,2.9,7.0,Basic,Low,1676.65,47959.16,Low
project_00554,E-commerce,Medium,7,6,2,12,15,5.3,29.7,Intermediate,High,14959.52,753371.47,High
project_00555,EdTech,High,11,12,2,24,28,7.6,66.9,Advanced,High,68055.98,3433173.26,High
project_00556,Healthcare,Low,4,3,2,6,12,3.7,11.8,Basic,Low,2082.5,73881.62,Low
project_00557,EdTech,Medium,8,7,2,14,22,4.8,30.7,Intermediate,Medium,18064.17,667530.2,Medium
project_00558,E-commerce,High,10,9,2,18,20,7.6,60.8,Advanced,High,44387.71,2298072.85,High
project_00559,E-commerce,Low,5,3,2,6,15,2.3,9.2,Basic,Low,2563.48,83786.5,Low
project_00560,Healthcare,Medium,7,7,2,14,20,4.3,24.1,Intermediate,Medium,15689.25,702275.3,Medium
project_00561,Cloud System,High,12,10,2,20,25,6.0,57.6,Advanced,High,61729.98,3037417.61,High
project_00562,Healthcare,Low,4,4,2,8,12,2.7,8.6,Basic,Low,2641.38,101399.72,Low
project_00563,IoT,Medium,7,6,2,12,17,4.1,23.0,Intermediate,Low,12303.4,600539.67,Medium
project_00564,E-commerce,High,8,8,2,16,29,5.7,36.5,Advanced,High,35199.34,1925254.28,High
project_00565,EdTech,Low,3,2,2,4,13,2.7,6.5,Basic,Low,1060.18,37815.26,Low
project_00566,EdTech,Medium,7,4,2,8,19,5.7,31.9,Intermediate,Medium,9174.96,450812.03,Medium
project_00567,FinTech,High,9,10,2,20,22,7.2,51.8,Intermediate,Medium,32928.26,1861257.36,High
project_00568,SaaS,Low,5,3,2,6,15,3.8,15.2,Basic,Low,2581.54,86680.92,Low
project_00569,FinTech,Medium,6,8,2,16,19,5.5,26.4,Intermediate,Medium,15276.66,625645.04,Medium
project_00570,IoT,High,9,9,2,18,22,5.1,36.7,Advanced,High,43247.26,2235861.16,High
project_00571,E-commerce,Low,4,3,2,6,10,3.3,10.6,Basic,Medium,2356.1,84342.09,Low
project_00572,Cloud System,Medium,8,6,2,12,21,5.6,35.8,Intermediate,Low,13563.51,604221.16,Medium
project_00573,AI Platform,High,10,9,2,18,28,6.0,48.0,Advanced,Medium,40091.24,2243247.22,High
project_00574,Cloud System,Low,5,4,2,8,11,3.9,15.6,Basic,Low,3443.63,120755.22,Low
project_00575,Cloud System,Medium,8,8,2,16,17,5.9,37.8,Intermediate,Medium,19550.99,943232.95,Medium
project_00576,SaaS,High,12,7,2,14,26,6.2,59.5,Advanced,Medium,39159.83,2083853.92,High
project_00577,SaaS,Low,4,3,2,6,13,3.9,12.5,Basic,Medium,2306.49,83660.6,Low
project_00578,Healthcare,Medium,7,7,2,14,16,4.5,25.2,Intermediate,Medium,15760.69,613501.7,Medium
project_00579,Cloud System,High,8,11,2,22,26,5.6,35.8,Intermediate,High,36977.2,1950332.46,High
project_00580,FinTech,Low,5,3,2,6,13,3.9,15.6,Basic,Low,2503.34,83868.75,Low
project_00581,IoT,Medium,7,7,2,14,18,5.8,32.5,Intermediate,Low,13709.06,608902.44,Medium
project_00582,Healthcare,High,11,8,2,16,28,7.4,65.1,Advanced,High,45297.37,2495463.93,High
project_00583,AI Platform,Low,5,4,2,8,12,3.6,14.4,Basic,Low,3239.64,123444.03,Low
project_00584,E-commerce,Medium,8,7,2,14,17,5.8,37.1,Intermediate,High,19770.22,837264.55,High
project_00585,FinTech,High,9,7,2,14,30,7.8,56.2,Intermediate,Medium,24281.95,1459447.12,High
project_00586,Cloud System,Low,5,3,2,6,10,3.4,13.6,Basic,Low,2558.85,78850.41,Low
project_00587,FinTech,Medium,7,8,2,16,20,5.6,31.4,Basic,Low,12912.31,562100.13,Medium
project_00588,SaaS,High,11,9,2,18,22,7.6,66.9,Advanced,High,52503.76,2889154.17,High
project_00589,E-commerce,Low,5,2,2,4,14,2.9,11.6,Basic,Medium,2030.81,78488.21,Low
project_00590,Cloud System,Medium,5,6,2,12,17,5.9,23.6,Intermediate,Medium,9615.62,475511.09,Medium
project_00591,IoT,High,10,9,2,18,21,6.0,48.0,Advanced,High,44831.1,2703039.84,High
project_00592,AI Platform,Low,3,3,2,6,11,2.2,5.3,Basic,Medium,1683.74,54317.81,Low
project_00593,IoT,Medium,8,7,2,14,22,5.6,35.8,Basic,Medium,14170.94,613753.62,Medium
project_00594,AI Platform,High,10,10,2,20,23,6.9,55.2,Advanced,Medium,44836.47,2450384.5,High
project_00595,FinTech,Low,4,2,2,4,10,3.0,9.6,Basic,Low,1379.91,47280.64,Low
project_00596,AI Platform,Medium,5,6,2,12,18,5.5,22.0,Intermediate,Medium,10102.35,481196.57,Medium
project_00597,IoT,High,12,12,2,24,25,7.0,67.2,Advanced,High,76216.47,3921842.98,High
project_00598,Cloud System,Low,3,4,2,8,13,2.3,5.5,Basic,Low,2138.22,73009.68,Low
project_00599,Cloud System,Medium,7,8,2,16,15,5.9,33.0,Intermediate,High,18798.72,879517.79,High
project_00600,IoT,High,11,11,2,22,28,6.4,56.3,Advanced,Medium,52514.98,3122689.5,High
project_00601,IoT,Low,3,4,2,8,14,3.0,7.2,Basic,Low,2092.57,72233.97,Low
project_00602,IoT,Medium,8,4,2,8,16,5.7,36.5,Basic,Medium,8188.36,375445.46,Medium
project_00603,E-commerce,High,9,9,2,18,30,6.1,43.9,Advanced,Medium,38349.98,2229812.45,High
project_00604,Cloud System,Low,3,3,2,6,15,3.6,8.6,Basic,Low,1584.66,56635.88,Low
project_00605,SaaS,Medium,5,4,2,8,21,4.0,16.0,Basic,High,5937.71,276413.14,High
project_00606,E-commerce,High,11,12,2,24,27,5.0,44.0,Intermediate,High,58387.22,3174451.4,High
project_00607,IoT,Low,5,2,2,4,15,3.2,12.8,Basic,Medium,1919.03,79260.35,Low
project_00608,Healthcare,Medium,8,5,2,10,20,4.9,31.4,Basic,Low,8822.09,431254.5,Medium
project_00609,Healthcare,High,8,11,2,22,20,5.2,33.3,Advanced,High,42920.43,2294883.73,High
project_00610,Healthcare,Low,5,4,2,8,11,3.8,15.2,Basic,Low,3451.6,115145.45,Low
project_00611,EdTech,Medium,6,5,2,10,16,5.4,25.9,Intermediate,Medium,10007.62,428943.39,Medium
project_00612,IoT,High,10,6,2,12,29,7.1,56.8,Intermediate,High,26816.65,1545631.37,High
project_00613,Cloud System,Low,4,4,2,8,10,2.1,6.7,Basic,Low,2772.93,101678.95,Low
project_00614,FinTech,Medium,8,5,2,10,17,5.6,35.8,Basic,High,11467.43,519921.81,High
project_00615,E-commerce,High,8,8,2,16,21,5.1,32.6,Intermediate,High,27608.34,1423117.45,High
project_00616,E-commerce,Low,4,3,2,6,12,3.8,12.2,Basic,Low,2079.18,82363.44,Low
project_00617,IoT,Medium,5,5,2,10,16,4.7,18.8,Basic,Medium,6513.23,284738.72,Medium
project_00618,Healthcare,High,11,8,2,16,28,6.8,59.8,Intermediate,Medium,35233.72,1822860.69,High
project_00619,EdTech,Low,3,3,2,6,15,3.0,7.2,Basic,Low,1687.3,48076.18,Low
project_00620,AI Platform,Medium,8,8,2,16,16,5.1,32.6,Intermediate,Medium,19549.96,993812.96,Medium
project_00621,SaaS,High,9,8,2,16,29,7.0,50.4,Advanced,Medium,33626.66,2078285.34,High
project_00622,E-commerce,Low,5,2,2,4,11,2.2,8.8,Basic,Low,1727.92,65962.88,Low
project_00623,Cloud System,Medium,5,5,2,10,15,4.1,16.4,Basic,High,6946.27,319074.19,High
project_00624,E-commerce,High,10,8,2,16,25,6.0,48.0,Advanced,High,39906.07,2190484.02,High
project_00625,E-commerce,Low,3,4,2,8,11,2.5,6.0,Basic,Medium,2218.8,67565.46,Low
project_00626,E-commerce,Medium,5,8,2,16,17,5.8,23.2,Intermediate,Medium,12542.07,573836.81,Medium
project_00627,Cloud System,High,9,11,2,22,30,5.8,41.8,Advanced,Medium,43747.55,2425933.2,High
project_00628,AI Platform,Low,5,2,2,4,11,2.9,11.6,Basic,Medium,1828.76,58663.13,Low
project_00629,AI Platform,Medium,6,4,2,8,22,4.9,23.5,Basic,Low,5642.28,252276.65,Medium
project_00630,Cloud System,High,10,11,2,22,27,7.0,56.0,Advanced,High,55844.83,3238052.21,High
project_00631,Healthcare,Low,4,3,2,6,14,3.2,10.2,Basic,Medium,2414.42,72717.26,Low
project_00632,AI Platform,Medium,6,5,2,10,16,4.5,21.6,Intermediate,High,10910.67,422156.19,High
project_00633,E-commerce,High,10,7,2,14,29,5.7,45.6,Advanced,Medium,32445.97,1726294.34,High
project_00634,SaaS,Low,5,3,2,6,12,3.0,12.0,Basic,Low,2617.35,85743.56,Low
project_00635,FinTech,Medium,8,4,2,8,21,5.3,33.9,Basic,Medium,8571.92,349969.18,Medium
project_00636,AI Platform,High,12,8,2,16,26,6.8,65.3,Advanced,High,48764.26,2756968.72,High
project_00637,EdTech,Low,3,3,2,6,15,3.3,7.9,Basic,Medium,1798.26,65689.15,Low
project_00638,IoT,Medium,6,8,2,16,22,5.8,27.8,Intermediate,Low,13273.98,591988.16,Medium
project_00639,IoT,High,8,11,2,22,28,6.8,43.5,Intermediate,Medium,35167.1,1634731.79,High
project_00640,AI Platform,Low,5,2,2,4,15,3.3,13.2,Basic,Low,1821.65,63700.88,Low
project_00641,FinTech,Medium,8,7,2,14,19,4.9,31.4,Basic,Medium,13244.24,615167.42,Medium
project_00642,IoT,High,8,6,2,12,28,7.7,49.3,Intermediate,Medium,18998.01,1055274.0,High
project_00643,EdTech,Low,3,3,2,6,13,3.9,9.4,Basic,Medium,1754.11,68571.58,Low
project_00644,SaaS,Medium,8,7,2,14,20,4.1,26.2,Intermediate,High,20083.88,842344.17,High
project_00645,Cloud System,High,8,6,2,12,27,5.3,33.9,Advanced,High,24277.05,1343271.91,High
project_00646,EdTech,Low,3,2,2,4,14,2.0,4.8,Basic,Low,1062.48,39367.16,Low
project_00647,Cloud System,Medium,6,8,2,16,16,5.4,25.9,Intermediate,Medium,15480.96,670698.63,Medium
project_00648,AI Platform,High,10,8,2,16,29,6.1,48.8,Advanced,High,40664.46,1997822.34,High
project_00649,FinTech,Low,5,3,2,6,12,2.6,10.4,Basic,Medium,2798.41,92131.11,Low
project_00650,FinTech,Medium,8,6,2,12,22,5.4,34.6,Intermediate,Low,13686.15,555827.34,Medium
project_00651,FinTech,High,8,12,2,24,28,7.6,48.6,Advanced,Medium,44230.94,2528394.73,High
project_00652,Cloud System,Low,5,4,2,8,10,3.2,12.8,Basic,Medium,3744.27,120298.17,Low
project_00653,E-commerce,Medium,8,7,2,14,18,4.3,27.5,Intermediate,Low,16251.41,716021.61,Medium
project_00654,SaaS,High,10,12,2,24,22,7.3,58.4,Intermediate,Medium,43574.87,2475089.42,High
project_00655,FinTech,Low,4,3,2,6,11,2.4,7.7,Basic,Low,2032.24,62472.05,Low
project_00656,SaaS,Medium,5,5,2,10,22,4.0,16.0,Basic,Medium,6631.83,278582.32,Medium
project_00657,Cloud System,High,9,11,2,22,29,6.3,45.4,Advanced,High,50051.29,3012376.27,High
project_00658,FinTech,Low,4,2,2,4,13,2.8,9.0,Basic,Low,1404.57,45386.13,Low
project_00659,Healthcare,Medium,5,5,2,10,22,5.9,23.6,Intermediate,High,9764.24,389046.86,High
project_00660,E-commerce,High,12,11,2,22,20,6.8,65.3,Advanced,Medium,57757.2,3643512.56,High
project_00661,SaaS,Low,4,2,2,4,14,3.6,11.5,Basic,Medium,1583.2,51605.26,Low
project_00662,E-commerce,Medium,6,6,2,12,19,4.8,23.0,Intermediate,High,13442.37,576967.1,High
project_00663,FinTech,High,12,9,2,18,30,6.2,59.5,Intermediate,Medium,40138.12,2142747.27,High
project_00664,FinTech,Low,5,2,2,4,11,3.6,14.4,Basic,Low,1719.62,65185.72,Low
project_00665,EdTech,Medium,5,7,2,14,20,5.9,23.6,Intermediate,Medium,10812.76,486388.08,Medium
project_00666,E-commerce,High,10,8,2,16,20,6.0,48.0,Intermediate,Medium,28770.04,1505115.38,High
project_00667,AI Platform,Low,5,4,2,8,10,3.0,12.0,Basic,Low,3245.03,117463.02,Low
project_00668,IoT,Medium,7,8,2,16,15,4.3,24.1,Intermediate,High,20040.45,839664.43,High
project_00669,EdTech,High,10,7,2,14,25,7.5,60.0,Advanced,Medium,31951.61,1681731.15,High
project_00670,EdTech,Low,5,4,2,8,13,3.8,15.2,Basic,Low,3412.55,124341.54,Low
project_00671,Cloud System,Medium,7,6,2,12,17,4.8,26.9,Intermediate,Medium,13668.93,567909.5,Medium
project_00672,Cloud System,High,10,8,2,16,28,6.3,50.4,Advanced,High,42308.45,2103216.11,High
project_00673,EdTech,Low,5,3,2,6,11,2.6,10.4,Basic,Medium,2728.31,101665.67,Low
project_00674,FinTech,Medium,6,5,2,10,20,4.5,21.6,Basic,High,8664.37,355992.29,High
project_00675,EdTech,High,9,12,2,24,20,7.7,55.4,Advanced,High,58124.63,3103162.59,High
project_00676,Healthcare,Low,3,4,2,8,13,3.5,8.4,Basic,Medium,2280.16,81205.03,Low
project_00677,Healthcare,Medium,7,5,2,10,15,5.9,33.0,Intermediate,Medium,11368.89,478280.36,Medium
project_00678,SaaS,High,11,11,2,22,29,5.1,44.9,Advanced,High,64538.21,3403909.99,High
project_00679,IoT,Low,5,3,2,6,13,3.0,12.0,Basic,Medium,2851.2,99919.37,Low
project_00680,SaaS,Medium,7,7,2,14,16,4.7,26.3,Intermediate,Medium,15025.76,630048.72,Medium
project_00681,FinTech,High,12,6,2,12,23,6.2,59.5,Advanced,High,37497.67,2279262.39,High
project_00682,SaaS,Low,3,2,2,4,10,2.0,4.8,Basic,Medium,1091.94,41131.07,Low
project_00683,E-commerce,Medium,7,5,2,10,21,4.1,23.0,Intermediate,Low,10393.02,472688.63,Medium
project_00684,SaaS,High,8,9,2,18,20,7.9,50.6,Advanced,Medium,33681.75,1868218.85,High
project_00685,E-commerce,Low,3,2,2,4,15,2.1,5.0,Basic,Medium,1186.92,48040.62,Low
project_00686,Healthcare,Medium,6,8,2,16,20,4.4,21.1,Intermediate,Medium,14599.59,579146.57,Medium
project_00687,IoT,High,10,12,2,24,22,6.8,54.4,Intermediate,High,52935.53,2690580.74,High
project_00688,EdTech,Low,4,3,2,6,14,3.0,9.6,Basic,Low,2132.23,74444.17,Low
project_00689,IoT,Medium,8,6,2,12,16,4.9,31.4,Basic,Medium,11681.66,550927.77,Medium
project_00690,SaaS,High,10,8,2,16,28,5.7,45.6,Advanced,High,43501.75,2312945.16,High
project_00691,Healthcare,Low,3,3,2,6,12,3.6,8.6,Basic,Medium,1699.26,54492.53,Low
project_00692,SaaS,Medium,7,7,2,14,16,5.5,30.8,Intermediate,High,16845.35,795152.45,High
project_00693,FinTech,High,10,9,2,18,28,6.3,50.4,Intermediate,High,37998.73,2383145.14,High
project_00694,EdTech,Low,3,3,2,6,12,2.7,6.5,Basic,Low,1634.48,56853.67,Low
project_00695,FinTech,Medium,5,4,2,8,19,4.3,17.2,Intermediate,High,7406.55,317306.13,High
project_00696,Healthcare,High,8,9,2,18,20,7.8,49.9,Advanced,High,35982.85,2178056.86,High
project_00697,Healthcare,Low,4,4,2,8,14,2.9,9.3,Basic,Low,2641.05,103133.35,Low
project_00698,FinTech,Medium,5,5,2,10,21,5.3,21.2,Intermediate,Low,7669.32,298812.66,Medium
project_00699,SaaS,High,9,9,2,18,30,5.8,41.8,Advanced,High,42789.37,2488680.52,High
project_00700,Cloud System,Low,3,3,2,6,15,3.7,8.9,Basic,Medium,1833.54,61401.84,Low
project_00701,SaaS,Medium,7,5,2,10,20,5.1,28.6,Intermediate,High,12669.91,532093.59,High
project_00702,FinTech,High,11,11,2,22,26,7.0,61.6,Advanced,Medium,56570.95,2972210.23,High
project_00703,IoT,Low,5,3,2,6,11,2.7,10.8,Basic,Low,2576.94,89353.64,Low
project_00704,SaaS,Medium,8,8,2,16,16,4.3,27.5,Intermediate,Low,17866.12,849757.77,Medium
project_00705,EdTech,High,10,11,2,22,25,5.4,43.2,Intermediate,High,48173.21,2692377.74,High
project_00706,Cloud System,Low,5,3,2,6,13,2.4,9.6,Basic,Medium,2693.81,86830.42,Low
project_00707,IoT,Medium,5,5,2,10,17,5.5,22.0,Intermediate,Medium,8501.76,348435.08,Medium
project_00708,Cloud System,High,9,11,2,22,24,5.7,41.0,Advanced,High,52818.73,3088167.36,High
project_00709,AI Platform,Low,5,2,2,4,12,3.8,15.2,Basic,Medium,1925.25,70874.92,Low
project_00710,AI Platform,Medium,8,8,2,16,18,5.2,33.3,Intermediate,Medium,19020.93,904606.97,Medium
project_00711,Healthcare,High,12,11,2,22,20,7.7,73.9,Intermediate,Medium,48399.5,2405563.47,High
project_00712,SaaS,Low,3,4,2,8,15,3.8,9.1,Basic,Low,2069.4,71449.0,Low
project_00713,FinTech,Medium,6,8,2,16,16,5.6,26.9,Basic,Medium,12113.82,613398.88,Medium
project_00714,AI Platform,High,8,11,2,22,28,6.7,42.9,Advanced,High,46238.82,2450851.98,High
project_00715,Cloud System,Low,3,3,2,6,11,2.3,5.5,Basic,Low,1597.63,48242.51,Low
project_00716,AI Platform,Medium,8,5,2,10,22,5.8,37.1,Basic,Low,9428.23,398653.06,Medium
project_00717,SaaS,High,12,10,2,20,29,6.4,61.4,Intermediate,Medium,47337.53,2506614.36,High
project_00718,EdTech,Low,5,3,2,6,13,3.3,13.2,Basic,Low,2598.98,93405.3,Low
project_00719,Healthcare,Medium,7,7,2,14,20,5.0,28.0,Intermediate,Medium,14692.92,786938.98,Medium
project_00720,SaaS,High,8,9,2,18,28,7.1,45.4,Advanced,High,38856.6,2079449.94,High
project_00721,FinTech,Low,4,3,2,6,10,3.4,10.9,Basic,Medium,2326.24,70984.17,Low
project_00722,FinTech,Medium,7,7,2,14,15,4.6,25.8,Intermediate,Low,14291.37,544912.18,Medium
project_00723,AI Platform,High,8,11,2,22,30,5.5,35.2,Intermediate,Medium,32631.54,1973498.58,High
project_00724,SaaS,Low,5,4,2,8,15,2.6,10.4,Basic,Low,3252.47,103560.96,Low
project_00725,SaaS,Medium,7,6,2,12,21,4.5,25.2,Intermediate,Medium,13079.66,547798.91,Medium
project_00726,SaaS,High,11,6,2,12,27,6.7,59.0,Advanced,Medium,32065.35,1695161.92,High
project_00727,FinTech,Low,5,3,2,6,10,2.3,9.2,Basic,Medium,2712.18,110488.87,Low
project_00728,FinTech,Medium,6,8,2,16,17,4.1,19.7,Intermediate,Medium,14534.94,681359.02,Medium
project_00729,AI Platform,High,9,12,2,24,27,5.2,37.4,Advanced,High,57789.48,2855417.47,High
project_00730,AI Platform,Low,5,3,2,6,10,2.3,9.2,Basic,Low,2449.1,77563.51,Low
project_00731,Cloud System,Medium,8,7,2,14,20,5.0,32.0,Intermediate,Medium,17446.1,788070.04,Medium
project_00732,SaaS,High,8,9,2,18,26,6.3,40.3,Intermediate,High,31950.38,1773954.65,High
project_00733,Cloud System,Low,4,3,2,6,14,2.4,7.7,Basic,Low,2137.14,77232.43,Low
project_00734,E-commerce,Medium,7,7,2,14,18,4.8,26.9,Intermediate,Low,13406.46,629588.56,Medium
project_00735,IoT,High,9,10,2,20,27,6.3,45.4,Intermediate,High,39687.35,2359494.62,High
project_00736,Cloud System,Low,3,3,2,6,15,2.5,6.0,Basic,Medium,1775.22,68266.21,Low
project_00737,FinTech,Medium,5,7,2,14,20,4.1,16.4,Intermediate,High,12621.02,566423.07,High
project_00738,Healthcare,High,8,12,2,24,28,5.8,37.1,Intermediate,High,41282.05,2170675.21,High
project_00739,FinTech,Low,4,3,2,6,14,2.6,8.3,Basic,Low,2158.34,71311.68,Low
project_00740,AI Platform,Medium,5,8,2,16,15,5.3,21.2,Intermediate,High,13894.09,619879.7,High
project_00741,FinTech,High,8,7,2,14,24,6.6,42.2,Intermediate,High,24189.41,1188226.88,High
project_00742,FinTech,Low,4,3,2,6,13,2.2,7.0,Basic,Medium,2174.54,74639.81,Low
project_00743,E-commerce,Medium,6,7,2,14,16,5.4,25.9,Basic,Medium,10331.5,509717.12,Medium
project_00744,FinTech,High,9,9,2,18,26,7.2,51.8,Intermediate,High,35373.44,1885993.6,High
project_00745,AI Platform,Low,3,3,2,6,12,3.0,7.2,Basic,Low,1624.6,64929.05,Low
project_00746,FinTech,Medium,7,4,2,8,19,4.7,26.3,Intermediate,Medium,8707.85,440646.62,Medium
project_00747,E-commerce,High,11,12,2,24,26,7.0,61.6,Advanced,High,65551.89,3752124.49,High
project_00748,IoT,Low,5,4,2,8,14,3.4,13.6,Basic,Low,3467.58,131209.58,Low
project_00749,AI Platform,Medium,5,8,2,16,21,5.2,20.8,Intermediate,High,14031.35,678360.71,High
project_00750,IoT,High,9,11,2,22,21,5.9,42.5,Intermediate,High,40344.48,2335289.79,High
project_00751,SaaS,Low,4,4,2,8,10,2.2,7.0,Basic,Medium,2975.58,89557.66,Low
project_00752,EdTech,Medium,6,6,2,12,16,5.1,24.5,Basic,Medium,8993.9,365565.22,Medium
project_00753,SaaS,High,9,9,2,18,27,5.7,41.0,Intermediate,Medium,31153.2,1560651.13,High
project_00754,Cloud System,Low,3,3,2,6,15,3.2,7.7,Basic,Low,1668.73,53172.18,Low
project_00755,SaaS,Medium,7,7,2,14,21,5.8,32.5,Intermediate,High,17794.86,834148.94,High
project_00756,E-commerce,High,10,11,2,22,25,7.9,63.2,Advanced,High,54971.97,3119518.2,High
project_00757,EdTech,Low,4,4,2,8,13,3.6,11.5,Basic,Low,2675.7,82376.8,Low
project_00758,IoT,Medium,6,8,2,16,21,4.4,21.1,Basic,Medium,11394.41,510020.26,Medium
project_00759,Cloud System,High,9,8,2,16,27,7.2,51.8,Advanced,Medium,33887.91,1897596.93,High
project_00760,IoT,Low,5,4,2,8,13,2.5,10.0,Basic,Low,3365.68,135271.47,Low
project_00761,Healthcare,Medium,6,4,2,8,21,5.8,27.8,Intermediate,Medium,7660.21,331360.18,Medium
project_00762,Cloud System,High,11,10,2,20,27,7.0,61.6,Advanced,High,58673.22,3108472.47,High
project_00763,AI Platform,Low,5,3,2,6,10,3.0,12.0,Basic,Medium,2722.56,99438.37,Low
project_00764,SaaS,Medium,8,7,2,14,15,4.2,26.9,Intermediate,Medium,17701.86,844869.74,Medium
project_00765,AI Platform,High,8,11,2,22,23,7.0,44.8,Advanced,High,44402.9,2365495.22,High
project_00766,SaaS,Low,4,2,2,4,14,3.3,10.6,Basic,Low,1509.38,49739.66,Low
project_00767,Healthcare,Medium,7,6,2,12,18,4.7,26.3,Intermediate,Low,11375.67,483508.97,Medium
project_00768,Cloud System,High,11,7,2,14,21,7.8,68.6,Advanced,High,39117.13,2342026.74,High
project_00769,SaaS,Low,4,3,2,6,12,2.3,7.4,Basic,Medium,2179.35,70280.6,Low
project_00770,E-commerce,Medium,5,6,2,12,16,4.9,19.6,Intermediate,Low,8625.13,407084.57,Medium
project_00771,Healthcare,High,10,8,2,16,27,5.3,42.4,Advanced,High,42104.55,2313169.02,High
project_00772,IoT,Low,3,2,2,4,12,2.3,5.5,Basic,Medium,1202.0,35523.22,Low
project_00773,E-commerce,Medium,8,5,2,10,17,4.4,28.2,Intermediate,Medium,12398.64,548361.45,Medium
project_00774,E-commerce,High,11,12,2,24,30,7.1,62.5,Advanced,High,71272.49,3917080.5,High
project_00775,Cloud System,Low,3,4,2,8,15,2.7,6.5,Basic,Medium,2260.23,74430.48,Low
project_00776,IoT,Medium,7,5,2,10,17,5.9,33.0,Intermediate,High,12744.22,511132.19,High
project_00777,AI Platform,High,12,12,2,24,23,6.2,59.5,Intermediate,Medium,52413.23,2885211.7,High
project_00778,IoT,Low,5,3,2,6,13,3.6,14.4,Basic,Low,2584.38,88526.13,Low
project_00779,AI Platform,Medium,7,7,2,14,15,5.4,30.2,Intermediate,Medium,14860.21,708236.86,Medium
project_00780,AI Platform,High,12,9,2,18,27,5.2,49.9,Intermediate,Medium,42336.31,2037122.78,High
project_00781,Healthcare,Low,5,2,2,4,13,2.5,10.0,Basic,Medium,1934.31,72436.27,Low
project_00782,FinTech,Medium,5,5,2,10,15,5.8,23.2,Intermediate,High,9114.56,377692.22,High
project_00783,SaaS,High,10,11,2,22,28,6.6,52.8,Advanced,Medium,50700.84,2984050.34,High
project_00784,AI Platform,Low,3,3,2,6,12,2.9,7.0,Basic,Low,1636.62,50410.44,Low
project_00785,FinTech,Medium,6,7,2,14,15,4.4,21.1,Intermediate,Medium,12677.69,606650.79,Medium
project_00786,E-commerce,High,8,7,2,14,25,6.2,39.7,Intermediate,Medium,20992.42,1238506.29,High
project_00787,IoT,Low,3,2,2,4,13,2.4,5.8,Basic,Low,1062.4,39871.45,Low
project_00788,IoT,Medium,6,5,2,10,19,4.7,22.6,Intermediate,Medium,9812.5,391153.12,Medium
project_00789,IoT,High,11,10,2,20,28,5.9,51.9,Advanced,Medium,47962.58,2784284.47,High
project_00790,FinTech,Low,5,4,2,8,14,2.1,8.4,Basic,Medium,3652.65,120259.65,Low
project_00791,IoT,Medium,6,5,2,10,18,5.0,24.0,Intermediate,Medium,9973.44,405056.32,Medium
project_00792,FinTech,High,9,9,2,18,27,5.5,39.6,Intermediate,High,34081.26,1722490.37,High
project_00793,EdTech,Low,4,2,2,4,13,2.0,6.4,Basic,Low,1412.86,49846.45,Low
project_00794,EdTech,Medium,7,5,2,10,20,4.3,24.1,Intermediate,High,12730.54,531171.69,High
project_00795,Healthcare,High,8,10,2,20,20,5.9,37.8,Intermediate,High,35812.67,1905453.68,High
project_00796,AI Platform,Low,5,2,2,4,12,3.2,12.8,Basic,Medium,1952.98,68443.9,Low
project_00797,SaaS,Medium,5,7,2,14,20,4.8,19.2,Basic,Medium,9325.98,405196.78,Medium
project_00798,E-commerce,High,10,7,2,14,29,7.2,57.6,Intermediate,High,31307.79,1804224.71,High
project_00799,Cloud System,Low,4,2,2,4,11,3.7,11.8,Basic,Low,1477.17,42960.78,Low
project_00800,IoT,Medium,5,5,2,10,19,4.1,16.4,Intermediate,High,9426.87,371113.32,High
project_00801,AI Platform,High,9,9,2,18,21,5.9,42.5,Intermediate,High,35505.69,1767159.95,High
project_00802,FinTech,Low,4,2,2,4,12,3.5,11.2,Basic,Low,1424.0,55935.65,Low
project_00803,Healthcare,Medium,6,8,2,16,22,4.1,19.7,Intermediate,Medium,15433.32,609632.22,Medium
project_00804,EdTech,High,8,6,2,12,26,7.1,45.4,Advanced,High,27059.4,1476115.47,High
project_00805,AI Platform,Low,3,3,2,6,11,3.9,9.4,Basic,Medium,1754.34,66128.66,Low
project_00806,AI Platform,Medium,8,4,2,8,15,5.4,34.6,Intermediate,Medium,9915.74,483961.92,Medium
project_00807,EdTech,High,12,11,2,22,29,7.1,68.2,Advanced,High,67686.38,3848684.28,High
project_00808,EdTech,Low,5,3,2,6,11,3.5,14.0,Basic,Medium,2673.94,85453.49,Low
project_00809,AI Platform,Medium,6,4,2,8,16,5.9,28.3,Intermediate,Medium,7464.75,354296.19,Medium
project_00810,SaaS,High,11,6,2,12,26,7.1,62.5,Advanced,High,36528.27,1896542.96,High
project_00811,Healthcare,Low,3,2,2,4,10,3.5,8.4,Basic,Low,1089.86,38227.72,Low
project_00812,FinTech,Medium,7,5,2,10,17,5.0,28.0,Intermediate,Medium,11269.47,542488.38,Medium
project_00813,Healthcare,High,8,8,2,16,30,6.8,43.5,Advanced,Medium,30010.6,1578704.24,High
project_00814,Healthcare,Low,3,4,2,8,13,2.2,5.3,Basic,Medium,2302.44,80303.63,Low
project_00815,E-commerce,Medium,8,8,2,16,22,5.7,36.5,Intermediate,Low,18741.44,883082.82,Medium
project_00816,Healthcare,High,9,7,2,14,26,6.5,46.8,Intermediate,High,27510.39,1557243.76,High
project_00817,SaaS,Low,4,2,2,4,13,3.1,9.9,Basic,Low,1441.03,55006.96,Low
project_00818,IoT,Medium,8,8,2,16,22,5.6,35.8,Intermediate,Medium,19084.77,870629.93,Medium
project_00819,E-commerce,High,12,9,2,18,30,6.7,64.3,Intermediate,High,45948.66,2387297.61,High
project_00820,EdTech,Low,3,4,2,8,11,3.6,8.6,Basic,Low,1980.4,72308.1,Low
project_00821,IoT,Medium,7,5,2,10,18,4.7,26.3,Basic,Medium,8794.1,424357.75,Medium
project_00822,SaaS,High,10,8,2,16,30,5.1,40.8,Advanced,Medium,35262.02,2067466.82,High
project_00823,EdTech,Low,5,3,2,6,10,3.5,14.0,Basic,Medium,2661.02,99009.74,Low
project_00824,Cloud System,Medium,5,7,2,14,18,4.0,16.0,Intermediate,Medium,11289.05,500541.16,Medium
project_00825,Healthcare,High,8,11,2,22,28,7.7,49.3,Advanced,High,44893.12,2514377.24,High
project_00826,EdTech,Low,4,3,2,6,15,2.7,8.6,Basic,Medium,2324.43,88280.15,Low
project_00827,SaaS,Medium,7,5,2,10,15,4.5,25.2,Intermediate,High,11968.12,546440.34,High
project_00828,AI Platform,High,11,7,2,14,21,5.5,48.4,Advanced,Medium,33501.8,1868290.79,High
project_00829,SaaS,Low,5,3,2,6,12,2.2,8.8,Basic,Medium,2838.34,101737.5,Low
project_00830,E-commerce,Medium,6,7,2,14,16,4.4,21.1,Basic,Medium,10244.77,427051.61,Medium
project_00831,E-commerce,High,9,11,2,22,29,5.6,40.3,Advanced,Medium,43762.67,2549836.59,High
project_00832,Cloud System,Low,5,2,2,4,12,2.5,10.0,Basic,Low,1729.39,67569.43,Low
project_00833,SaaS,Medium,6,8,2,16,22,5.1,24.5,Basic,Medium,11781.67,518978.12,Medium
project_00834,FinTech,High,12,10,2,20,21,5.1,49.0,Advanced,High,58806.05,3582721.83,High
project_00835,FinTech,Low,3,2,2,4,11,2.9,7.0,Basic,Medium,1176.04,36077.65,Low
project_00836,FinTech,Medium,7,7,2,14,18,4.8,26.9,Intermediate,Medium,14967.19,712945.49,Medium
project_00837,IoT,High,8,6,2,12,29,7.0,44.8,Intermediate,High,22657.97,1127899.89,High
project_00838,E-commerce,Low,3,4,2,8,11,3.6,8.6,Basic,Medium,2257.98,90772.32,Low
project_00839,FinTech,Medium,8,4,2,8,20,5.1,32.6,Intermediate,Low,9541.84,425407.9,Medium
project_00840,Healthcare,High,11,9,2,18,21,6.4,56.3,Advanced,Medium,46268.26,2231629.17,High
project_00841,Cloud System,Low,4,3,2,6,15,2.8,9.0,Basic,Low,2173.52,65841.98,Low
project_00842,E-commerce,Medium,7,6,2,12,16,4.2,23.5,Basic,High,12298.9,564121.9,High
project_00843,EdTech,High,10,11,2,22,30,7.6,60.8,Advanced,Medium,50917.94,2610220.37,High
project_00844,IoT,Low,3,4,2,8,13,3.0,7.2,Basic,Medium,2392.54,72533.68,Low
project_00845,Healthcare,Medium,7,4,2,8,18,4.6,25.8,Basic,High,8114.49,364300.02,High
project_00846,Cloud System,High,11,10,2,20,29,5.7,50.2,Advanced,High,56430.98,3254575.17,High
project_00847,EdTech,Low,4,4,2,8,11,2.2,7.0,Basic,Low,2775.38,91465.79,Low
project_00848,Healthcare,Medium,6,5,2,10,22,4.1,19.7,Intermediate,Medium,9394.08,415462.97,Medium
project_00849,IoT,High,11,11,2,22,27,5.2,45.8,Advanced,High,63269.1,3240219.98,High
project_00850,AI Platform,Low,3,4,2,8,15,3.2,7.7,Basic,Low,2052.62,80902.83,Low
project_00851,SaaS,Medium,6,4,2,8,20,4.5,21.6,Intermediate,Medium,8165.59,398447.38,Medium
project_00852,IoT,High,10,12,2,24,25,5.8,46.4,Advanced,High,59426.2,3461502.71,High
project_00853,Cloud System,Low,5,4,2,8,13,3.8,15.2,Basic,Low,3462.42,128029.56,Low
project_00854,Healthcare,Medium,6,7,2,14,17,4.5,21.6,Intermediate,Medium,13607.43,627718.12,Medium
project_00855,Cloud System,High,9,9,2,18,28,5.1,36.7,Intermediate,High,34363.98,2055887.85,High
project_00856,E-commerce,Low,5,2,2,4,12,2.7,10.8,Basic,Low,1691.92,57104.46,Low
project_00857,Cloud System,Medium,8,5,2,10,17,4.9,31.4,Intermediate,Medium,12974.36,583843.48,Medium
project_00858,IoT,High,9,11,2,22,26,6.7,48.2,Intermediate,High,41242.37,2357436.55,High
project_00859,Healthcare,Low,5,2,2,4,14,2.9,11.6,Basic,Medium,1892.73,78858.14,Low
project_00860,Cloud System,Medium,6,6,2,12,20,4.1,19.7,Basic,Low,8408.68,410653.99,Medium
project_00861,Cloud System,High,11,8,2,16,27,7.4,65.1,Advanced,High,45086.85,2326735.62,High
project_00862,Cloud System,Low,3,4,2,8,10,3.4,8.2,Basic,Medium,2298.71,69062.52,Low
project_00863,Healthcare,Medium,6,5,2,10,19,4.0,19.2,Basic,High,8633.86,345374.61,High
project_00864,SaaS,High,12,12,2,24,25,6.1,58.6,Advanced,High,75635.79,3784887.41,High
project_00865,Cloud System,Low,5,2,2,4,14,3.1,12.4,Basic,Medium,1861.92,64169.49,Low
project_00866,Cloud System,Medium,8,7,2,14,16,5.4,34.6,Intermediate,Medium,17202.68,682279.02,Medium
project_00867,EdTech,High,10,10,2,20,21,5.8,46.4,Intermediate,High,41022.79,2344173.17,High
project_00868,FinTech,Low,5,2,2,4,15,3.3,13.2,Basic,Medium,1891.23,66673.45,Low
project_00869,SaaS,Medium,5,8,2,16,22,5.1,20.4,Intermediate,Medium,13229.25,635269.2,Medium
project_00870,Cloud System,High,8,7,2,14,27,7.0,44.8,Advanced,Medium,26333.95,1332499.15,High
project_00871,EdTech,Low,5,4,2,8,15,2.2,8.8,Basic,Medium,3514.12,126898.7,Low
project_00872,E-commerce,Medium,8,4,2,8,20,4.8,30.7,Intermediate,Low,8961.72,425870.92,Medium
project_00873,Cloud System,High,11,12,2,24,23,5.7,50.2,Advanced,Medium,56026.7,2918131.14,High
project_00874,Cloud System,Low,3,2,2,4,14,3.6,8.6,Basic,Medium,1251.52,45258.29,Low
project_00875,FinTech,Medium,7,5,2,10,19,4.8,26.9,Intermediate,Low,10343.65,453036.19,Medium
project_00876,IoT,High,10,6,2,12,25,7.8,62.4,Advanced,High,32703.21,1709895.35,High
project_00877,Cloud System,Low,4,3,2,6,11,2.1,6.7,Basic,Low,2097.24,76514.8,Low
project_00878,FinTech,Medium,5,7,2,14,17,4.3,17.2,Intermediate,High,12145.03,552160.73,High
project_00879,Cloud System,High,8,11,2,22,24,7.5,48.0,Advanced,Medium,40216.6,2207683.67,High
project_00880,Cloud System,Low,3,2,2,4,10,2.8,6.7,Basic,Low,1101.39,35801.96,Low
project_00881,AI Platform,Medium,6,7,2,14,20,4.1,19.7,Intermediate,Medium,13591.46,570164.0,Medium
project_00882,EdTech,High,9,12,2,24,22,6.8,49.0,Advanced,High,55451.24,3282131.97,High
project_00883,FinTech,Low,4,4,2,8,14,2.1,6.7,Basic,Low,2669.45,98263.67,Low
project_00884,E-commerce,Medium,8,5,2,10,16,4.3,27.5,Basic,Low,9276.59,404611.77,Medium
project_00885,Cloud System,High,9,6,2,12,27,6.8,49.0,Intermediate,High,23056.85,1388815.04,High
project_00886,EdTech,Low,3,4,2,8,11,3.3,7.9,Basic,Low,2041.02,65759.29,Low
project_00887,E-commerce,Medium,8,5,2,10,16,5.2,33.3,Basic,Medium,10385.26,506343.86,Medium
project_00888,SaaS,High,10,11,2,22,29,5.8,46.4,Intermediate,High,46523.56,2626511.83,High
project_00889,FinTech,Low,4,4,2,8,12,2.7,8.6,Basic,Low,2679.23,98561.86,Low
project_00890,IoT,Medium,7,5,2,10,22,4.4,24.6,Basic,Medium,9224.58,366150.94,Medium
project_00891,Cloud System,High,10,10,2,20,26,7.5,60.0,Intermediate,Medium,39707.22,2073871.97,High
project_00892,Healthcare,Low,4,3,2,6,10,3.1,9.9,Basic,Medium,2285.25,84151.88,Low
project_00893,Healthcare,Medium,7,4,2,8,18,5.2,29.1,Basic,High,8508.52,392186.93,High
project_00894,SaaS,High,12,11,2,22,27,6.5,62.4,Advanced,High,66312.12,4027421.8,High
project_00895,AI Platform,Low,5,3,2,6,12,2.4,9.6,Basic,Low,2587.6,78550.35,Low
project_00896,EdTech,Medium,6,6,2,12,18,4.5,21.6,Basic,Low,8270.02,400799.67,Medium
project_00897,FinTech,High,10,12,2,24,28,7.9,63.2,Advanced,Medium,54809.79,2903045.94,High
project_00898,IoT,Low,4,3,2,6,12,2.2,7.0,Basic,Medium,2202.19,77403.78,Low
project_00899,IoT,Medium,6,8,2,16,17,5.2,25.0,Basic,High,13668.16,590117.64,High
project_00900,E-commerce,High,12,6,2,12,21,7.7,73.9,Intermediate,High,31668.16,1547496.41,High
project_00901,Healthcare,Low,5,2,2,4,10,3.6,14.4,Basic,Medium,1911.24,67272.32,Low
project_00902,AI Platform,Medium,5,4,2,8,20,5.2,20.8,Basic,Low,4649.39,210363.42,Medium
project_00903,Healthcare,High,9,12,2,24,26,5.1,36.7,Advanced,High,55050.93,2702351.35,High
project_00904,EdTech,Low,5,2,2,4,11,3.6,14.4,Basic,Low,1761.47,67287.99,Low
project_00905,E-commerce,Medium,6,8,2,16,19,5.5,26.4,Intermediate,Medium,15295.75,692890.14,Medium
project_00906,IoT,High,10,9,2,18,28,7.6,60.8,Advanced,High,47839.18,2829863.7,High
project_00907,SaaS,Low,4,2,2,4,15,3.0,9.6,Basic,Low,1484.09,53848.18,Low
project_00908,E-commerce,Medium,7,8,2,16,19,5.1,28.6,Intermediate,Low,15953.21,681007.94,Medium
project_00909,FinTech,High,12,9,2,18,21,5.0,48.0,Advanced,High,56208.91,2961099.99,High
project_00910,Healthcare,Low,5,2,2,4,12,2.0,8.0,Basic,Low,1709.34,62763.51,Low
project_00911,FinTech,Medium,8,5,2,10,17,5.4,34.6,Basic,Medium,10499.27,498228.2,Medium
project_00912,SaaS,High,9,12,2,24,23,6.3,45.4,Intermediate,High,46788.28,2408420.7,High
project_00913,E-commerce,Low,3,4,2,8,15,3.0,7.2,Basic,Medium,2321.28,72070.37,Low
project_00914,EdTech,Medium,5,8,2,16,16,4.4,17.6,Basic,Medium,9625.92,466506.09,Medium
project_00915,AI Platform,High,9,11,2,22,29,5.6,40.3,Advanced,High,48638.32,2731833.02,High
project_00916,FinTech,Low,3,2,2,4,10,2.9,7.0,Basic,Medium,1184.98,37498.88,Low
project_00917,EdTech,Medium,8,5,2,10,19,5.1,32.6,Intermediate,Medium,12239.22,551869.57,Medium
project_00918,Cloud System,High,11,9,2,18,27,7.7,67.8,Advanced,High,52141.94,2773223.09,High
project_00919,AI Platform,Low,3,2,2,4,14,2.8,6.7,Basic,Low,1127.25,42056.38,Low
project_00920,AI Platform,Medium,8,4,2,8,20,6.0,38.4,Intermediate,Medium,10525.51,491673.89,Medium
project_00921,EdTech,High,10,12,2,24,22,6.3,50.4,Advanced,Medium,53915.22,2719239.35,High
project_00922,EdTech,Low,4,4,2,8,12,2.7,8.6,Basic,Low,2715.57,101075.94,Low
project_00923,FinTech,Medium,6,6,2,12,21,5.0,24.0,Intermediate,Low,10399.19,470400.92,Medium
project_00924,E-commerce,High,12,8,2,16,29,5.2,49.9,Advanced,High,48293.91,2587014.53,High
project_00925,Cloud System,Low,5,3,2,6,15,3.6,14.4,Basic,Low,2742.2,83132.74,Low
project_00926,EdTech,Medium,8,6,2,12,19,5.9,37.8,Basic,Medium,12251.54,586655.0,Medium
project_00927,E-commerce,High,10,6,2,12,25,6.9,55.2,Advanced,High,32456.07,1747009.99,High
project_00928,SaaS,Low,4,4,2,8,10,2.3,7.4,Basic,Medium,2835.63,113734.38,Low
project_00929,E-commerce,Medium,8,8,2,16,16,5.7,36.5,Basic,Medium,15676.66,769437.92,Medium
project_00930,E-commerce,High,9,6,2,12,25,6.6,47.5,Advanced,High,29530.94,1546668.45,High
project_00931,EdTech,Low,5,4,2,8,12,2.4,9.6,Basic,Low,3265.84,124218.1,Low
project_00932,AI Platform,Medium,8,5,2,10,20,5.4,34.6,Intermediate,High,13992.17,557144.64,High
project_00933,E-commerce,High,8,6,2,12,22,5.2,33.3,Intermediate,High,20307.99,1172286.92,High
project_00934,IoT,Low,3,3,2,6,11,3.1,7.4,Basic,Medium,1716.32,54080.75,Low
project_00935,Cloud System,Medium,5,4,2,8,16,4.9,19.6,Intermediate,Medium,6373.04,315217.41,Medium
project_00936,EdTech,High,9,8,2,16,23,5.1,36.7,Advanced,High,38158.07,1986067.68,High
project_00937,E-commerce,Low,4,3,2,6,15,3.8,12.2,Basic,Low,2109.03,75385.62,Low
project_00938,Healthcare,Medium,7,7,2,14,18,4.7,26.3,Intermediate,Medium,15286.32,651439.31,Medium
project_00939,IoT,High,9,7,2,14,23,5.2,37.4,Advanced,High,31524.87,1972833.65,High
project_00940,FinTech,Low,4,4,2,8,12,2.2,7.0,Basic,Low,2570.77,95106.83,Low
project_00941,SaaS,Medium,6,7,2,14,17,4.9,23.5,Basic,Medium,10918.79,422675.02,Medium
project_00942,Cloud System,High,8,11,2,22,30,7.5,48.0,Intermediate,High,39800.46,1928188.78,High
project_00943,EdTech,Low,4,4,2,8,12,2.6,8.3,Basic,Medium,2834.87,88473.36,Low
project_00944,Healthcare,Medium,8,6,2,12,19,4.1,26.2,Intermediate,Medium,14466.26,637574.23,Medium
project_00945,EdTech,High,8,9,2,18,21,5.2,33.3,Advanced,Medium,32305.32,1966167.27,High
project_00946,FinTech,Low,5,2,2,4,11,2.7,10.8,Basic,Medium,1882.27,69342.07,Low
project_00947,AI Platform,Medium,6,4,2,8,17,4.9,23.5,Intermediate,Low,7289.32,313754.17,Medium
project_00948,AI Platform,High,11,8,2,16,30,5.4,47.5,Advanced,Medium,42079.61,2223720.98,High
project_00949,IoT,Low,3,3,2,6,15,2.9,7.0,Basic,Medium,1700.92,63687.49,Low
project_00950,FinTech,Medium,8,6,2,12,22,4.2,26.9,Basic,Low,10696.79,429999.59,Medium
project_00951,FinTech,High,9,10,2,20,28,7.8,56.2,Advanced,Medium,43374.78,2105506.57,High
project_00952,IoT,Low,5,3,2,6,11,3.5,14.0,Basic,Medium,2827.49,92350.03,Low
project_00953,EdTech,Medium,8,5,2,10,16,5.6,35.8,Intermediate,Medium,13070.61,524213.84,Medium
project_00954,Healthcare,High,8,9,2,18,20,7.3,46.7,Advanced,High,36685.65,1902124.61,High
project_00955,E-commerce,Low,5,2,2,4,15,4.0,16.0,Basic,Low,1834.59,62768.23,Low
project_00956,SaaS,Medium,6,8,2,16,22,4.6,22.1,Intermediate,Low,13431.95,543951.7,Medium
project_00957,E-commerce,High,8,9,2,18,23,7.1,45.4,Advanced,Medium,34223.99,2013107.9,High
project_00958,FinTech,Low,5,4,2,8,15,2.3,9.2,Basic,Medium,3510.74,119834.32,Low
project_00959,E-commerce,Medium,8,5,2,10,18,4.8,30.7,Basic,High,11849.79,575754.65,High
project_00960,FinTech,High,9,8,2,16,29,8.0,57.6,Advanced,Medium,32288.08,1874005.53,High
project_00961,FinTech,Low,4,3,2,6,11,2.4,7.7,Basic,Medium,2159.33,78327.29,Low
project_00962,Cloud System,Medium,5,5,2,10,20,5.6,22.4,Intermediate,Medium,8368.18,404752.33,Medium
project_00963,EdTech,High,11,6,2,12,25,5.4,47.5,Advanced,High,33034.87,1801673.5,High
project_00964,Cloud System,Low,4,4,2,8,14,3.3,10.6,Basic,Low,2767.9,92954.89,Low
project_00965,Cloud System,Medium,7,4,2,8,21,4.8,26.9,Intermediate,High,10153.95,491934.17,High
project_00966,EdTech,High,8,12,2,24,20,6.5,41.6,Advanced,Medium,41101.45,2162864.42,High
project_00967,Cloud System,Low,4,4,2,8,10,2.7,8.6,Basic,Medium,2863.45,109419.51,Low
project_00968,FinTech,Medium,8,5,2,10,19,4.4,28.2,Intermediate,High,14202.09,639269.09,High
project_00969,IoT,High,12,9,2,18,21,7.9,75.8,Intermediate,High,47063.04,2468775.13,High
project_00970,SaaS,Low,4,2,2,4,14,3.1,9.9,Basic,Low,1503.64,53560.97,Low
project_00971,Cloud System,Medium,7,6,2,12,15,5.9,33.0,Intermediate,Low,12326.21,502584.91,Medium
project_00972,FinTech,High,11,6,2,12,28,5.3,46.6,Intermediate,High,29510.36,1629002.79,High
project_00973,IoT,Low,3,4,2,8,11,3.0,7.2,Basic,Low,2034.0,80778.09,Low
project_00974,EdTech,Medium,8,5,2,10,21,5.5,35.2,Intermediate,Low,11979.93,535681.19,Medium
project_00975,FinTech,High,10,7,2,14,25,7.5,60.0,Advanced,High,37253.63,1907643.94,High
project_00976,E-commerce,Low,5,4,2,8,15,3.6,14.4,Basic,Low,3339.88,131812.02,Low
project_00977,E-commerce,Medium,7,5,2,10,20,5.0,28.0,Intermediate,High,12849.02,590071.91,High
project_00978,SaaS,High,8,10,2,20,26,5.9,37.8,Advanced,Medium,37352.64,1784596.96,High
project_00979,AI Platform,Low,4,2,2,4,13,3.3,10.6,Basic,Medium,1545.86,60061.9,Low
project_00980,EdTech,Medium,7,6,2,12,18,4.0,22.4,Intermediate,High,14398.25,710948.87,High
project_00981,IoT,High,11,12,2,24,21,5.7,50.2,Advanced,High,63901.57,3495757.64,High
project_00982,AI Platform,Low,4,4,2,8,12,3.4,10.9,Basic,Low,2858.43,108798.46,Low
project_00983,Cloud System,Medium,8,8,2,16,18,5.7,36.5,Basic,Medium,16365.91,674038.56,Medium
project_00984,EdTech,High,9,6,2,12,21,7.7,55.4,Intermediate,High,23675.22,1323194.07,High
project_00985,E-commerce,Low,5,4,2,8,15,2.4,9.6,Basic,Low,3216.48,101023.98,Low
project_00986,EdTech,Medium,5,6,2,12,18,5.8,23.2,Intermediate,Low,8799.07,419657.9,Medium
project_00987,Healthcare,High,11,12,2,24,28,5.0,44.0,Intermediate,High,57705.74,3200960.95,High
project_00988,Healthcare,Low,3,4,2,8,14,2.4,5.8,Basic,Low,2080.44,71330.58,Low
project_00989,E-commerce,Medium,6,7,2,14,15,4.4,21.1,Intermediate,Medium,12514.72,607872.45,Medium
project_00990,EdTech,High,10,10,2,20,21,5.0,40.0,Advanced,High,49912.21,2635684.28,High
project_00991,E-commerce,Low,3,2,2,4,10,2.3,5.5,Basic,Low,1072.62,32588.27,Low
project_00992,E-commerce,Medium,7,8,2,16,20,4.0,22.4,Intermediate,Medium,17469.02,712324.78,Medium
project_00993,Cloud System,High,9,10,2,20,28,5.2,37.4,Intermediate,Medium,34389.76,2031215.56,High
project_00994,Cloud System,Low,4,4,2,8,15,2.9,9.3,Basic,Medium,3012.86,111794.25,Low
project_00995,Healthcare,Medium,6,7,2,14,15,5.5,26.4,Basic,Medium,10332.46,522507.21,Medium
project_00996,Cloud System,High,8,8,2,16,30,6.1,39.0,Advanced,High,33613.13,1637892.63,High
project_00997,Cloud System,Low,4,3,2,6,14,2.8,9.0,Basic,Medium,2255.9,82258.01,Low
project_00998,AI Platform,Medium,7,5,2,10,15,6.0,33.6,Basic,High,10335.31,411961.07,High
project_00999,FinTech,High,12,11,2,22,22,7.3,70.1,Intermediate,Medium,48263.53,2405787.25,High
project_01000,FinTech,Low,3,3,2,6,12,3.2,7.7,Basic,Low,1658.22,46643.93,Low
project_01001,SaaS,Medium,6,6,2,12,17,4.4,21.1,Intermediate,Low,9935.52,515770.22,Medium
project_01002,EdTech,High,10,7,2,14,22,5.6,44.8,Advanced,High,35402.36,1829162.47,High
project_01003,AI Platform,Low,4,3,2,6,10,3.2,10.2,Basic,Low,1999.91,76872.8,Low
project_01004,EdTech,Medium,6,5,2,10,21,5.0,24.0,Basic,Low,7040.93,282612.52,Medium
project_01005,EdTech,High,11,12,2,24,30,5.3,46.6,Advanced,High,66560.92,3496053.01,High
project_01006,Cloud System,Low,3,4,2,8,10,3.6,8.6,Basic,Medium,2295.76,83498.37,Low
project_01007,Cloud System,Medium,6,5,2,10,17,4.2,20.2,Intermediate,Medium,9270.3,411172.06,Medium
project_01008,Healthcare,High,9,7,2,14,30,5.0,36.0,Intermediate,Medium,23306.3,1419211.71,High
project_01009,Healthcare,Low,5,4,2,8,15,3.2,12.8,Basic,Low,3291.6,109978.56,Low
project_01010,AI Platform,Medium,7,7,2,14,16,5.4,30.2,Intermediate,Medium,15405.62,645100.88,Medium
project_01011,AI Platform,High,9,11,2,22,26,6.0,43.2,Intermediate,Medium,39094.64,2125488.11,High
project_01012,Cloud System,Low,4,4,2,8,15,3.9,12.5,Basic,Low,2791.6,100615.43,Low
project_01013,E-commerce,Medium,7,7,2,14,18,4.8,26.9,Intermediate,Low,13578.5,572286.49,Medium
project_01014,Healthcare,High,11,8,2,16,23,7.9,69.5,Advanced,High,45108.11,2557005.09,High
project_01015,SaaS,Low,3,3,2,6,11,3.5,8.4,Basic,Medium,1786.84,64109.18,Low
project_01016,EdTech,Medium,7,7,2,14,16,4.7,26.3,Basic,Medium,12379.75,497821.61,Medium
project_01017,AI Platform,High,11,11,2,22,24,5.9,51.9,Advanced,High,63648.95,3169839.99,High
project_01018,IoT,Low,5,2,2,4,13,3.3,13.2,Basic,Medium,1894.14,61850.73,Low
project_01019,FinTech,Medium,8,5,2,10,21,4.3,27.5,Basic,Medium,10243.59,444739.85,Medium
project_01020,FinTech,High,9,10,2,20,25,6.6,47.5,Advanced,High,44389.1,2540679.08,High
project_01021,Cloud System,Low,4,3,2,6,10,2.3,7.4,Basic,Low,2040.89,69639.04,Low
project_01022,AI Platform,Medium,8,6,2,12,21,4.3,27.5,Intermediate,Medium,15262.88,709984.99,Medium
project_01023,FinTech,High,10,9,2,18,28,6.4,51.2,Advanced,Medium,40653.0,2257220.67,High
project_01024,AI Platform,Low,5,4,2,8,11,3.5,14.0,Basic,Medium,3836.08,128223.78,Low
project_01025,EdTech,Medium,5,4,2,8,16,4.6,18.4,Intermediate,High,7314.71,297616.35,High
project_01026,AI Platform,High,10,10,2,20,20,7.5,60.0,Advanced,High,50477.8,2711970.38,High
project_01027,IoT,Low,5,4,2,8,15,3.8,15.2,Basic,Medium,3916.51,118210.96,Low
project_01028,EdTech,Medium,8,8,2,16,22,5.7,36.5,Basic,Low,14736.53,695225.32,Medium
project_01029,AI Platform,High,8,10,2,20,27,6.5,41.6,Advanced,Medium,35860.11,1961440.22,High
project_01030,AI Platform,Low,4,3,2,6,11,2.2,7.0,Basic,Low,1917.71,76166.07,Low
project_01031,IoT,Medium,7,4,2,8,17,5.6,31.4,Basic,Medium,7279.97,328495.63,Medium
project_01032,IoT,High,10,9,2,18,25,7.6,60.8,Advanced,High,44672.91,2388422.36,High
project_01033,IoT,Low,3,2,2,4,11,3.2,7.7,Basic,Medium,1226.26,44805.88,Low
project_01034,SaaS,Medium,6,8,2,16,16,5.0,24.0,Intermediate,Medium,15265.84,604681.62,Medium
project_01035,SaaS,High,9,6,2,12,30,6.5,46.8,Advanced,High,28183.46,1638825.38,High
project_01036,FinTech,Low,3,2,2,4,13,2.3,5.5,Basic,Low,1028.27,34664.05,Low
project_01037,Healthcare,Medium,5,5,2,10,15,5.5,22.0,Basic,Low,5775.73,230563.93,Medium
project_01038,Cloud System,High,9,8,2,16,26,6.3,45.4,Advanced,High,36414.08,2292242.78,High
project_01039,E-commerce,Low,3,3,2,6,10,3.4,8.2,Basic,Low,1597.96,51210.06,Low
project_01040,SaaS,Medium,6,8,2,16,15,5.5,26.4,Intermediate,Medium,14374.3,650454.7,Medium
project_01041,AI Platform,High,9,7,2,14,27,7.7,55.4,Intermediate,Medium,25320.59,1434365.39,High
project_01042,Cloud System,Low,3,4,2,8,13,2.2,5.3,Basic,Low,2026.03,66341.32,Low
project_01043,AI Platform,Medium,8,7,2,14,16,5.1,32.6,Intermediate,Low,16313.94,645308.32,Medium
project_01044,SaaS,High,12,8,2,16,21,5.2,49.9,Advanced,Medium,43258.99,2571014.03,High
project_01045,FinTech,Low,4,2,2,4,11,3.9,12.5,Basic,Low,1474.75,47451.22,Low
project_01046,EdTech,Medium,5,4,2,8,19,5.2,20.8,Basic,Low,5054.7,226133.85,Medium
project_01047,Cloud System,High,9,7,2,14,22,7.4,53.3,Advanced,High,32393.09,2025222.0,High
project_01048,E-commerce,Low,3,2,2,4,11,3.6,8.6,Basic,Low,1070.67,41150.4,Low
project_01049,Healthcare,Medium,8,5,2,10,22,5.8,37.1,Intermediate,Low,11590.37,521844.74,Medium
project_01050,EdTech,High,12,10,2,20,27,8.0,76.8,Advanced,Medium,57228.54,2786246.8,High
project_01051,E-commerce,Low,3,3,2,6,15,3.2,7.7,Basic,Low,1674.61,52607.38,Low
project_01052,IoT,Medium,6,7,2,14,22,5.3,25.4,Basic,Low,9564.65,397474.25,Medium
project_01053,SaaS,High,12,12,2,24,22,6.0,57.6,Intermediate,High,59016.94,3563052.98,High
project_01054,IoT,Low,4,4,2,8,11,2.4,7.7,Basic,Low,2634.02,83420.26,Low
project_01055,EdTech,Medium,5,7,2,14,18,5.6,22.4,Intermediate,High,12878.47,517041.62,High
project_01056,AI Platform,High,8,9,2,18,26,6.3,40.3,Intermediate,High,31934.67,1665996.89,High
project_01057,EdTech,Low,5,2,2,4,14,3.1,12.4,Basic,Medium,1934.05,58002.04,Low
project_01058,Healthcare,Medium,8,6,2,12,18,4.2,26.9,Intermediate,Medium,15251.63,697594.87,Medium
project_01059,SaaS,High,12,9,2,18,30,7.9,75.8,Advanced,High,57214.64,3008352.98,High
project_01060,IoT,Low,3,4,2,8,10,3.8,9.1,Basic,Low,2148.04,78199.91,Low
project_01061,FinTech,Medium,8,4,2,8,22,4.4,28.2,Intermediate,Medium,10647.21,478060.91,Medium
project_01062,EdTech,High,9,12,2,24,27,7.0,50.4,Advanced,High,55384.06,3225352.76,High
project_01063,Cloud System,Low,4,3,2,6,13,2.3,7.4,Basic,Medium,2175.39,86629.31,Low
project_01064,SaaS,Medium,6,5,2,10,22,5.4,25.9,Basic,Low,7347.45,288921.54,Medium
project_01065,IoT,High,9,9,2,18,21,5.8,41.8,Advanced,Medium,35937.89,2234286.56,High
project_01066,IoT,Low,4,4,2,8,12,3.5,11.2,Basic,Low,2824.94,98956.75,Low
project_01067,FinTech,Medium,7,7,2,14,19,4.4,24.6,Intermediate,Low,13311.63,573495.01,Medium
project_01068,IoT,High,10,6,2,12,30,6.4,51.2,Advanced,Medium,29180.78,1597882.24,High
project_01069,Cloud System,Low,3,4,2,8,11,2.8,6.7,Basic,Medium,2255.3,80251.75,Low
project_01070,Cloud System,Medium,7,4,2,8,21,4.3,24.1,Intermediate,Medium,8586.88,383884.6,Medium
project_01071,IoT,High,11,11,2,22,29,5.5,48.4,Advanced,High,64198.18,3427112.64,High
project_01072,AI Platform,Low,3,4,2,8,13,3.3,7.9,Basic,Medium,2399.84,69356.44,Low
project_01073,EdTech,Medium,7,4,2,8,22,4.8,26.9,Intermediate,Medium,8692.21,384964.28,Medium
project_01074,SaaS,High,8,8,2,16,22,5.2,33.3,Advanced,Medium,30185.4,1558770.52,High
project_01075,SaaS,Low,4,4,2,8,13,3.7,11.8,Basic,Low,2641.59,85679.1,Low
project_01076,Cloud System,Medium,6,8,2,16,15,5.4,25.9,Intermediate,Medium,15289.39,623320.66,Medium
project_01077,FinTech,High,9,9,2,18,28,7.8,56.2,Intermediate,Medium,30496.37,1615494.99,High
project_01078,AI Platform,Low,4,2,2,4,13,2.2,7.0,Basic,Low,1381.39,53194.42,Low
project_01079,FinTech,Medium,8,7,2,14,19,5.0,32.0,Intermediate,Low,15591.15,700023.09,Medium
project_01080,AI Platform,High,12,10,2,20,25,7.0,67.2,Advanced,High,59226.87,3532466.9,High
project_01081,Healthcare,Low,5,3,2,6,10,3.8,15.2,Basic,Medium,2737.56,107176.43,Low
project_01082,Healthcare,Medium,6,6,2,12,16,5.3,25.4,Intermediate,Low,9783.72,397235.71,Medium
project_01083,EdTech,High,8,12,2,24,29,6.8,43.5,Advanced,Medium,44947.56,2515323.7,High
project_01084,AI Platform,Low,3,2,2,4,15,3.3,7.9,Basic,Medium,1247.81,45334.5,Low
project_01085,SaaS,Medium,6,6,2,12,22,5.2,25.0,Intermediate,Medium,11653.26,545918.55,Medium
project_01086,SaaS,High,9,6,2,12,24,5.9,42.5,Advanced,Medium,24652.86,1485562.95,High
project_01087,E-commerce,Low,3,2,2,4,10,3.4,8.2,Basic,Low,1146.54,37715.67,Low
project_01088,IoT,Medium,8,8,2,16,22,5.0,32.0,Intermediate,Low,18851.55,874287.24,Medium
project_01089,AI Platform,High,11,8,2,16,20,8.0,70.4,Advanced,Medium,40523.87,2032885.11,High
project_01090,AI Platform,Low,3,2,2,4,11,3.8,9.1,Basic,Low,1158.22,35616.4,Low
project_01091,Healthcare,Medium,5,6,2,12,20,4.9,19.6,Basic,Low,7135.59,362937.25,Medium
project_01092,Healthcare,High,10,6,2,12,25,7.4,59.2,Advanced,High,30643.24,1562669.25,High
project_01093,Healthcare,Low,3,2,2,4,12,3.6,8.6,Basic,Low,1182.16,39873.17,Low
project_01094,Cloud System,Medium,5,8,2,16,21,4.1,16.4,Intermediate,Medium,12492.5,550689.1,Medium
project_01095,E-commerce,High,9,11,2,22,30,7.8,56.2,Advanced,High,49700.54,2741267.81,High
project_01096,EdTech,Low,3,3,2,6,12,2.0,4.8,Basic,Low,1535.61,46750.88,Low
project_01097,SaaS,Medium,8,7,2,14,17,4.8,30.7,Intermediate,High,18618.41,949034.68,High
project_01098,IoT,High,8,12,2,24,26,6.5,41.6,Intermediate,Medium,36230.4,2131700.45,High
project_01099,E-commerce,Low,3,2,2,4,12,3.5,8.4,Basic,Low,1136.61,36777.14,Low
project_01100,Healthcare,Medium,7,6,2,12,19,5.6,31.4,Intermediate,Medium,12863.39,615075.42,Medium
project_01101,AI Platform,High,8,12,2,24,24,5.8,37.1,Intermediate,High,42432.72,2021667.74,High
project_01102,Healthcare,Low,3,3,2,6,12,3.6,8.6,Basic,Low,1598.37,59911.01,Low
project_01103,AI Platform,Medium,6,6,2,12,21,5.0,24.0,Intermediate,Low,10189.6,407994.99,Medium
project_01104,FinTech,High,8,7,2,14,21,7.1,45.4,Advanced,High,28597.44,1748463.81,High
project_01105,Healthcare,Low,4,2,2,4,13,3.4,10.9,Basic,Low,1489.34,49630.87,Low
project_01106,IoT,Medium,6,7,2,14,17,4.1,19.7,Intermediate,Low,12342.34,545019.49,Medium
project_01107,SaaS,High,8,11,2,22,26,5.9,37.8,Advanced,High,44709.04,2548654.59,High
project_01108,FinTech,Low,5,4,2,8,15,3.7,14.8,Basic,Medium,3625.22,131662.5,Low
project_01109,E-commerce,Medium,6,7,2,14,15,4.5,21.6,Basic,High,11286.05,548298.77,High
project_01110,Cloud System,High,12,10,2,20,21,7.0,67.2,Advanced,Medium,52568.15,3167350.37,High
project_01111,SaaS,Low,3,3,2,6,13,2.4,5.8,Basic,Low,1594.11,53603.06,Low
project_01112,EdTech,Medium,5,7,2,14,15,5.1,20.4,Basic,Medium,8699.7,384281.63,Medium
project_01113,AI Platform,High,11,7,2,14,22,5.1,44.9,Intermediate,High,33144.22,1807547.19,High
project_01114,Cloud System,Low,5,3,2,6,13,3.6,14.4,Basic,Medium,2917.02,95485.46,Low
project_01115,Healthcare,Medium,7,6,2,12,22,5.3,29.7,Intermediate,Medium,13216.48,574969.03,Medium
project_01116,Healthcare,High,9,11,2,22,28,5.4,38.9,Advanced,High,50796.14,2740193.07,High
project_01117,SaaS,Low,5,4,2,8,10,2.1,8.4,Basic,Medium,3783.54,115373.94,Low
project_01118,E-commerce,Medium,7,7,2,14,22,4.4,24.6,Intermediate,High,17372.43,870882.57,High
project_01119,FinTech,High,11,8,2,16,29,5.7,50.2,Advanced,Medium,38495.69,2148775.62,High
project_01120,AI Platform,Low,4,2,2,4,13,3.4,10.9,Basic,Low,1492.78,47370.0,Low
project_01121,IoT,Medium,8,4,2,8,22,5.0,32.0,Intermediate,Medium,10114.47,519564.56,Medium
project_01122,E-commerce,High,9,9,2,18,30,5.2,37.4,Intermediate,High,33656.97,1766459.05,High
project_01123,Healthcare,Low,4,2,2,4,10,3.7,11.8,Basic,Low,1433.22,48382.28,Low
project_01124,AI Platform,Medium,5,5,2,10,19,5.8,23.2,Intermediate,Low,7844.01,319370.69,Medium
project_01125,E-commerce,High,11,7,2,14,28,7.4,65.1,Intermediate,Medium,30866.73,1603297.61,High
project_01126,Cloud System,Low,4,3,2,6,12,2.9,9.3,Basic,Low,1999.89,81348.11,Low
project_01127,AI Platform,Medium,8,4,2,8,16,4.9,31.4,Intermediate,Medium,10459.74,433366.58,Medium
project_01128,AI Platform,High,11,9,2,18,21,5.3,46.6,Advanced,High,50771.31,2708270.1,High
project_01129,EdTech,Low,3,2,2,4,11,3.6,8.6,Basic,Low,1136.73,40354.24,Low
project_01130,Healthcare,Medium,8,7,2,14,16,5.8,37.1,Intermediate,High,18933.48,893134.36,High
project_01131,FinTech,High,8,8,2,16,30,6.9,44.2,Advanced,Medium,30030.39,1680126.05,High
project_01132,Cloud System,Low,5,2,2,4,15,3.7,14.8,Basic,Medium,2061.27,67635.86,Low
project_01133,IoT,Medium,7,7,2,14,15,4.9,27.4,Intermediate,Medium,14951.73,659127.49,Medium
project_01134,Healthcare,High,12,12,2,24,20,6.3,60.5,Intermediate,High,58168.86,3519732.0,High
project_01135,Cloud System,Low,3,2,2,4,15,2.5,6.0,Basic,Low,1149.19,37146.2,Low
project_01136,Cloud System,Medium,7,4,2,8,19,4.8,26.9,Intermediate,Medium,8620.75,405505.91,Medium
project_01137,IoT,High,12,9,2,18,30,7.3,70.1,Advanced,High,53918.18,3200484.68,High
project_01138,FinTech,Low,5,2,2,4,13,2.3,9.2,Basic,Medium,1822.35,75997.0,Low
project_01139,IoT,Medium,5,7,2,14,16,4.2,16.8,Basic,Medium,9103.8,376776.43,Medium
project_01140,FinTech,High,8,9,2,18,23,6.1,39.0,Advanced,High,37462.87,1936343.41,High
project_01141,EdTech,Low,3,4,2,8,11,3.3,7.9,Basic,Low,2017.42,68385.2,Low
project_01142,IoT,Medium,6,5,2,10,15,4.6,22.1,Intermediate,High,10305.57,481137.31,High
project_01143,SaaS,High,9,7,2,14,30,6.0,43.2,Advanced,High,32448.82,1902093.22,High
project_01144,FinTech,Low,3,4,2,8,14,2.8,6.7,Basic,Low,1977.43,82886.98,Low
project_01145,Cloud System,Medium,8,7,2,14,16,4.7,30.1,Intermediate,Medium,17589.45,832300.31,Medium
project_01146,SaaS,High,9,10,2,20,27,5.2,37.4,Intermediate,Medium,32741.75,1886408.57,High
project_01147,AI Platform,Low,4,2,2,4,13,3.2,10.2,Basic,Low,1408.57,47890.1,Low
project_01148,FinTech,Medium,8,7,2,14,19,4.0,25.6,Intermediate,Medium,17105.08,769294.81,Medium
project_01149,SaaS,High,11,10,2,20,21,7.4,65.1,Advanced,High,57681.38,2973622.81,High
project_01150,E-commerce,Low,3,3,2,6,15,3.9,9.4,Basic,Low,1737.9,59288.35,Low
project_01151,EdTech,Medium,5,7,2,14,21,4.8,19.2,Intermediate,High,12222.0,538260.34,High
project_01152,Healthcare,High,11,11,2,22,27,5.5,48.4,Advanced,High,59061.73,3424791.84,High
project_01153,IoT,Low,4,3,2,6,14,2.9,9.3,Basic,Low,2018.7,71132.32,Low
project_01154,Healthcare,Medium,7,6,2,12,20,5.3,29.7,Intermediate,High,15714.25,732034.09,High
project_01155,Healthcare,High,8,6,2,12,25,5.4,34.6,Advanced,Medium,23150.14,1259063.23,High
project_01156,AI Platform,Low,3,2,2,4,12,2.5,6.0,Basic,Medium,1238.93,42072.51,Low
project_01157,E-commerce,Medium,7,7,2,14,16,5.1,28.6,Basic,Medium,12386.22,520121.27,Medium
project_01158,IoT,High,8,12,2,24,22,5.6,35.8,Advanced,High,48391.91,2721071.86,High
project_01159,SaaS,Low,5,4,2,8,12,2.7,10.8,Basic,Low,3332.74,99553.53,Low
project_01160,SaaS,Medium,7,7,2,14,18,4.5,25.2,Intermediate,Medium,14902.32,622777.1,Medium
project_01161,IoT,High,12,7,2,14,28,5.5,52.8,Intermediate,High,36051.02,1977358.2,High
project_01162,AI Platform,Low,3,2,2,4,10,2.8,6.7,Basic,Medium,1227.11,45296.62,Low
project_01163,E-commerce,Medium,5,4,2,8,21,5.3,21.2,Intermediate,Medium,6620.99,300760.08,Medium
project_01164,SaaS,High,9,12,2,24,24,6.7,48.2,Advanced,High,52921.64,2813410.74,High
project_01165,Cloud System,Low,4,3,2,6,10,2.9,9.3,Basic,Low,1991.19,76225.74,Low
project_01166,EdTech,Medium,7,5,2,10,17,4.6,25.8,Basic,Low,7604.77,393423.8,Medium
project_01167,Cloud System,High,8,10,2,20,20,7.2,46.1,Intermediate,High,34545.0,1837652.35,High
project_01168,Cloud System,Low,4,2,2,4,14,2.3,7.4,Basic,Medium,1503.36,46869.58,Low
project_01169,FinTech,Medium,6,8,2,16,17,4.0,19.2,Intermediate,Low,13602.15,543677.42,Medium
project_01170,SaaS,High,12,11,2,22,22,8.0,76.8,Intermediate,Medium,47985.99,2724119.16,High
project_01171,SaaS,Low,5,3,2,6,15,2.1,8.4,Basic,Low,2510.33,93356.69,Low
project_01172,E-commerce,Medium,6,5,2,10,19,5.6,26.9,Basic,Medium,7939.59,350462.31,Medium
project_01173,Cloud System,High,9,8,2,16,21,5.1,36.7,Advanced,High,38320.14,2062128.45,High
project_01174,AI Platform,Low,5,2,2,4,12,3.1,12.4,Basic,Medium,2014.91,71394.05,Low
project_01175,IoT,Medium,6,4,2,8,18,5.1,24.5,Intermediate,Low,7280.38,350408.98,Medium
project_01176,FinTech,High,11,11,2,22,25,5.5,48.4,Advanced,High,59551.75,3699092.03,High
project_01177,Healthcare,Low,4,3,2,6,11,2.8,9.0,Basic,Low,2095.53,68608.77,Low
project_01178,FinTech,Medium,6,7,2,14,19,5.3,25.4,Intermediate,Medium,13023.39,644945.06,Medium
project_01179,Cloud System,High,12,6,2,12,29,5.2,49.9,Advanced,Medium,31627.3,1650564.61,High
project_01180,FinTech,Low,5,4,2,8,12,2.1,8.4,Basic,Medium,3809.5,115023.03,Low
project_01181,E-commerce,Medium,7,7,2,14,19,5.5,30.8,Intermediate,Medium,14646.02,746816.55,Medium
project_01182,FinTech,High,9,10,2,20,26,6.3,45.4,Advanced,High,44299.11,2404348.06,High
project_01183,E-commerce,Low,5,2,2,4,11,3.7,14.8,Basic,Low,1833.78,67151.65,Low
project_01184,SaaS,Medium,7,7,2,14,18,5.8,32.5,Basic,Medium,12374.94,539684.62,Medium
project_01185,SaaS,High,11,11,2,22,27,5.1,44.9,Intermediate,High,52846.05,3032215.84,High
project_01186,EdTech,Low,5,4,2,8,11,3.5,14.0,Basic,Low,3216.12,109106.14,Low
project_01187,IoT,Medium,8,7,2,14,16,4.9,31.4,Basic,High,15349.42,759938.09,High
project_01188,EdTech,High,12,6,2,12,21,7.5,72.0,Intermediate,High,29897.2,1831385.14,High
project_01189,EdTech,Low,5,2,2,4,13,3.1,12.4,Basic,Low,1765.74,56732.1,Low
project_01190,Healthcare,Medium,7,6,2,12,17,5.5,30.8,Basic,Low,9710.88,384485.74,Medium
project_01191,SaaS,High,10,12,2,24,21,6.4,51.2,Intermediate,High,50289.37,2948005.29,High
project_01192,SaaS,Low,3,4,2,8,11,2.3,5.5,Basic,Low,1952.74,73216.72,Low
project_01193,Cloud System,Medium,5,4,2,8,16,5.4,21.6,Basic,Medium,5115.88,238771.6,Medium
project_01194,Cloud System,High,10,6,2,12,21,6.8,54.4,Intermediate,High,25980.9,1337442.45,High
project_01195,SaaS,Low,4,3,2,6,15,2.9,9.3,Basic,Low,2139.45,80574.62,Low
project_01196,Cloud System,Medium,8,4,2,8,15,4.9,31.4,Basic,Medium,7717.51,361070.27,Medium
project_01197,IoT,High,9,11,2,22,24,5.6,40.3,Advanced,Medium,46266.17,2293044.23,High
project_01198,SaaS,Low,4,2,2,4,10,3.6,11.5,Basic,Medium,1607.43,59161.75,Low
project_01199,Healthcare,Medium,6,6,2,12,15,5.9,28.3,Intermediate,Low,10682.84,447793.33,Medium
project_01200,FinTech,High,8,10,2,20,20,6.3,40.3,Advanced,High,39829.14,2129149.97,High
project_01201,AI Platform,Low,3,3,2,6,10,2.4,5.8,Basic,Low,1527.7,53750.04,Low
project_01202,EdTech,Medium,7,5,2,10,15,4.4,24.6,Intermediate,High,12434.96,566718.23,High
project_01203,AI Platform,High,9,11,2,22,22,6.8,49.0,Advanced,High,52653.87,2660907.81,High
project_01204,SaaS,Low,5,2,2,4,13,2.7,10.8,Basic,Low,1688.24,56809.05,Low
project_01205,Healthcare,Medium,7,7,2,14,22,5.6,31.4,Intermediate,Medium,14925.97,709493.69,Medium
project_01206,EdTech,High,12,10,2,20,30,6.4,61.4,Intermediate,High,49303.66,2831967.28,High
project_01207,IoT,Low,4,2,2,4,12,3.9,12.5,Basic,Low,1446.52,55860.3,Low
project_01208,FinTech,Medium,6,6,2,12,21,4.1,19.7,Intermediate,Medium,10812.71,533224.3,Medium
project_01209,IoT,High,12,8,2,16,28,7.8,74.9,Advanced,High,49918.68,3034143.81,High
project_01210,IoT,Low,5,2,2,4,13,2.4,9.6,Basic,Medium,1945.73,65427.24,Low
project_01211,Cloud System,Medium,7,8,2,16,15,4.2,23.5,Intermediate,Medium,17407.75,755765.65,Medium
project_01212,E-commerce,High,8,11,2,22,30,5.7,36.5,Intermediate,High,37055.41,1965310.48,High
project_01213,Healthcare,Low,5,3,2,6,12,2.2,8.8,Basic,Medium,2674.43,111618.33,Low
project_01214,Healthcare,Medium,5,4,2,8,19,5.3,21.2,Intermediate,High,7754.69,350666.73,High
project_01215,Cloud System,High,10,12,2,24,28,6.9,55.2,Intermediate,Medium,47083.42,2465102.03,High
project_01216,SaaS,Low,4,2,2,4,11,2.5,8.0,Basic,Low,1411.14,47840.22,Low
project_01217,Healthcare,Medium,8,4,2,8,19,4.4,28.2,Intermediate,Medium,9926.71,506821.31,Medium
project_01218,EdTech,High,9,6,2,12,22,7.4,53.3,Advanced,Medium,24994.35,1492983.09,High
project_01219,IoT,Low,5,2,2,4,10,3.5,14.0,Basic,Medium,1958.51,73263.65,Low
project_01220,EdTech,Medium,8,6,2,12,16,5.1,32.6,Intermediate,Low,13085.27,630572.33,Medium
project_01221,EdTech,High,12,11,2,22,22,5.0,48.0,Advanced,Medium,60462.54,3507920.06,High
project_01222,Cloud System,Low,5,3,2,6,11,2.1,8.4,Basic,Low,2430.68,95468.03,Low
project_01223,Cloud System,Medium,5,6,2,12,21,4.4,17.6,Intermediate,Medium,9409.39,410028.64,Medium
project_01224,Healthcare,High,10,7,2,14,30,6.5,52.0,Advanced,Medium,32576.66,1834237.13,High
project_01225,Healthcare,Low,5,2,2,4,14,3.5,14.0,Basic,Low,1786.62,66427.11,Low
project_01226,FinTech,Medium,6,4,2,8,15,4.4,21.1,Intermediate,Medium,7615.89,375662.17,Medium
project_01227,AI Platform,High,10,7,2,14,26,5.4,43.2,Advanced,High,38042.37,2135135.75,High
project_01228,Healthcare,Low,4,4,2,8,13,3.5,11.2,Basic,Medium,3125.91,106353.81,Low
project_01229,SaaS,Medium,8,8,2,16,17,5.2,33.3,Intermediate,High,23314.82,1083271.0,High
project_01230,AI Platform,High,9,12,2,24,28,6.9,49.7,Intermediate,High,44271.21,2544775.16,High
project_01231,SaaS,Low,5,4,2,8,12,2.9,11.6,Basic,Low,3242.26,103812.92,Low
project_01232,E-commerce,Medium,5,4,2,8,22,5.1,20.4,Intermediate,High,7826.42,322252.8,High
project_01233,IoT,High,10,9,2,18,29,6.7,53.6,Advanced,High,49020.4,2615815.43,High
project_01234,Cloud System,Low,5,2,2,4,12,2.4,9.6,Basic,Medium,1886.64,63981.9,Low
project_01235,SaaS,Medium,6,5,2,10,17,5.9,28.3,Basic,High,8667.44,390572.94,High
project_01236,IoT,High,8,9,2,18,24,5.1,32.6,Advanced,High,37926.7,2024491.69,High
project_01237,EdTech,Low,4,3,2,6,10,2.3,7.4,Basic,Low,2035.1,78323.52,Low
project_01238,AI Platform,Medium,7,5,2,10,16,4.2,23.5,Intermediate,Medium,10782.53,440959.57,Medium
project_01239,E-commerce,High,11,10,2,20,20,5.9,51.9,Advanced,High,56067.32,3201958.82,High
project_01240,FinTech,Low,4,2,2,4,14,2.6,8.3,Basic,Medium,1636.63,60412.03,Low
project_01241,SaaS,Medium,8,4,2,8,15,5.4,34.6,Basic,High,8813.41,421862.86,High
project_01242,EdTech,High,11,6,2,12,24,6.0,52.8,Intermediate,Medium,24041.58,1268722.43,High
project_01243,IoT,Low,4,2,2,4,12,3.5,11.2,Basic,Medium,1630.06,59088.3,Low
project_01244,IoT,Medium,7,7,2,14,15,4.7,26.3,Intermediate,Medium,14703.01,730915.01,Medium
project_01245,IoT,High,10,9,2,18,22,6.3,50.4,Advanced,Medium,39886.45,2038748.09,High
project_01246,Cloud System,Low,4,4,2,8,14,3.2,10.2,Basic,Low,2829.9,100269.92,Low
project_01247,Healthcare,Medium,6,4,2,8,20,4.5,21.6,Intermediate,Medium,7974.98,351053.66,Medium
project_01248,FinTech,High,10,12,2,24,20,6.0,48.0,Intermediate,Medium,43827.53,2259211.21,High
project_01249,Healthcare,Low,5,3,2,6,14,2.2,8.8,Basic,Low,2567.55,101232.38,Low
project_01250,Healthcare,Medium,8,4,2,8,21,4.6,29.4,Basic,Medium,8171.6,360335.28,Medium
project_01251,SaaS,High,10,12,2,24,23,7.1,56.8,Intermediate,High,51299.26,2651085.53,High
project_01252,Cloud System,Low,4,2,2,4,12,2.1,6.7,Basic,Low,1399.25,44648.76,Low
project_01253,FinTech,Medium,8,5,2,10,22,4.4,28.2,Intermediate,High,13850.48,665676.11,High
project_01254,SaaS,High,10,8,2,16,27,7.1,56.8,Advanced,High,43233.24,2350270.68,High
project_01255,AI Platform,Low,5,4,2,8,14,2.0,8.0,Basic,Medium,3724.0,132610.57,Low
project_01256,E-commerce,Medium,6,6,2,12,22,4.6,22.1,Intermediate,High,13467.57,619076.09,High
project_01257,E-commerce,High,10,8,2,16,30,6.5,52.0,Advanced,High,43431.59,2501479.84,High
project_01258,Cloud System,Low,4,4,2,8,15,2.6,8.3,Basic,Medium,3003.06,103696.04,Low
project_01259,FinTech,Medium,5,6,2,12,22,4.1,16.4,Basic,High,8940.88,383095.84,High
project_01260,FinTech,High,8,12,2,24,29,5.3,33.9,Advanced,Medium,44958.06,2387459.89,High
project_01261,Cloud System,Low,5,4,2,8,12,2.5,10.0,Basic,Medium,3764.72,128045.69,Low
project_01262,IoT,Medium,7,7,2,14,15,5.1,28.6,Intermediate,Medium,14877.12,729454.42,Medium
project_01263,IoT,High,10,10,2,20,21,7.1,56.8,Intermediate,High,41807.38,2111647.4,High
project_01264,AI Platform,Low,3,2,2,4,11,2.5,6.0,Basic,Medium,1205.58,45702.01,Low
project_01265,IoT,Medium,8,6,2,12,21,4.6,29.4,Intermediate,Medium,15407.08,734240.03,Medium
project_01266,AI Platform,High,11,12,2,24,22,7.0,61.6,Advanced,High,66627.05,3638458.1,High
project_01267,FinTech,Low,5,2,2,4,13,3.3,13.2,Basic,Medium,2024.76,58736.69,Low
project_01268,AI Platform,Medium,7,5,2,10,19,5.6,31.4,Intermediate,Medium,10799.79,475231.71,Medium
project_01269,Healthcare,High,10,9,2,18,25,6.2,49.6,Advanced,High,44351.17,2320653.25,High
project_01270,SaaS,Low,4,4,2,8,12,2.5,8.0,Basic,Low,2630.12,95235.99,Low
project_01271,E-commerce,Medium,7,5,2,10,19,4.3,24.1,Basic,Medium,9122.38,362492.63,Medium
project_01272,Healthcare,High,10,7,2,14,26,7.8,62.4,Advanced,Medium,31481.27,1775437.25,High
project_01273,EdTech,Low,4,2,2,4,12,2.2,7.0,Basic,Medium,1494.89,47021.66,Low
project_01274,E-commerce,Medium,8,6,2,12,18,5.8,37.1,Intermediate,Medium,14915.41,626515.8,Medium
project_01275,Cloud System,High,11,12,2,24,28,6.8,59.8,Advanced,Medium,60712.35,3508424.83,High
project_01276,EdTech,Low,3,2,2,4,10,2.3,5.5,Basic,Low,1063.39,40667.62,Low
project_01277,Cloud System,Medium,5,6,2,12,16,4.2,16.8,Intermediate,Low,8884.86,351708.78,Medium
project_01278,E-commerce,High,8,7,2,14,24,5.5,35.2,Intermediate,Medium,21257.9,1117642.21,High
project_01279,EdTech,Low,5,4,2,8,15,3.6,14.4,Basic,Low,3350.6,129969.83,Low
project_01280,Healthcare,Medium,6,4,2,8,16,4.0,19.2,Intermediate,Medium,7769.92,385406.7,Medium
project_01281,EdTech,High,9,8,2,16,27,5.2,37.4,Advanced,Medium,31572.92,1593175.24,High
project_01282,AI Platform,Low,3,3,2,6,12,3.6,8.6,Basic,Low,1534.68,56256.74,Low
project_01283,Cloud System,Medium,5,6,2,12,22,5.8,23.2,Intermediate,Low,8948.75,393265.59,Medium
project_01284,Healthcare,High,10,10,2,20,26,7.6,60.8,Advanced,High,49868.16,2963370.49,High
project_01285,IoT,Low,3,4,2,8,11,2.3,5.5,Basic,Medium,2270.24,81629.23,Low
project_01286,Cloud System,Medium,7,6,2,12,15,5.9,33.0,Intermediate,Medium,13000.68,542617.26,Medium
project_01287,Cloud System,High,11,6,2,12,21,5.9,51.9,Intermediate,High,27570.36,1475565.9,High
project_01288,FinTech,Low,4,4,2,8,12,3.4,10.9,Basic,Medium,3058.37,106375.44,Low
project_01289,Healthcare,Medium,6,6,2,12,20,4.1,19.7,Basic,High,10592.46,463158.42,High
project_01290,IoT,High,8,11,2,22,27,5.5,35.2,Advanced,High,43752.05,2679718.25,High
project_01291,FinTech,Low,3,2,2,4,12,3.4,8.2,Basic,Low,1166.28,36695.62,Low
project_01292,Cloud System,Medium,7,7,2,14,22,4.7,26.3,Intermediate,High,17403.03,802913.5,High
project_01293,Healthcare,High,10,9,2,18,29,5.2,41.6,Advanced,High,48303.75,2356122.1,High
project_01294,Healthcare,Low,5,2,2,4,10,3.3,13.2,Basic,Low,1740.3,56450.89,Low
project_01295,Healthcare,Medium,8,5,2,10,22,4.0,25.6,Basic,Medium,10360.3,438271.92,Medium
project_01296,SaaS,High,10,9,2,18,25,5.7,45.6,Intermediate,High,36772.27,2233521.43,High
project_01297,IoT,Low,4,2,2,4,10,3.8,12.2,Basic,Low,1466.43,55128.69,Low
project_01298,AI Platform,Medium,8,6,2,12,21,4.0,25.6,Basic,Medium,11861.69,531675.29,Medium
project_01299,AI Platform,High,11,11,2,22,30,7.1,62.5,Intermediate,Medium,46539.39,2685186.65,High
project_01300,SaaS,Low,5,2,2,4,13,3.9,15.6,Basic,Medium,2051.73,73711.51,Low
project_01301,Healthcare,Medium,6,6,2,12,15,4.8,23.0,Intermediate,Medium,11739.05,438786.3,Medium
project_01302,Cloud System,High,11,12,2,24,20,5.5,48.4,Advanced,High,65256.99,3887455.97,High
project_01303,FinTech,Low,3,3,2,6,15,2.8,6.7,Basic,Low,1617.25,51931.08,Low
project_01304,Cloud System,Medium,6,7,2,14,19,5.8,27.8,Basic,Low,9468.05,389934.53,Medium
project_01305,FinTech,High,8,6,2,12,25,6.7,42.9,Intermediate,Medium,19690.07,1175603.19,High
project_01306,E-commerce,Low,4,4,2,8,10,2.5,8.0,Basic,Medium,3039.52,120531.94,Low
project_01307,EdTech,Medium,7,5,2,10,22,4.5,25.2,Basic,High,10164.97,479984.92,High
project_01308,FinTech,High,12,9,2,18,20,7.5,72.0,Intermediate,High,45675.49,2448157.13,High
project_01309,AI Platform,Low,4,2,2,4,12,3.6,11.5,Basic,Low,1506.05,55340.81,Low
project_01310,IoT,Medium,5,8,2,16,15,4.5,18.0,Intermediate,High,13503.1,615052.99,High
project_01311,E-commerce,High,10,11,2,22,29,7.8,62.4,Advanced,High,58319.18,3227387.24,High
project_01312,IoT,Low,5,4,2,8,14,2.7,10.8,Basic,Medium,3726.3,151874.91,Low
project_01313,Healthcare,Medium,8,4,2,8,15,4.1,26.2,Basic,High,8835.32,429243.85,High
project_01314,Cloud System,High,11,7,2,14,22,6.1,53.7,Advanced,High,41436.06,2395924.0,High
project_01315,AI Platform,Low,4,3,2,6,10,2.5,8.0,Basic,Low,2030.9,75539.46,Low
project_01316,IoT,Medium,6,6,2,12,15,4.6,22.1,Intermediate,High,13164.23,496813.26,High
project_01317,SaaS,High,9,12,2,24,30,7.0,50.4,Advanced,High,58660.68,3431794.58,High
project_01318,SaaS,Low,5,4,2,8,12,3.6,14.4,Basic,Low,3540.79,123363.76,Low
project_01319,E-commerce,Medium,6,4,2,8,18,5.5,26.4,Intermediate,Medium,7589.31,384401.52,Medium
project_01320,AI Platform,High,12,11,2,22,28,5.0,48.0,Advanced,High,66749.96,4082206.72,High
project_01321,SaaS,Low,5,3,2,6,12,3.9,15.6,Basic,Low,2575.47,86525.98,Low
project_01322,Cloud System,Medium,5,7,2,14,16,4.2,16.8,Basic,Medium,8465.97,368240.27,Medium
project_01323,IoT,High,12,11,2,22,30,5.0,48.0,Intermediate,High,55864.89,3262935.0,High
project_01324,Healthcare,Low,3,3,2,6,15,3.9,9.4,Basic,Medium,1864.78,69701.14,Low
project_01325,Healthcare,Medium,7,4,2,8,18,5.5,30.8,Intermediate,Medium,9268.37,412098.0,Medium
project_01326,EdTech,High,11,9,2,18,28,5.3,46.6,Intermediate,High,41751.81,2258524.76,High
project_01327,FinTech,Low,4,4,2,8,15,3.9,12.5,Basic,Low,2663.25,104480.32,Low
project_01328,AI Platform,Medium,8,5,2,10,17,4.3,27.5,Intermediate,Medium,12180.69,493802.79,Medium
project_01329,IoT,High,12,12,2,24,26,5.9,56.6,Intermediate,High,59985.64,3512273.25,High
project_01330,SaaS,Low,5,4,2,8,14,2.2,8.8,Basic,Low,3437.35,114541.02,Low
project_01331,Healthcare,Medium,6,8,2,16,17,5.9,28.3,Intermediate,Medium,15506.79,768123.12,Medium
project_01332,Cloud System,High,12,12,2,24,28,7.6,73.0,Advanced,High,75129.78,3910855.98,High
project_01333,SaaS,Low,4,4,2,8,10,2.2,7.0,Basic,Low,2668.26,85384.1,Low
project_01334,E-commerce,Medium,7,4,2,8,17,4.8,26.9,Basic,High,8342.47,395293.54,High
project_01335,FinTech,High,11,10,2,20,28,5.3,46.6,Intermediate,Medium,43333.75,2115781.44,High
project_01336,SaaS,Low,5,2,2,4,11,3.5,14.0,Basic,Low,1683.47,53634.4,Low
project_01337,IoT,Medium,7,4,2,8,21,4.4,24.6,Intermediate,Medium,9378.46,385915.64,Medium
project_01338,Cloud System,High,9,8,2,16,29,7.9,56.9,Intermediate,High,32774.06,1823816.91,High
project_01339,Healthcare,Low,4,4,2,8,11,2.4,7.7,Basic,Low,2783.08,87525.16,Low
project_01340,SaaS,Medium,8,7,2,14,15,5.9,37.8,Intermediate,Medium,17983.58,823224.0,Medium
project_01341,IoT,High,8,8,2,16,27,7.1,45.4,Advanced,High,34880.81,2027110.27,High
project_01342,EdTech,Low,5,4,2,8,13,2.1,8.4,Basic,Medium,3524.64,129981.36,Low
project_01343,IoT,Medium,5,4,2,8,19,5.6,22.4,Basic,Low,4969.2,219511.73,Medium
project_01344,SaaS,High,10,11,2,22,30,6.2,49.6,Intermediate,High,46624.94,2376786.02,High
project_01345,Cloud System,Low,3,2,2,4,12,2.7,6.5,Basic,Low,1070.79,42477.15,Low
project_01346,EdTech,Medium,6,7,2,14,15,4.8,23.0,Basic,Low,9624.11,464881.44,Medium
project_01347,AI Platform,High,8,11,2,22,21,7.0,44.8,Advanced,High,44121.21,2436549.08,High
project_01348,EdTech,Low,4,4,2,8,14,3.1,9.9,Basic,Low,2643.92,94699.99,Low
project_01349,E-commerce,Medium,5,6,2,12,17,5.0,20.0,Intermediate,Medium,9456.4,460016.41,Medium
project_01350,E-commerce,High,12,9,2,18,24,6.0,57.6,Intermediate,Medium,40806.87,2197114.15,High
project_01351,EdTech,Low,3,2,2,4,10,3.3,7.9,Basic,Medium,1179.76,37766.57,Low
project_01352,EdTech,Medium,6,8,2,16,15,4.6,22.1,Intermediate,Medium,14754.64,641456.2,Medium
project_01353,IoT,High,8,6,2,12,28,7.2,46.1,Intermediate,High,21289.38,1154279.16,High
project_01354,FinTech,Low,4,4,2,8,12,3.7,11.8,Basic,Medium,3052.2,91481.4,Low
project_01355,E-commerce,Medium,8,5,2,10,19,4.9,31.4,Intermediate,Medium,12025.28,626657.37,Medium
project_01356,Healthcare,High,8,9,2,18,30,7.3,46.7,Advanced,High,38566.1,2332965.75,High
project_01357,Cloud System,Low,5,3,2,6,11,2.4,9.6,Basic,Medium,2889.94,87361.39,Low
project_01358,FinTech,Medium,8,5,2,10,16,4.2,26.9,Basic,Medium,9794.85,408823.77,Medium
project_01359,Cloud System,High,10,8,2,16,21,7.3,58.4,Advanced,High,43251.36,2050492.97,High
project_01360,FinTech,Low,4,4,2,8,14,3.7,11.8,Basic,Low,2699.6,93338.1,Low
project_01361,E-commerce,Medium,5,5,2,10,22,4.5,18.0,Intermediate,High,9325.42,431612.14,High
project_01362,Healthcare,High,11,9,2,18,24,5.0,44.0,Advanced,High,50355.89,2772963.86,High
project_01363,IoT,Low,5,2,2,4,13,2.6,10.4,Basic,Medium,1955.16,60191.03,Low
project_01364,IoT,Medium,7,8,2,16,17,5.7,31.9,Intermediate,Low,15531.92,675946.12,Medium
project_01365,E-commerce,High,8,11,2,22,22,5.5,35.2,Intermediate,High,38472.92,2166725.92,High
project_01366,Cloud System,Low,3,4,2,8,10,2.9,7.0,Basic,Medium,2263.15,67511.14,Low
project_01367,AI Platform,Medium,6,7,2,14,17,4.6,22.1,Intermediate,Low,12182.38,526167.08,Medium
project_01368,FinTech,High,8,7,2,14,20,6.4,41.0,Advanced,High,29485.22,1571980.37,High
project_01369,EdTech,Low,3,3,2,6,15,3.7,8.9,Basic,Medium,1751.31,62921.23,Low
project_01370,E-commerce,Medium,8,7,2,14,17,5.6,35.8,Intermediate,Medium,17844.03,709437.03,Medium
project_01371,Healthcare,High,11,11,2,22,21,6.5,57.2,Intermediate,Medium,45478.25,2668948.19,High
project_01372,FinTech,Low,3,2,2,4,11,2.1,5.0,Basic,Medium,1203.8,47961.75,Low
project_01373,SaaS,Medium,6,5,2,10,16,5.3,25.4,Basic,Low,7232.21,281764.31,Medium
project_01374,Healthcare,High,11,10,2,20,22,7.5,66.0,Advanced,High,58096.88,3514935.82,High
project_01375,IoT,Low,5,4,2,8,11,3.1,12.4,Basic,Low,3214.09,122595.02,Low
project_01376,FinTech,Medium,6,7,2,14,16,5.4,25.9,Intermediate,Medium,13563.66,600518.08,Medium
project_01377,Healthcare,High,12,6,2,12,23,6.7,64.3,Advanced,High,38683.44,2304324.84,High
project_01378,FinTech,Low,5,2,2,4,13,3.0,12.0,Basic,Low,1840.6,54751.43,Low
project_01379,EdTech,Medium,8,7,2,14,21,5.4,34.6,Intermediate,Medium,17690.71,725977.19,Medium
project_01380,FinTech,High,8,10,2,20,25,5.1,32.6,Intermediate,Medium,29894.05,1597140.41,High
project_01381,E-commerce,Low,4,3,2,6,11,3.5,11.2,Basic,Low,2157.39,66486.96,Low
project_01382,IoT,Medium,5,5,2,10,17,4.3,17.2,Intermediate,High,8692.38,397977.34,High
project_01383,FinTech,High,12,7,2,14,26,6.3,60.5,Advanced,High,42628.44,2504208.35,High
project_01384,Healthcare,Low,5,4,2,8,11,3.8,15.2,Basic,Low,3332.0,111803.27,Low
project_01385,FinTech,Medium,8,4,2,8,21,5.1,32.6,Intermediate,High,11119.33,516438.94,High
project_01386,AI Platform,High,9,7,2,14,22,5.7,41.0,Advanced,High,34263.13,1852814.21,High
project_01387,AI Platform,Low,3,4,2,8,14,3.1,7.4,Basic,Medium,2211.04,80106.03,Low
project_01388,SaaS,Medium,6,4,2,8,22,5.3,25.4,Intermediate,High,9017.26,454264.02,High
project_01389,Cloud System,High,11,7,2,14,20,7.8,68.6,Intermediate,High,34508.29,1749985.84,High
project_01390,E-commerce,Low,4,3,2,6,13,3.6,11.5,Basic,Low,2004.49,74667.52,Low
project_01391,AI Platform,Medium,5,4,2,8,22,5.7,22.8,Intermediate,High,7636.54,335937.9,High
project_01392,Cloud System,High,9,11,2,22,24,5.5,39.6,Intermediate,High,41636.18,2390985.42,High
project_01393,Healthcare,Low,5,4,2,8,12,2.6,10.4,Basic,Medium,3632.37,128938.64,Low
project_01394,Cloud System,Medium,5,4,2,8,15,5.1,20.4,Intermediate,Medium,6219.06,324074.39,Medium
project_01395,Cloud System,High,11,6,2,12,27,7.1,62.5,Intermediate,High,29622.4,1639555.32,High
project_01396,IoT,Low,3,3,2,6,12,3.6,8.6,Basic,Low,1575.51,55399.44,Low
project_01397,Cloud System,Medium,5,7,2,14,15,5.3,21.2,Intermediate,Low,9926.36,395261.21,Medium
project_01398,Healthcare,High,11,8,2,16,26,5.2,45.8,Advanced,High,44474.26,2569696.78,High
project_01399,E-commerce,Low,4,4,2,8,14,3.9,12.5,Basic,Medium,3081.76,97532.98,Low
project_01400,SaaS,Medium,6,5,2,10,16,4.2,20.2,Intermediate,High,10779.7,512642.66,High
project_01401,FinTech,High,11,7,2,14,20,7.6,66.9,Advanced,Medium,36086.89,1784077.46,High
project_01402,E-commerce,Low,3,3,2,6,15,3.8,9.1,Basic,Low,1660.43,58624.87,Low
project_01403,Cloud System,Medium,8,4,2,8,21,5.6,35.8,Basic,Low,7519.39,350718.57,Medium
project_01404,Healthcare,High,10,6,2,12,30,7.8,62.4,Intermediate,High,27444.81,1471245.23,High
project_01405,EdTech,Low,4,4,2,8,11,2.8,9.0,Basic,Low,2740.7,98058.38,Low
project_01406,Cloud System,Medium,7,6,2,12,22,4.5,25.2,Basic,Medium,10475.16,501897.57,Medium
project_01407,FinTech,High,12,7,2,14,22,5.9,56.6,Advanced,Medium,38348.13,1928457.54,High
project_01408,EdTech,Low,4,3,2,6,15,2.9,9.3,Basic,Low,2194.62,66901.12,Low
project_01409,SaaS,Medium,8,4,2,8,19,4.8,30.7,Intermediate,High,11029.84,554456.39,High
project_01410,Healthcare,High,12,12,2,24,27,6.7,64.3,Intermediate,Medium,52361.67,3113380.41,High
project_01411,IoT,Low,4,4,2,8,13,3.5,11.2,Basic,Low,2681.61,94287.23,Low
project_01412,EdTech,Medium,6,8,2,16,16,5.2,25.0,Intermediate,Medium,14755.62,678374.31,Medium
project_01413,E-commerce,High,8,8,2,16,22,7.5,48.0,Advanced,High,34312.37,1762348.54,High
project_01414,IoT,Low,5,2,2,4,10,3.8,15.2,Basic,Medium,1945.25,65920.4,Low
project_01415,SaaS,Medium,7,8,2,16,22,5.7,31.9,Basic,Medium,13373.52,600224.9,Medium
project_01416,EdTech,High,11,8,2,16,24,7.2,63.4,Intermediate,High,38890.65,2363225.09,High
project_01417,Healthcare,Low,3,2,2,4,15,3.0,7.2,Basic,Low,1160.33,38810.97,Low
project_01418,FinTech,Medium,7,4,2,8,17,5.7,31.9,Intermediate,High,10735.79,460325.88,High
project_01419,IoT,High,12,10,2,20,20,7.4,71.0,Advanced,Medium,52548.67,3113740.46,High
project_01420,E-commerce,Low,3,3,2,6,13,2.3,5.5,Basic,Medium,1777.69,54703.11,Low
project_01421,IoT,Medium,8,4,2,8,15,5.4,34.6,Intermediate,High,11285.82,579936.73,High
project_01422,FinTech,High,11,12,2,24,26,7.3,64.2,Intermediate,High,57722.73,3069041.51,High
project_01423,AI Platform,Low,5,2,2,4,15,2.4,9.6,Basic,Medium,1983.16,76288.47,Low
project_01424,E-commerce,Medium,8,8,2,16,21,4.7,30.1,Intermediate,Medium,20474.06,837663.24,Medium
project_01425,Healthcare,High,9,6,2,12,20,7.4,53.3,Advanced,High,29332.32,1585116.28,High
project_01426,SaaS,Low,3,3,2,6,12,2.9,7.0,Basic,Low,1558.64,48029.87,Low
project_01427,E-commerce,Medium,7,4,2,8,15,5.5,30.8,Intermediate,Medium,8966.06,420590.45,Medium
project_01428,EdTech,High,10,9,2,18,26,7.0,56.0,Advanced,High,47785.57,2412374.42,High
project_01429,E-commerce,Low,5,2,2,4,11,3.5,14.0,Basic,Low,1684.66,70685.23,Low
project_01430,SaaS,Medium,8,4,2,8,15,4.7,30.1,Intermediate,Medium,10311.53,419897.09,Medium
project_01431,FinTech,High,10,9,2,18,29,5.3,42.4,Intermediate,High,39414.33,2265161.2,High
project_01432,IoT,Low,4,2,2,4,14,3.7,11.8,Basic,Low,1543.85,51755.69,Low
project_01433,SaaS,Medium,5,8,2,16,18,4.8,19.2,Intermediate,Low,11750.07,538787.29,Medium
project_01434,EdTech,High,9,12,2,24,21,7.5,54.0,Advanced,High,56126.0,3105491.29,High
project_01435,Healthcare,Low,4,2,2,4,14,2.8,9.0,Basic,Low,1429.15,53699.87,Low
project_01436,AI Platform,Medium,8,5,2,10,18,4.5,28.8,Basic,Medium,9983.91,413694.75,Medium
project_01437,E-commerce,High,9,6,2,12,27,6.5,46.8,Intermediate,High,24905.08,1311951.68,High
project_01438,EdTech,Low,5,4,2,8,10,3.5,14.0,Basic,Medium,3530.64,127130.36,Low
project_01439,Healthcare,Medium,5,7,2,14,19,4.6,18.4,Intermediate,Medium,11245.95,431626.42,Medium
project_01440,AI Platform,High,12,10,2,20,21,7.0,67.2,Intermediate,High,52342.3,2700575.59,High
project_01441,EdTech,Low,3,3,2,6,11,3.4,8.2,Basic,Low,1558.43,57189.29,Low
project_01442,IoT,Medium,5,8,2,16,18,5.4,21.6,Intermediate,Medium,12288.59,528185.25,Medium
project_01443,Cloud System,High,9,12,2,24,28,5.3,38.2,Advanced,High,57315.16,2895131.52,High
project_01444,Healthcare,Low,3,4,2,8,12,3.8,9.1,Basic,Low,2184.7,77392.54,Low
project_01445,FinTech,Medium,7,5,2,10,21,5.4,30.2,Intermediate,Medium,11385.77,508542.2,Medium
project_01446,FinTech,High,12,10,2,20,20,5.3,50.9,Advanced,Medium,51830.59,2697670.15,High
project_01447,E-commerce,Low,5,3,2,6,11,2.4,9.6,Basic,Low,2386.8,81675.39,Low
project_01448,AI Platform,Medium,5,6,2,12,20,4.8,19.2,Intermediate,High,11312.97,488121.12,High
project_01449,Cloud System,High,12,10,2,20,27,5.1,49.0,Advanced,High,63213.93,3391546.66,High
project_01450,E-commerce,Low,4,2,2,4,12,3.0,9.6,Basic,Low,1480.58,51550.81,Low
project_01451,E-commerce,Medium,6,7,2,14,16,4.6,22.1,Basic,High,12257.49,511345.72,High
project_01452,Healthcare,High,10,8,2,16,24,5.1,40.8,Advanced,High,41063.89,2307131.63,High
project_01453,EdTech,Low,3,4,2,8,10,3.7,8.9,Basic,Medium,2329.74,75838.52,Low
project_01454,Healthcare,Medium,8,8,2,16,21,4.3,27.5,Intermediate,Medium,19829.76,887259.91,Medium
project_01455,E-commerce,High,12,11,2,22,21,7.1,68.2,Advanced,High,65889.39,3365960.02,High
project_01456,Healthcare,Low,4,3,2,6,13,2.6,8.3,Basic,Low,2114.67,76935.96,Low
project_01457,E-commerce,Medium,6,5,2,10,17,5.1,24.5,Intermediate,High,11049.89,546409.23,High
project_01458,E-commerce,High,10,11,2,22,23,6.2,49.6,Intermediate,High,45884.08,2887780.46,High
project_01459,SaaS,Low,5,2,2,4,11,2.9,11.6,Basic,Low,1714.37,59725.71,Low
project_01460,FinTech,Medium,6,5,2,10,20,4.4,21.1,Intermediate,Medium,9275.35,428572.4,Medium
project_01461,SaaS,High,12,7,2,14,20,5.8,55.7,Intermediate,High,35262.99,2228074.88,High
project_01462,Cloud System,Low,4,3,2,6,13,3.1,9.9,Basic,Low,2049.79,74889.96,Low
project_01463,AI Platform,Medium,5,7,2,14,17,4.7,18.8,Basic,Low,8119.55,324274.31,Medium
project_01464,Cloud System,High,12,12,2,24,25,5.2,49.9,Intermediate,Medium,55595.06,2566824.71,High
project_01465,E-commerce,Low,4,4,2,8,12,2.9,9.3,Basic,Low,2587.52,107251.06,Low
project_01466,SaaS,Medium,8,7,2,14,15,4.0,25.6,Intermediate,Medium,17008.45,825421.41,Medium
project_01467,FinTech,High,12,8,2,16,21,7.4,71.0,Advanced,High,48894.56,2562334.14,High
project_01468,AI Platform,Low,4,4,2,8,14,3.6,11.5,Basic,Medium,2983.8,122026.75,Low
project_01469,EdTech,Medium,7,8,2,16,20,5.3,29.7,Intermediate,Low,15397.43,716371.83,Medium
project_01470,AI Platform,High,10,11,2,22,20,5.2,41.6,Advanced,High,53615.21,2927276.04,High
project_01471,FinTech,Low,5,3,2,6,13,2.4,9.6,Basic,Medium,2811.75,105504.02,Low
project_01472,Cloud System,Medium,7,4,2,8,20,4.3,24.1,Intermediate,Medium,8900.28,402196.93,Medium
project_01473,SaaS,High,10,10,2,20,20,5.7,45.6,Advanced,Medium,44297.23,2693459.89,High
project_01474,E-commerce,Low,5,4,2,8,14,3.4,13.6,Basic,Low,3533.25,106503.57,Low
project_01475,IoT,Medium,5,6,2,12,16,4.0,16.0,Basic,Low,6974.76,329077.81,Medium
project_01476,IoT,High,10,6,2,12,29,6.6,52.8,Advanced,High,31679.47,1944614.44,High
project_01477,Cloud System,Low,5,4,2,8,15,2.7,10.8,Basic,Low,3217.67,120760.11,Low
project_01478,AI Platform,Medium,8,4,2,8,16,4.9,31.4,Basic,Medium,7872.06,379961.25,Medium
project_01479,E-commerce,High,11,8,2,16,20,8.0,70.4,Intermediate,High,39547.77,2205875.27,High
project_01480,AI Platform,Low,5,2,2,4,11,3.1,12.4,Basic,Low,1668.99,61364.38,Low
project_01481,IoT,Medium,6,4,2,8,18,5.4,25.9,Basic,High,6982.78,302110.25,High
project_01482,SaaS,High,10,10,2,20,25,8.0,64.0,Advanced,High,49577.11,2669496.31,High
project_01483,AI Platform,Low,4,3,2,6,10,2.1,6.7,Basic,Low,2072.56,79146.64,Low
project_01484,Healthcare,Medium,5,8,2,16,21,5.5,22.0,Intermediate,Medium,13367.77,531858.59,Medium
project_01485,AI Platform,High,9,6,2,12,26,7.7,55.4,Advanced,Medium,26723.85,1348544.75,High
project_01486,Healthcare,Low,3,4,2,8,15,3.6,8.6,Basic,Low,2176.65,76945.51,Low
project_01487,E-commerce,Medium,6,5,2,10,21,5.1,24.5,Intermediate,Low,8610.5,413236.53,Medium
project_01488,Healthcare,High,12,6,2,12,29,7.8,74.9,Intermediate,Medium,28502.75,1431354.67,High
project_01489,Healthcare,Low,5,3,2,6,12,2.8,11.2,Basic,Medium,2687.57,93964.19,Low
project_01490,Cloud System,Medium,8,6,2,12,17,5.8,37.1,Intermediate,Medium,14515.11,643431.82,Medium
project_01491,Healthcare,High,12,10,2,20,23,5.0,48.0,Advanced,Medium,54539.64,3031185.88,High
project_01492,SaaS,Low,4,2,2,4,12,3.8,12.2,Basic,Medium,1542.21,58020.5,Low
project_01493,IoT,Medium,8,4,2,8,18,5.7,36.5,Intermediate,Medium,10389.84,464399.61,Medium
project_01494,E-commerce,High,10,7,2,14,27,5.8,46.4,Advanced,High,36354.84,2168289.77,High
project_01495,FinTech,Low,4,2,2,4,14,3.9,12.5,Basic,Low,1464.71,52254.23,Low
project_01496,IoT,Medium,5,4,2,8,16,4.8,19.2,Intermediate,High,7088.44,337408.92,High
project_01497,EdTech,High,11,10,2,20,21,5.0,44.0,Advanced,High,55746.51,3200571.22,High
project_01498,E-commerce,Low,5,3,2,6,11,3.2,12.8,Basic,Low,2447.06,78667.13,Low
project_01499,IoT,Medium,5,6,2,12,22,5.9,23.6,Intermediate,Medium,10026.28,431984.61,Medium
project_01500,AI Platform,High,8,12,2,24,21,6.2,39.7,Advanced,High,49408.21,2948945.75,High
project_01501,IoT,Low,4,3,2,6,13,3.7,11.8,Basic,Medium,2290.71,81917.0,Low
project_01502,E-commerce,Medium,6,8,2,16,18,5.4,25.9,Intermediate,Medium,14963.28,706383.22,Medium
project_01503,AI Platform,High,9,9,2,18,30,5.7,41.0,Advanced,High,43352.57,2327035.52,High
project_01504,AI Platform,Low,5,3,2,6,12,3.1,12.4,Basic,Low,2469.35,100828.22,Low
project_01505,FinTech,Medium,6,6,2,12,19,4.9,23.5,Basic,High,10256.89,442397.88,High
project_01506,E-commerce,High,9,11,2,22,28,6.4,46.1,Advanced,Medium,47219.03,2252441.42,High
project_01507,IoT,Low,4,3,2,6,13,3.4,10.9,Basic,Low,2114.58,79189.78,Low
project_01508,Healthcare,Medium,6,7,2,14,16,4.7,22.6,Intermediate,Medium,12442.5,584292.94,Medium
project_01509,SaaS,High,9,10,2,20,22,6.0,43.2,Intermediate,High,38033.13,2319888.2,High
project_01510,Cloud System,Low,5,4,2,8,11,3.5,14.0,Basic,Medium,3754.17,113147.34,Low
project_01511,Cloud System,Medium,5,7,2,14,21,5.4,21.6,Intermediate,High,12246.38,593991.57,High
project_01512,SaaS,High,10,8,2,16,27,7.7,61.6,Advanced,Medium,37376.16,2222568.78,High
project_01513,EdTech,Low,5,4,2,8,11,2.6,10.4,Basic,Medium,3553.02,117842.32,Low
project_01514,Healthcare,Medium,7,4,2,8,19,5.0,28.0,Intermediate,High,10415.64,425680.03,High
project_01515,FinTech,High,9,11,2,22,23,6.7,48.2,Advanced,Medium,44238.05,2312312.24,High
project_01516,EdTech,Low,4,3,2,6,15,2.0,6.4,Basic,Medium,2289.1,70492.46,Low
project_01517,Healthcare,Medium,8,8,2,16,19,4.4,28.2,Intermediate,High,22916.68,920468.83,High
project_01518,SaaS,High,10,12,2,24,25,6.5,52.0,Advanced,Medium,52328.56,2896769.69,High
project_01519,EdTech,Low,5,3,2,6,12,2.3,9.2,Basic,Low,2474.98,72060.45,Low
project_01520,Healthcare,Medium,7,5,2,10,22,5.8,32.5,Basic,High,10354.94,459227.81,High
project_01521,AI Platform,High,8,12,2,24,26,7.8,49.9,Advanced,High,50027.1,2647440.5,High
project_01522,EdTech,Low,5,2,2,4,13,3.8,15.2,Basic,Medium,1933.96,62261.55,Low
project_01523,Healthcare,Medium,8,8,2,16,21,4.2,26.9,Intermediate,Low,17034.48,761696.69,Medium
project_01524,E-commerce,High,11,12,2,24,28,5.6,49.3,Intermediate,Medium,50748.63,2750592.36,High
project_01525,FinTech,Low,3,3,2,6,14,3.8,9.1,Basic,Medium,1865.12,69545.62,Low
project_01526,E-commerce,Medium,6,4,2,8,18,4.2,20.2,Intermediate,High,8704.56,441028.07,High
project_01527,E-commerce,High,9,12,2,24,27,7.2,51.8,Advanced,Medium,48188.3,2386330.41,High
project_01528,EdTech,Low,5,3,2,6,12,3.1,12.4,Basic,Low,2428.03,79109.54,Low
project_01529,FinTech,Medium,5,8,2,16,16,5.6,22.4,Intermediate,Low,11630.24,488209.98,Medium
project_01530,Healthcare,High,9,10,2,20,30,6.1,43.9,Advanced,High,45957.28,2766894.1,High
project_01531,SaaS,Low,3,3,2,6,15,2.2,5.3,Basic,Medium,1724.7,63542.27,Low
project_01532,Healthcare,Medium,8,8,2,16,20,4.3,27.5,Intermediate,High,23031.53,958719.9,High
project_01533,AI Platform,High,9,6,2,12,30,6.4,46.1,Intermediate,Medium,22234.35,1084156.09,High
project_01534,Healthcare,Low,5,3,2,6,14,4.0,16.0,Basic,Low,2532.5,84710.71,Low
project_01535,FinTech,Medium,7,4,2,8,18,4.8,26.9,Intermediate,Medium,9355.76,383875.52,Medium
project_01536,Cloud System,High,10,12,2,24,28,5.0,40.0,Advanced,Medium,55625.33,2718421.44,High
project_01537,SaaS,Low,5,3,2,6,13,3.9,15.6,Basic,Low,2590.52,94183.74,Low
project_01538,Healthcare,Medium,5,8,2,16,15,5.1,20.4,Intermediate,Medium,12525.15,537179.09,Medium
project_01539,EdTech,High,12,12,2,24,29,6.6,63.4,Advanced,High,76736.46,4389213.86,High
project_01540,E-commerce,Low,3,2,2,4,11,3.9,9.4,Basic,Medium,1235.04,44472.02,Low
project_01541,IoT,Medium,7,7,2,14,20,4.5,25.2,Intermediate,Low,13988.06,587592.33,Medium
project_01542,IoT,High,8,10,2,20,30,6.8,43.5,Intermediate,High,36375.71,1944914.91,High
project_01543,AI Platform,Low,5,3,2,6,15,3.9,15.6,Basic,Low,2515.55,94064.11,Low
project_01544,EdTech,Medium,6,6,2,12,17,5.3,25.4,Intermediate,High,12545.07,529713.35,High
project_01545,AI Platform,High,11,7,2,14,20,5.4,47.5,Intermediate,High,31435.62,1704402.14,High
project_01546,SaaS,Low,3,2,2,4,14,3.4,8.2,Basic,Medium,1216.77,43149.51,Low
project_01547,AI Platform,Medium,8,8,2,16,16,4.1,26.2,Basic,Medium,15343.74,680435.78,Medium
project_01548,E-commerce,High,9,9,2,18,24,6.6,47.5,Intermediate,Medium,29807.78,1897626.18,High
project_01549,E-commerce,Low,5,4,2,8,10,2.8,11.2,Basic,Medium,3480.38,123704.02,Low
project_01550,E-commerce,Medium,8,6,2,12,17,5.6,35.8,Intermediate,Medium,14245.02,744417.43,Medium
project_01551,Cloud System,High,9,7,2,14,30,5.6,40.3,Intermediate,High,29004.86,1407279.91,High
project_01552,Healthcare,Low,4,3,2,6,12,2.3,7.4,Basic,Medium,2280.19,88603.21,Low
project_01553,SaaS,Medium,7,7,2,14,22,4.2,23.5,Intermediate,High,17568.03,749738.33,High
project_01554,IoT,High,8,10,2,20,30,6.8,43.5,Advanced,High,40051.21,2299057.01,High
project_01555,IoT,Low,4,4,2,8,12,3.8,12.2,Basic,Low,2713.73,88418.24,Low
project_01556,E-commerce,Medium,8,4,2,8,15,5.9,37.8,Intermediate,Low,9539.38,402291.54,Medium
project_01557,Cloud System,High,12,10,2,20,23,7.7,73.9,Advanced,Medium,55332.14,2898779.72,High
project_01558,EdTech,Low,4,4,2,8,15,2.0,6.4,Basic,Low,2591.13,88464.65,Low
project_01559,IoT,Medium,8,6,2,12,22,5.5,35.2,Intermediate,Medium,15296.2,645971.51,Medium
project_01560,FinTech,High,12,9,2,18,24,5.9,56.6,Intermediate,Medium,42303.63,2189774.86,High
project_01561,AI Platform,Low,5,4,2,8,15,2.5,10.0,Basic,Low,3498.49,117385.33,Low
project_01562,FinTech,Medium,8,8,2,16,20,5.4,34.6,Basic,Medium,16452.51,727062.65,Medium
project_01563,Healthcare,High,12,6,2,12,25,5.1,49.0,Advanced,High,35992.11,1983962.42,High
project_01564,Healthcare,Low,5,2,2,4,10,2.3,9.2,Basic,Low,1681.77,56645.18,Low
project_01565,EdTech,Medium,8,6,2,12,18,6.0,38.4,Intermediate,Medium,15758.0,655218.48,Medium
project_01566,SaaS,High,8,11,2,22,25,6.1,39.0,Intermediate,Medium,31702.87,1897637.1,High
project_01567,IoT,Low,3,2,2,4,14,2.0,4.8,Basic,Low,1057.39,42477.89,Low
project_01568,SaaS,Medium,6,8,2,16,15,4.2,20.2,Intermediate,Low,13373.89,620270.94,Medium
project_01569,AI Platform,High,9,12,2,24,28,5.9,42.5,Advanced,Medium,47251.85,2518679.87,High
project_01570,Cloud System,Low,4,2,2,4,13,3.7,11.8,Basic,Low,1460.76,47228.95,Low
project_01571,EdTech,Medium,7,4,2,8,18,5.2,29.1,Intermediate,Low,8171.29,378278.45,Medium
project_01572,FinTech,High,9,7,2,14,22,5.3,38.2,Advanced,Medium,28981.49,1462453.27,High
project_01573,Cloud System,Low,3,2,2,4,14,3.5,8.4,Basic,Medium,1241.12,42687.63,Low
project_01574,Healthcare,Medium,5,8,2,16,15,4.9,19.6,Intermediate,Medium,12434.68,624410.59,Medium
project_01575,E-commerce,High,12,6,2,12,30,6.5,62.4,Advanced,Medium,32135.49,2084936.13,High
project_01576,Healthcare,Low,3,2,2,4,13,2.8,6.7,Basic,Low,1070.47,43868.0,Low
project_01577,IoT,Medium,7,8,2,16,16,4.2,23.5,Intermediate,High,19964.52,953566.03,High
project_01578,Healthcare,High,9,6,2,12,28,7.6,54.7,Advanced,Medium,26480.07,1383509.91,High
project_01579,Healthcare,Low,4,2,2,4,12,3.3,10.6,Basic,Low,1494.35,49709.27,Low
project_01580,FinTech,Medium,6,7,2,14,16,5.1,24.5,Basic,Medium,10429.11,460163.07,Medium
project_01581,FinTech,High,9,6,2,12,22,7.6,54.7,Advanced,Medium,25474.09,1343804.18,High
project_01582,Healthcare,Low,4,2,2,4,10,2.9,9.3,Basic,Medium,1565.24,49626.14,Low
project_01583,IoT,Medium,6,5,2,10,19,5.5,26.4,Basic,Medium,8104.98,349011.1,Medium
project_01584,IoT,High,8,12,2,24,29,6.3,40.3,Advanced,High,47758.16,2885639.51,High
project_01585,Cloud System,Low,4,4,2,8,12,3.5,11.2,Basic,Low,2636.58,99179.61,Low
project_01586,FinTech,Medium,7,8,2,16,21,5.8,32.5,Intermediate,Medium,16873.07,831781.72,Medium
project_01587,EdTech,High,9,11,2,22,28,6.7,48.2,Advanced,High,49292.59,2565734.36,High
project_01588,E-commerce,Low,5,3,2,6,14,2.8,11.2,Basic,Medium,2871.65,87436.62,Low
project_01589,FinTech,Medium,5,6,2,12,15,5.3,21.2,Intermediate,Low,9031.44,403189.83,Medium
project_01590,AI Platform,High,12,7,2,14,22,5.0,48.0,Intermediate,Medium,32551.64,1821445.31,High
project_01591,IoT,Low,5,2,2,4,15,3.7,14.8,Basic,Low,1870.56,66844.4,Low
project_01592,IoT,Medium,5,4,2,8,21,4.2,16.8,Intermediate,Medium,6461.11,307528.0,Medium
project_01593,Healthcare,High,12,10,2,20,23,5.6,53.8,Advanced,High,59785.43,3282465.63,High
project_01594,Cloud System,Low,5,4,2,8,10,2.1,8.4,Basic,Low,3195.67,100542.93,Low
project_01595,AI Platform,Medium,8,6,2,12,22,4.4,28.2,Intermediate,High,17060.9,829288.97,High
project_01596,FinTech,High,12,6,2,12,24,7.3,70.1,Advanced,Medium,34816.85,1757995.36,High
project_01597,SaaS,Low,5,2,2,4,12,2.3,9.2,Basic,Low,1681.44,65536.83,Low
project_01598,Healthcare,Medium,6,5,2,10,22,4.1,19.7,Basic,Low,6917.81,343934.29,Medium
project_01599,FinTech,High,12,10,2,20,29,6.5,62.4,Intermediate,Medium,44953.03,2537823.39,High
project_01600,E-commerce,Low,5,2,2,4,15,2.3,9.2,Basic,Low,1734.51,56419.35,Low
project_01601,AI Platform,Medium,8,8,2,16,16,5.3,33.9,Basic,Low,14139.41,611397.82,Medium
project_01602,Healthcare,High,8,11,2,22,28,5.8,37.1,Advanced,High,46059.11,2581213.7,High
project_01603,IoT,Low,4,3,2,6,10,3.8,12.2,Basic,Low,2169.79,77469.48,Low
project_01604,SaaS,Medium,5,4,2,8,17,5.0,20.0,Intermediate,Medium,6424.43,286206.17,Medium
project_01605,IoT,High,11,8,2,16,29,6.9,60.7,Advanced,High,43812.76,2490518.22,High
project_01606,E-commerce,Low,3,4,2,8,14,2.4,5.8,Basic,Low,2017.84,66769.58,Low
project_01607,EdTech,Medium,6,7,2,14,16,5.2,25.0,Intermediate,Low,12434.95,517135.97,Medium
project_01608,Cloud System,High,9,12,2,24,30,7.8,56.2,Intermediate,High,47911.62,2913502.81,High
project_01609,Cloud System,Low,4,2,2,4,11,3.1,9.9,Basic,Low,1476.53,50430.9,Low
project_01610,IoT,Medium,8,5,2,10,15,4.9,31.4,Intermediate,Low,11395.88,521596.88,Medium
project_01611,EdTech,High,10,10,2,20,28,7.3,58.4,Intermediate,High,41457.53,2494042.08,High
project_01612,Healthcare,Low,5,3,2,6,15,3.3,13.2,Basic,Medium,2822.54,101073.61,Low
project_01613,FinTech,Medium,7,5,2,10,22,5.6,31.4,Basic,Low,8348.97,421373.75,Medium
project_01614,Healthcare,High,9,10,2,20,22,5.2,37.4,Intermediate,High,39953.64,2173770.06,High
project_01615,FinTech,Low,4,3,2,6,14,3.4,10.9,Basic,Medium,2388.59,68522.24,Low
project_01616,IoT,Medium,7,5,2,10,17,5.3,29.7,Intermediate,Medium,11577.71,533392.5,Medium
project_01617,SaaS,High,10,7,2,14,20,5.8,46.4,Intermediate,High,31550.17,1524772.01,High
project_01618,FinTech,Low,3,2,2,4,10,3.3,7.9,Basic,Low,1129.29,37646.27,Low
project_01619,AI Platform,Medium,7,5,2,10,22,4.1,23.0,Intermediate,Low,9860.29,454812.62,Medium
project_01620,E-commerce,High,10,11,2,22,23,5.0,40.0,Advanced,Medium,51162.4,2958860.78,High
project_01621,Healthcare,Low,5,2,2,4,13,2.3,9.2,Basic,Medium,1818.75,61520.98,Low
project_01622,IoT,Medium,6,7,2,14,21,4.2,20.2,Basic,Medium,10473.64,472354.0,Medium
project_01623,Healthcare,High,11,8,2,16,23,7.3,64.2,Intermediate,High,39666.02,2243823.4,High
project_01624,Cloud System,Low,3,2,2,4,12,2.9,7.0,Basic,Low,1050.91,44112.02,Low
project_01625,IoT,Medium,7,6,2,12,16,4.7,26.3,Intermediate,Medium,12789.45,557353.09,Medium
project_01626,SaaS,High,12,9,2,18,23,7.1,68.2,Advanced,High,54124.17,3098401.35,High
project_01627,EdTech,Low,4,2,2,4,15,2.3,7.4,Basic,Low,1486.73,47900.09,Low
project_01628,E-commerce,Medium,6,8,2,16,22,4.6,22.1,Intermediate,High,17901.68,810035.24,High
project_01629,EdTech,High,11,9,2,18,22,6.4,56.3,Advanced,High,50044.53,2565135.9,High
project_01630,IoT,Low,5,3,2,6,13,3.8,15.2,Basic,Low,2613.14,97050.9,Low
project_01631,IoT,Medium,6,6,2,12,19,5.5,26.4,Intermediate,Low,10066.87,465765.84,Medium
project_01632,AI Platform,High,12,6,2,12,24,7.1,68.2,Advanced,Medium,32808.11,1991278.07,High
project_01633,EdTech,Low,5,4,2,8,14,2.7,10.8,Basic,Low,3338.07,117783.59,Low
project_01634,E-commerce,Medium,7,6,2,12,20,4.5,25.2,Intermediate,Medium,12859.93,668541.08,Medium
project_01635,FinTech,High,9,11,2,22,20,6.6,47.5,Advanced,High,50122.64,2717546.2,High
project_01636,AI Platform,Low,5,3,2,6,10,2.4,9.6,Basic,Medium,2660.98,109561.49,Low
project_01637,Cloud System,Medium,7,4,2,8,20,5.7,31.9,Intermediate,Medium,8903.98,431447.28,Medium
project_01638,E-commerce,High,11,10,2,20,27,7.8,68.6,Intermediate,High,47579.9,2440560.28,High
project_01639,Healthcare,Low,4,3,2,6,15,3.8,12.2,Basic,Medium,2379.26,93440.78,Low
project_01640,IoT,Medium,8,8,2,16,18,4.1,26.2,Intermediate,High,22013.05,993684.06,High
project_01641,AI Platform,High,10,6,2,12,23,6.7,53.6,Advanced,High,32580.89,1634265.91,High
project_01642,FinTech,Low,4,2,2,4,12,3.1,9.9,Basic,Medium,1538.69,56316.33,Low
project_01643,IoT,Medium,6,6,2,12,22,5.6,26.9,Intermediate,Medium,11427.33,450220.04,Medium
project_01644,FinTech,High,10,6,2,12,29,5.3,42.4,Advanced,High,31498.13,1900880.76,High
project_01645,Cloud System,Low,3,4,2,8,12,2.7,6.5,Basic,Low,2149.49,76567.48,Low
project_01646,EdTech,Medium,7,8,2,16,20,5.6,31.4,Intermediate,Low,15478.52,661007.95,Medium
project_01647,IoT,High,11,7,2,14,24,7.2,63.4,Intermediate,High,34894.03,2001507.88,High
project_01648,SaaS,Low,4,3,2,6,12,3.5,11.2,Basic,Low,2104.06,67954.04,Low
project_01649,FinTech,Medium,5,6,2,12,18,5.2,20.8,Basic,Low,7278.37,353228.21,Medium
project_01650,AI Platform,High,9,9,2,18,21,5.2,37.4,Advanced,Medium,36093.9,2012296.4,High
project_01651,SaaS,Low,3,2,2,4,13,3.3,7.9,Basic,Low,1085.62,42368.12,Low
project_01652,E-commerce,Medium,7,8,2,16,22,4.1,23.0,Intermediate,Medium,16441.51,712823.9,Medium
project_01653,Healthcare,High,12,9,2,18,30,7.1,68.2,Advanced,High,57234.15,3183404.49,High
project_01654,EdTech,Low,5,4,2,8,11,2.4,9.6,Basic,Low,3371.8,123692.26,Low
project_01655,FinTech,Medium,5,6,2,12,17,5.8,23.2,Basic,High,8736.42,426654.12,High
project_01656,E-commerce,High,8,9,2,18,23,6.1,39.0,Advanced,High,37020.67,1935874.65,High
project_01657,AI Platform,Low,4,4,2,8,13,2.9,9.3,Basic,Low,2833.69,92492.12,Low
project_01658,EdTech,Medium,7,6,2,12,17,5.4,30.2,Basic,Medium,10966.72,514005.05,Medium
project_01659,SaaS,High,9,7,2,14,29,5.0,36.0,Advanced,High,34455.17,1906389.5,High
project_01660,EdTech,Low,5,2,2,4,13,2.5,10.0,Basic,Medium,1953.62,75595.21,Low
project_01661,IoT,Medium,5,6,2,12,22,5.5,22.0,Basic,Medium,7561.08,302323.18,Medium
project_01662,E-commerce,High,8,6,2,12,24,6.1,39.0,Advanced,High,26373.15,1306251.09,High
project_01663,FinTech,Low,3,3,2,6,14,3.3,7.9,Basic,Low,1667.81,57932.17,Low
project_01664,SaaS,Medium,7,4,2,8,19,5.4,30.2,Basic,High,8068.75,361426.56,High
project_01665,E-commerce,High,12,9,2,18,26,6.8,65.3,Intermediate,High,46625.62,2646371.96,High
project_01666,IoT,Low,3,4,2,8,13,2.7,6.5,Basic,Medium,2320.05,84064.12,Low
project_01667,SaaS,Medium,8,6,2,12,17,5.2,33.3,Basic,Medium,11395.1,522648.31,Medium
project_01668,FinTech,High,9,8,2,16,25,7.2,51.8,Advanced,High,38782.24,2239302.6,High
project_01669,E-commerce,Low,3,3,2,6,10,3.1,7.4,Basic,Medium,1768.36,69125.4,Low
project_01670,Cloud System,Medium,6,7,2,14,16,4.2,20.2,Intermediate,Low,11990.07,514400.12,Medium
project_01671,AI Platform,High,10,12,2,24,21,6.2,49.6,Advanced,Medium,51650.63,3026539.8,High
project_01672,SaaS,Low,5,4,2,8,12,2.3,9.2,Basic,Medium,3807.45,122408.55,Low
project_01673,E-commerce,Medium,7,8,2,16,18,5.2,29.1,Basic,Low,12981.56,530850.58,Medium
project_01674,AI Platform,High,9,12,2,24,29,7.3,52.6,Advanced,Medium,51351.67,2808865.12,High
project_01675,Cloud System,Low,4,4,2,8,10,3.7,11.8,Basic,Low,2784.56,89258.36,Low
project_01676,FinTech,Medium,6,6,2,12,19,5.0,24.0,Intermediate,Medium,11005.96,491678.43,Medium
project_01677,Healthcare,High,12,11,2,22,28,6.3,60.5,Advanced,High,64474.76,3909814.9,High
project_01678,FinTech,Low,3,2,2,4,13,3.7,8.9,Basic,Medium,1211.15,47144.76,Low
project_01679,EdTech,Medium,8,6,2,12,20,5.1,32.6,Intermediate,Low,13716.35,556523.18,Medium
project_01680,Healthcare,High,11,6,2,12,21,5.8,51.0,Advanced,High,32580.15,1859849.54,High
project_01681,EdTech,Low,3,2,2,4,11,2.7,6.5,Basic,Low,1043.55,33165.69,Low
project_01682,FinTech,Medium,5,7,2,14,20,5.5,22.0,Basic,Low,8131.53,358225.39,Medium
project_01683,IoT,High,8,12,2,24,29,7.8,49.9,Advanced,High,49652.87,3024292.5,High
project_01684,SaaS,Low,5,2,2,4,14,2.6,10.4,Basic,Low,1761.64,61231.08,Low
project_01685,Cloud System,Medium,6,6,2,12,20,4.8,23.0,Intermediate,Medium,11316.05,549635.14,Medium
project_01686,FinTech,High,8,12,2,24,21,5.8,37.1,Intermediate,High,40092.04,2085099.96,High
project_01687,SaaS,Low,3,2,2,4,13,2.2,5.3,Basic,Medium,1226.76,44932.05,Low
project_01688,E-commerce,Medium,8,5,2,10,21,5.1,32.6,Basic,Medium,10429.68,493437.29,Medium
project_01689,E-commerce,High,11,7,2,14,21,6.8,59.8,Advanced,High,38963.05,2098332.64,High
project_01690,E-commerce,Low,4,2,2,4,10,3.9,12.5,Basic,Medium,1542.76,58196.62,Low
project_01691,AI Platform,Medium,6,8,2,16,20,5.1,24.5,Intermediate,Low,13582.41,617396.48,Medium
project_01692,AI Platform,High,10,11,2,22,27,5.3,42.4,Advanced,High,54674.19,3093468.97,High
project_01693,Cloud System,Low,4,4,2,8,12,2.1,6.7,Basic,Low,2645.85,85441.43,Low
project_01694,FinTech,Medium,5,4,2,8,18,5.3,21.2,Intermediate,Low,6160.87,286037.7,Medium
project_01695,IoT,High,12,12,2,24,27,8.0,76.8,Intermediate,High,64509.18,3647913.69,High
project_01696,Cloud System,Low,5,2,2,4,14,2.7,10.8,Basic,Low,1767.68,57637.67,Low
project_01697,EdTech,Medium,6,5,2,10,18,5.2,25.0,Intermediate,High,10951.58,538528.43,High
project_01698,FinTech,High,10,11,2,22,29,6.3,50.4,Intermediate,Medium,41921.12,2185343.29,High
project_01699,AI Platform,Low,5,3,2,6,10,3.9,15.6,Basic,Medium,2763.03,95605.14,Low
project_01700,SaaS,Medium,5,5,2,10,17,4.6,18.4,Intermediate,Medium,8192.89,364625.97,Medium
project_01701,AI Platform,High,12,11,2,22,26,6.1,58.6,Advanced,Medium,58705.73,3086013.73,High
project_01702,SaaS,Low,4,4,2,8,13,3.2,10.2,Basic,Low,2736.64,102811.78,Low
project_01703,IoT,Medium,8,8,2,16,19,5.0,32.0,Intermediate,Medium,19281.41,978012.86,Medium
project_01704,Healthcare,High,9,8,2,16,29,5.1,36.7,Advanced,Medium,32858.22,1904875.23,High
project_01705,AI Platform,Low,4,4,2,8,12,2.1,6.7,Basic,Medium,2991.3,107672.85,Low
project_01706,Cloud System,Medium,8,6,2,12,19,5.2,33.3,Intermediate,Medium,15104.38,602597.58,Medium
project_01707,Cloud System,High,8,9,2,18,29,6.8,43.5,Advanced,High,37286.53,1960069.14,High
project_01708,Healthcare,Low,5,3,2,6,12,2.1,8.4,Basic,Medium,2798.68,94880.04,Low
project_01709,E-commerce,Medium,7,6,2,12,16,5.6,31.4,Intermediate,Medium,13285.62,622763.01,Medium
project_01710,EdTech,High,8,6,2,12,27,7.9,50.6,Intermediate,Medium,19450.1,1073628.25,High
project_01711,E-commerce,Low,4,4,2,8,13,2.3,7.4,Basic,Low,2605.5,108877.91,Low
project_01712,IoT,Medium,5,5,2,10,18,4.4,17.6,Intermediate,Low,7171.55,324265.22,Medium
project_01713,IoT,High,8,9,2,18,22,6.0,38.4,Intermediate,High,29730.2,1747639.19,High
project_01714,FinTech,Low,4,2,2,4,11,3.0,9.6,Basic,Medium,1598.09,57640.31,Low
project_01715,FinTech,Medium,6,8,2,16,16,4.2,20.2,Intermediate,High,17390.7,830465.17,High
project_01716,FinTech,High,10,11,2,22,24,6.2,49.6,Intermediate,Medium,41577.92,2031558.7,High
project_01717,SaaS,Low,3,2,2,4,12,3.9,9.4,Basic,Low,1171.3,37485.0,Low
project_01718,IoT,Medium,5,6,2,12,18,4.3,17.2,Intermediate,High,10336.68,426982.75,High
project_01719,Healthcare,High,11,12,2,24,27,6.5,57.2,Advanced,Medium,56702.41,3206646.26,High
project_01720,AI Platform,Low,5,2,2,4,14,3.3,13.2,Basic,Medium,2055.56,61506.67,Low
project_01721,Healthcare,Medium,8,8,2,16,22,4.2,26.9,Intermediate,High,22148.6,1073443.16,High
project_01722,E-commerce,High,9,9,2,18,22,7.6,54.7,Advanced,High,40689.67,2133411.72,High
project_01723,SaaS,Low,5,4,2,8,14,2.3,9.2,Basic,Low,3453.63,111694.65,Low
project_01724,Healthcare,Medium,5,5,2,10,18,6.0,24.0,Intermediate,High,9397.58,434842.03,High
project_01725,AI Platform,High,11,6,2,12,24,5.3,46.6,Advanced,High,33983.13,1722991.11,High
project_01726,AI Platform,Low,4,2,2,4,10,2.0,6.4,Basic,Low,1399.47,44167.45,Low
project_01727,IoT,Medium,7,7,2,14,19,5.0,28.0,Basic,Medium,11763.67,618714.89,Medium
project_01728,FinTech,High,12,7,2,14,20,7.2,69.1,Advanced,High,41696.43,2359687.77,High
project_01729,FinTech,Low,3,4,2,8,13,3.3,7.9,Basic,Low,2054.04,78027.7,Low
project_01730,Healthcare,Medium,8,7,2,14,15,4.3,27.5,Intermediate,Medium,17433.54,667924.39,Medium
project_01731,EdTech,High,12,6,2,12,26,5.1,49.0,Intermediate,Medium,26222.61,1361691.58,High
project_01732,Cloud System,Low,4,4,2,8,14,3.5,11.2,Basic,Low,2669.55,100164.39,Low
project_01733,Cloud System,Medium,6,6,2,12,15,4.6,22.1,Intermediate,Medium,10807.23,484089.33,Medium
project_01734,E-commerce,High,8,12,2,24,24,5.4,34.6,Advanced,High,50251.4,2680025.77,High
project_01735,EdTech,Low,3,2,2,4,10,3.6,8.6,Basic,Medium,1216.55,45108.41,Low
project_01736,E-commerce,Medium,5,8,2,16,19,4.8,19.2,Intermediate,Low,11922.62,512468.8,Medium
project_01737,IoT,High,11,6,2,12,21,7.1,62.5,Intermediate,High,29959.83,1666145.93,High
project_01738,SaaS,Low,3,4,2,8,11,2.4,5.8,Basic,Low,2103.42,70326.32,Low
project_01739,IoT,Medium,7,8,2,16,18,4.3,24.1,Basic,High,15787.62,707356.91,High
project_01740,IoT,High,10,12,2,24,30,6.3,50.4,Intermediate,High,52960.8,2645681.0,High
project_01741,IoT,Low,5,3,2,6,13,3.7,14.8,Basic,Medium,2953.63,98006.55,Low
project_01742,SaaS,Medium,5,5,2,10,16,4.2,16.8,Intermediate,Low,6994.99,327024.38,Medium
project_01743,E-commerce,High,9,10,2,20,23,6.8,49.0,Advanced,High,46348.17,2391298.49,High
project_01744,EdTech,Low,4,4,2,8,15,3.1,9.9,Basic,Medium,3066.1,105776.29,Low
project_01745,IoT,Medium,7,4,2,8,16,5.1,28.6,Intermediate,Medium,8895.84,395589.84,Medium
project_01746,Healthcare,High,10,11,2,22,21,7.0,56.0,Intermediate,High,47836.86,2761364.92,High
project_01747,Cloud System,Low,3,3,2,6,11,3.7,8.9,Basic,Low,1625.04,54068.69,Low
project_01748,Healthcare,Medium,7,5,2,10,20,5.9,33.0,Basic,High,9867.26,472168.87,High
project_01749,Healthcare,High,8,7,2,14,29,7.9,50.6,Advanced,High,31575.59,1697380.14,High
project_01750,IoT,Low,5,4,2,8,11,3.2,12.8,Basic,Low,3290.01,116538.07,Low
project_01751,E-commerce,Medium,7,8,2,16,15,5.2,29.1,Intermediate,Medium,16698.43,714769.84,Medium
project_01752,SaaS,High,8,8,2,16,29,5.4,34.6,Advanced,High,32326.04,1977202.14,High
project_01753,E-commerce,Low,3,2,2,4,12,3.2,7.7,Basic,Medium,1212.37,43060.85,Low
project_01754,E-commerce,Medium,8,6,2,12,16,4.7,30.1,Intermediate,Low,12999.16,550496.62,Medium
project_01755,FinTech,High,11,6,2,12,26,7.0,61.6,Intermediate,High,28799.45,1511583.14,High
project_01756,IoT,Low,3,4,2,8,11,2.3,5.5,Basic,Low,2074.0,62034.26,Low
project_01757,E-commerce,Medium,5,7,2,14,22,5.9,23.6,Basic,Low,7933.7,330326.21,Medium
project_01758,AI Platform,High,10,9,2,18,29,6.0,48.0,Advanced,High,46149.78,2592367.64,High
project_01759,Cloud System,Low,4,3,2,6,15,3.8,12.2,Basic,Medium,2480.02,89657.1,Low
project_01760,SaaS,Medium,5,7,2,14,15,5.5,22.0,Intermediate,Medium,11190.9,488445.58,Medium
project_01761,EdTech,High,11,6,2,12,28,5.2,45.8,Advanced,High,34064.99,2024823.54,High
project_01762,FinTech,Low,5,3,2,6,12,3.8,15.2,Basic,Medium,2862.47,93125.94,Low
project_01763,SaaS,Medium,6,5,2,10,17,4.4,21.1,Intermediate,Medium,9315.15,400047.29,Medium
project_01764,Cloud System,High,9,8,2,16,28,6.6,47.5,Intermediate,High,31887.0,1734168.13,High
project_01765,IoT,Low,4,2,2,4,14,2.3,7.4,Basic,Low,1353.81,43297.45,Low
project_01766,Cloud System,Medium,6,8,2,16,21,5.4,25.9,Intermediate,Low,14187.38,578009.95,Medium
project_01767,Cloud System,High,8,11,2,22,23,6.3,40.3,Advanced,High,45934.21,2647151.85,High
project_01768,E-commerce,Low,3,2,2,4,15,3.6,8.6,Basic,Medium,1295.18,50051.74,Low
project_01769,AI Platform,Medium,8,8,2,16,16,4.9,31.4,Basic,Medium,16326.78,703055.55,Medium
project_01770,IoT,High,11,7,2,14,22,5.4,47.5,Advanced,Medium,33109.75,2130790.9,High
project_01771,FinTech,Low,4,4,2,8,10,3.1,9.9,Basic,Low,2751.03,104891.33,Low
project_01772,IoT,Medium,8,5,2,10,20,4.9,31.4,Basic,Medium,10348.24,489099.81,Medium
project_01773,Cloud System,High,10,12,2,24,25,5.5,44.0,Intermediate,High,49282.18,2907089.85,High
project_01774,Healthcare,Low,3,3,2,6,14,3.7,8.9,Basic,Low,1575.37,52069.88,Low
project_01775,SaaS,Medium,6,7,2,14,21,5.3,25.4,Basic,Medium,10542.21,480857.4,Medium
project_01776,SaaS,High,10,8,2,16,27,7.4,59.2,Advanced,High,43750.77,2122985.12,High
project_01777,SaaS,Low,4,2,2,4,14,3.8,12.2,Basic,Medium,1614.03,66675.75,Low
project_01778,Healthcare,Medium,8,5,2,10,17,4.3,27.5,Intermediate,Medium,13008.92,544755.02,Medium
project_01779,EdTech,High,8,9,2,18,28,6.8,43.5,Intermediate,Medium,27838.02,1525689.36,High
project_01780,AI Platform,Low,5,2,2,4,15,2.8,11.2,Basic,Medium,1898.13,65068.02,Low
project_01781,Cloud System,Medium,7,5,2,10,19,4.2,23.5,Intermediate,Medium,10732.36,472934.83,Medium
project_01782,Cloud System,High,12,9,2,18,27,5.5,52.8,Intermediate,High,46034.95,2510408.86,High
project_01783,IoT,Low,4,2,2,4,14,3.7,11.8,Basic,Low,1503.18,48659.22,Low
project_01784,Cloud System,Medium,7,6,2,12,22,4.3,24.1,Intermediate,Medium,13381.09,574641.76,Medium
project_01785,SaaS,High,12,12,2,24,24,6.9,66.2,Advanced,High,74946.59,3728237.1,High
project_01786,FinTech,Low,5,2,2,4,14,3.5,14.0,Basic,Medium,1970.32,62958.27,Low
project_01787,AI Platform,Medium,6,8,2,16,18,5.4,25.9,Intermediate,High,17177.57,840841.1,High
project_01788,FinTech,High,10,8,2,16,29,7.3,58.4,Intermediate,High,34302.37,2013717.89,High
project_01789,Cloud System,Low,5,2,2,4,12,2.4,9.6,Basic,Low,1650.88,67387.46,Low
project_01790,Cloud System,Medium,8,7,2,14,19,4.6,29.4,Basic,Low,12333.46,590413.3,Medium
project_01791,IoT,High,11,9,2,18,27,5.2,45.8,Advanced,High,50222.13,2788414.47,High
project_01792,EdTech,Low,3,2,2,4,14,2.8,6.7,Basic,Medium,1251.42,47861.59,Low
project_01793,Cloud System,Medium,8,4,2,8,20,5.5,35.2,Basic,Medium,8268.09,378340.51,Medium
project_01794,FinTech,High,11,11,2,22,27,7.6,66.9,Intermediate,High,52814.15,2871141.58,High
project_01795,Cloud System,Low,3,4,2,8,11,3.5,8.4,Basic,Low,2124.9,75277.67,Low
project_01796,Cloud System,Medium,7,5,2,10,17,5.3,29.7,Intermediate,Medium,11102.52,452321.8,Medium
project_01797,IoT,High,11,12,2,24,24,5.5,48.4,Advanced,High,67844.05,4111719.31,High
project_01798,EdTech,Low,3,4,2,8,12,3.9,9.4,Basic,Medium,2277.18,82968.93,Low
project_01799,IoT,Medium,8,4,2,8,19,4.1,26.2,Intermediate,Medium,9743.91,401060.54,Medium
project_01800,IoT,High,10,10,2,20,30,6.8,54.4,Intermediate,High,44636.09,2453375.53,High
project_01801,EdTech,Low,4,2,2,4,12,2.1,6.7,Basic,Low,1383.47,51199.4,Low
project_01802,AI Platform,Medium,8,4,2,8,16,5.2,33.3,Intermediate,Low,9644.06,380516.57,Medium
project_01803,E-commerce,High,11,7,2,14,29,6.8,59.8,Advanced,Medium,34711.84,1997019.2,High
project_01804,EdTech,Low,4,4,2,8,15,2.8,9.0,Basic,Low,2856.77,88203.69,Low
project_01805,Cloud System,Medium,8,6,2,12,17,5.9,37.8,Intermediate,Medium,14610.39,612185.23,Medium
project_01806,Cloud System,High,12,9,2,18,20,7.2,69.1,Advanced,High,53829.35,2687746.97,High
project_01807,AI Platform,Low,3,2,2,4,15,2.7,6.5,Basic,Medium,1240.42,38950.03,Low
project_01808,IoT,Medium,7,5,2,10,22,5.1,28.6,Basic,Medium,8936.14,425179.3,Medium
project_01809,AI Platform,High,9,7,2,14,28,5.9,42.5,Advanced,Medium,29093.44,1824220.61,High
project_01810,SaaS,Low,3,3,2,6,11,2.7,6.5,Basic,Low,1562.63,56689.14,Low
project_01811,EdTech,Medium,5,6,2,12,20,4.4,17.6,Basic,High,9006.46,384201.59,High
project_01812,AI Platform,High,12,12,2,24,23,5.2,49.9,Advanced,High,74677.36,3818927.03,High
project_01813,Cloud System,Low,3,2,2,4,14,2.7,6.5,Basic,Medium,1207.47,40256.08,Low
project_01814,IoT,Medium,7,4,2,8,22,5.2,29.1,Intermediate,Medium,9417.9,474146.73,Medium
project_01815,FinTech,High,8,7,2,14,30,7.8,49.9,Advanced,High,31459.0,1865725.8,High
project_01816,IoT,Low,5,4,2,8,10,2.7,10.8,Basic,Low,3268.65,95777.44,Low
project_01817,SaaS,Medium,6,8,2,16,19,5.1,24.5,Basic,Medium,11833.79,579702.12,Medium
project_01818,IoT,High,9,10,2,20,22,7.1,51.1,Intermediate,Medium,33800.44,1680573.76,High
project_01819,Healthcare,Low,5,2,2,4,14,2.1,8.4,Basic,Medium,1815.15,66038.97,Low
project_01820,Healthcare,Medium,7,6,2,12,15,5.7,31.9,Intermediate,Low,12310.19,501312.97,Medium
project_01821,SaaS,High,10,11,2,22,25,5.7,45.6,Advanced,Medium,51785.66,2971675.93,High
project_01822,IoT,Low,3,2,2,4,13,2.8,6.7,Basic,Medium,1171.69,44126.04,Low
project_01823,SaaS,Medium,5,8,2,16,22,4.7,18.8,Intermediate,Low,12059.71,512822.75,Medium
project_01824,AI Platform,High,11,8,2,16,23,7.6,66.9,Advanced,High,44331.84,2346404.47,High
project_01825,AI Platform,Low,3,4,2,8,13,4.0,9.6,Basic,Low,2087.59,73736.39,Low
project_01826,EdTech,Medium,6,4,2,8,18,4.9,23.5,Intermediate,Medium,7575.95,333241.12,Medium
project_01827,AI Platform,High,11,7,2,14,26,5.1,44.9,Advanced,High,40251.22,2283062.1,High
project_01828,EdTech,Low,5,3,2,6,14,2.1,8.4,Basic,Low,2454.37,100635.33,Low
project_01829,SaaS,Medium,7,4,2,8,16,4.2,23.5,Intermediate,Medium,8416.73,376990.36,Medium
project_01830,SaaS,High,11,11,2,22,22,7.8,68.6,Advanced,High,63193.36,3382667.49,High
project_01831,Cloud System,Low,4,4,2,8,12,3.7,11.8,Basic,Low,2635.06,89667.95,Low
project_01832,IoT,Medium,7,4,2,8,17,4.5,25.2,Intermediate,High,10132.47,498281.34,High
project_01833,EdTech,High,10,9,2,18,29,5.5,44.0,Advanced,Medium,39488.61,2141070.49,High
project_01834,IoT,Low,4,3,2,6,13,2.7,8.6,Basic,Medium,2344.0,81424.11,Low
project_01835,EdTech,Medium,7,6,2,12,17,5.0,28.0,Intermediate,High,14302.81,639738.2,High
project_01836,Cloud System,High,12,10,2,20,28,8.0,76.8,Advanced,Medium,53877.74,2865064.62,High
project_01837,Cloud System,Low,3,2,2,4,13,2.1,5.0,Basic,Medium,1138.08,35198.94,Low
project_01838,Healthcare,Medium,5,7,2,14,18,5.2,20.8,Intermediate,Medium,11049.92,474580.26,Medium
project_01839,SaaS,High,10,10,2,20,22,5.0,40.0,Advanced,Medium,46445.05,2266139.7,High
project_01840,SaaS,Low,5,2,2,4,11,3.2,12.8,Basic,Medium,1986.3,73302.42,Low
project_01841,IoT,Medium,5,7,2,14,19,4.2,16.8,Intermediate,Low,9735.1,476351.35,Medium
project_01842,E-commerce,High,10,7,2,14,23,5.5,44.0,Advanced,High,37888.03,1968432.3,High
project_01843,Healthcare,Low,5,2,2,4,14,4.0,16.0,Basic,Low,1759.98,73724.71,Low
project_01844,E-commerce,Medium,6,5,2,10,17,4.7,22.6,Intermediate,Medium,9452.3,477751.55,Medium
project_01845,E-commerce,High,8,9,2,18,21,6.9,44.2,Advanced,High,38694.25,2072475.31,High
project_01846,SaaS,Low,5,4,2,8,10,2.2,8.8,Basic,Low,3262.59,127925.02,Low
project_01847,IoT,Medium,7,7,2,14,20,5.2,29.1,Basic,High,14540.79,580963.35,High
project_01848,E-commerce,High,11,6,2,12,21,5.2,45.8,Intermediate,High,29456.46,1653746.24,High
project_01849,EdTech,Low,4,3,2,6,15,2.5,8.0,Basic,Medium,2172.61,82319.87,Low
project_01850,EdTech,Medium,7,5,2,10,21,4.8,26.9,Basic,Medium,8923.02,396925.59,Medium
project_01851,EdTech,High,10,9,2,18,30,6.9,55.2,Intermediate,High,41081.04,1975841.32,High
project_01852,Cloud System,Low,3,4,2,8,11,3.5,8.4,Basic,Low,2155.3,70129.96,Low
project_01853,Healthcare,Medium,5,7,2,14,19,5.2,20.8,Basic,Medium,8940.07,437398.72,Medium
project_01854,EdTech,High,12,9,2,18,30,5.6,53.8,Advanced,High,54868.25,3184043.1,High
project_01855,AI Platform,Low,4,2,2,4,12,3.5,11.2,Basic,Medium,1535.17,54369.27,Low
project_01856,Cloud System,Medium,7,7,2,14,15,4.6,25.8,Basic,Medium,11927.28,574121.34,Medium
project_01857,Cloud System,High,8,12,2,24,27,6.6,42.2,Intermediate,High,39808.95,2110525.37,High
project_01858,IoT,Low,5,3,2,6,15,3.8,15.2,Basic,Medium,2888.47,95660.5,Low
project_01859,Cloud System,Medium,7,8,2,16,18,4.9,27.4,Intermediate,Medium,16521.55,776956.06,Medium
project_01860,IoT,High,9,8,2,16,25,5.9,42.5,Intermediate,Medium,28254.83,1412965.85,High
project_01861,Cloud System,Low,5,4,2,8,14,3.7,14.8,Basic,Low,3249.96,121902.89,Low
project_01862,IoT,Medium,8,4,2,8,22,6.0,38.4,Intermediate,Medium,10440.67,476447.66,Medium
project_01863,IoT,High,12,10,2,20,22,6.9,66.2,Advanced,High,62805.54,3512551.17,High
project_01864,AI Platform,Low,5,4,2,8,12,2.4,9.6,Basic,Low,3454.51,124428.8,Low
project_01865,Healthcare,Medium,5,5,2,10,16,4.3,17.2,Basic,High,6956.24,343731.71,High
project_01866,FinTech,High,12,10,2,20,29,6.8,65.3,Advanced,High,59247.25,3163098.97,High
project_01867,AI Platform,Low,4,2,2,4,11,3.1,9.9,Basic,Medium,1545.04,49985.37,Low
project_01868,EdTech,Medium,5,6,2,12,20,4.7,18.8,Intermediate,High,10710.66,528570.63,High
project_01869,IoT,High,9,7,2,14,22,8.0,57.6,Advanced,High,34842.49,2008950.41,High
project_01870,AI Platform,Low,3,4,2,8,10,3.5,8.4,Basic,Low,2057.44,80749.25,Low
project_01871,Cloud System,Medium,5,4,2,8,18,5.6,22.4,Intermediate,Low,6248.18,281152.68,Medium
project_01872,Cloud System,High,9,6,2,12,23,7.4,53.3,Intermediate,Medium,20294.55,1144195.77,High
project_01873,Cloud System,Low,4,3,2,6,10,3.5,11.2,Basic,Medium,2365.9,83747.44,Low
project_01874,SaaS,Medium,8,6,2,12,17,5.4,34.6,Intermediate,Medium,15015.84,672205.62,Medium
project_01875,IoT,High,12,9,2,18,23,7.9,75.8,Advanced,High,54575.41,3139463.5,High
project_01876,E-commerce,Low,4,2,2,4,10,3.7,11.8,Basic,Medium,1519.83,49487.23,Low
project_01877,Cloud System,Medium,8,6,2,12,16,5.9,37.8,Intermediate,Medium,15424.44,672236.92,Medium
project_01878,Healthcare,High,8,9,2,18,20,5.0,32.0,Intermediate,High,30219.55,1835434.44,High
project_01879,E-commerce,Low,3,3,2,6,15,2.7,6.5,Basic,Low,1550.15,53370.33,Low
project_01880,Cloud System,Medium,8,8,2,16,17,5.8,37.1,Intermediate,Medium,20277.72,836893.0,Medium
project_01881,SaaS,High,9,11,2,22,23,7.5,54.0,Advanced,High,51805.16,2570853.4,High
project_01882,Healthcare,Low,4,4,2,8,11,2.2,7.0,Basic,Low,2759.4,93240.47,Low
project_01883,EdTech,Medium,8,5,2,10,20,4.7,30.1,Basic,Low,9483.21,380236.51,Medium
project_01884,FinTech,High,8,9,2,18,22,5.3,33.9,Intermediate,Medium,27445.39,1435308.74,High
project_01885,AI Platform,Low,3,4,2,8,14,3.3,7.9,Basic,Low,2093.27,71526.42,Low
project_01886,IoT,Medium,8,8,2,16,19,4.3,27.5,Basic,Medium,15939.39,685569.62,Medium
project_01887,IoT,High,10,11,2,22,20,7.7,61.6,Advanced,High,53860.5,3467352.52,High
project_01888,EdTech,Low,3,3,2,6,15,2.0,4.8,Basic,Low,1636.82,48157.77,Low
project_01889,SaaS,Medium,6,8,2,16,15,5.7,27.4,Intermediate,Medium,14886.96,622810.69,Medium
project_01890,FinTech,High,10,12,2,24,23,7.2,57.6,Advanced,High,63665.28,3596928.16,High
project_01891,Healthcare,Low,4,2,2,4,15,2.6,8.3,Basic,Low,1390.85,45250.73,Low
project_01892,E-commerce,Medium,5,7,2,14,17,4.8,19.2,Intermediate,Medium,11198.39,528367.68,Medium
project_01893,SaaS,High,8,10,2,20,30,5.8,37.1,Intermediate,High,34830.12,1753405.73,High
project_01894,SaaS,Low,4,2,2,4,14,3.5,11.2,Basic,Medium,1546.22,57548.39,Low
project_01895,AI Platform,Medium,5,5,2,10,21,4.0,16.0,Intermediate,Low,6966.74,342710.14,Medium
project_01896,Healthcare,High,12,8,2,16,20,5.3,50.9,Intermediate,High,41004.82,2048827.97,High
project_01897,AI Platform,Low,5,3,2,6,12,3.7,14.8,Basic,Medium,2869.14,83430.65,Low
project_01898,Cloud System,Medium,7,6,2,12,20,4.4,24.6,Basic,Medium,10499.34,511913.18,Medium
project_01899,IoT,High,12,11,2,22,24,7.2,69.1,Intermediate,High,56951.06,3205302.26,High
project_01900,Healthcare,Low,3,4,2,8,14,2.0,4.8,Basic,Low,1944.44,69424.16,Low
project_01901,IoT,Medium,7,7,2,14,19,5.6,31.4,Intermediate,Medium,15410.88,656258.87,Medium
project_01902,Cloud System,High,9,10,2,20,25,6.6,47.5,Advanced,Medium,42695.46,2278243.09,High
project_01903,FinTech,Low,4,4,2,8,15,2.9,9.3,Basic,Low,2732.83,86289.52,Low
project_01904,FinTech,Medium,5,8,2,16,21,4.9,19.6,Intermediate,Medium,12549.06,613642.16,Medium
project_01905,FinTech,High,9,9,2,18,25,6.1,43.9,Advanced,High,43243.06,2399128.61,High
project_01906,AI Platform,Low,4,2,2,4,11,3.6,11.5,Basic,Low,1453.18,54420.85,Low
project_01907,Cloud System,Medium,5,8,2,16,18,4.2,16.8,Intermediate,High,14356.61,675680.74,High
project_01908,FinTech,High,8,7,2,14,28,7.8,49.9,Intermediate,High,25372.05,1285477.8,High
project_01909,FinTech,Low,3,4,2,8,11,3.2,7.7,Basic,Low,2016.52,77684.09,Low
project_01910,EdTech,Medium,6,5,2,10,19,5.7,27.4,Intermediate,High,11520.99,456871.57,High
project_01911,AI Platform,High,12,6,2,12,22,5.6,53.8,Advanced,High,38341.5,2087575.86,High
project_01912,Healthcare,Low,3,4,2,8,11,3.0,7.2,Basic,Low,1980.02,71483.86,Low
project_01913,IoT,Medium,7,4,2,8,20,4.3,24.1,Intermediate,Medium,8735.29,369421.78,Medium
project_01914,E-commerce,High,12,9,2,18,20,6.4,61.4,Advanced,Medium,50033.65,2612564.4,High
project_01915,Cloud System,Low,5,2,2,4,14,2.1,8.4,Basic,Low,1711.19,61217.02,Low
project_01916,FinTech,Medium,5,4,2,8,21,5.2,20.8,Intermediate,Medium,6430.92,331270.17,Medium
project_01917,SaaS,High,12,8,2,16,21,5.3,50.9,Advanced,High,50395.37,2856609.98,High
project_01918,Healthcare,Low,4,2,2,4,15,3.7,11.8,Basic,Medium,1723.19,60823.72,Low
project_01919,E-commerce,Medium,6,7,2,14,17,4.1,19.7,Intermediate,Medium,12545.34,591340.07,Medium
project_01920,SaaS,High,8,9,2,18,24,6.7,42.9,Advanced,High,36904.76,2117171.54,High
project_01921,Cloud System,Low,5,3,2,6,12,3.5,14.0,Basic,Low,2508.42,94826.21,Low
project_01922,Healthcare,Medium,5,7,2,14,22,4.7,18.8,Intermediate,Medium,10770.29,468948.48,Medium
project_01923,IoT,High,11,6,2,12,24,6.0,52.8,Intermediate,Medium,26512.99,1432553.46,High
project_01924,Cloud System,Low,3,2,2,4,10,3.1,7.4,Basic,Medium,1222.55,43143.72,Low
project_01925,FinTech,Medium,5,6,2,12,18,5.3,21.2,Intermediate,High,10467.3,475229.36,High
project_01926,IoT,High,12,6,2,12,20,7.6,73.0,Advanced,Medium,34410.88,1703949.88,High
project_01927,Cloud System,Low,5,3,2,6,10,3.1,12.4,Basic,Low,2554.3,88433.97,Low
project_01928,Healthcare,Medium,7,8,2,16,16,4.7,26.3,Intermediate,Medium,17951.92,683737.42,Medium
project_01929,FinTech,High,10,8,2,16,28,5.2,41.6,Advanced,Medium,36667.07,2053460.92,High
project_01930,EdTech,Low,3,3,2,6,13,2.7,6.5,Basic,Medium,1706.94,50990.99,Low
project_01931,EdTech,Medium,6,8,2,16,21,5.8,27.8,Basic,Low,11282.07,515639.48,Medium
project_01932,E-commerce,High,8,11,2,22,22,6.3,40.3,Intermediate,High,36053.09,2052696.31,High
project_01933,E-commerce,Low,5,2,2,4,10,3.0,12.0,Basic,Low,1635.21,68741.23,Low
project_01934,Healthcare,Medium,7,6,2,12,20,5.7,31.9,Intermediate,Low,11947.03,548801.52,Medium
project_01935,Cloud System,High,8,12,2,24,29,6.9,44.2,Advanced,High,48324.36,2747035.65,High
project_01936,AI Platform,Low,4,3,2,6,12,3.6,11.5,Basic,Low,2012.34,74450.69,Low
project_01937,FinTech,Medium,5,4,2,8,20,5.1,20.4,Basic,Medium,5331.39,270572.19,Medium
project_01938,Cloud System,High,12,12,2,24,24,7.3,70.1,Intermediate,Medium,56189.41,2622771.16,High
project_01939,Healthcare,Low,3,2,2,4,11,2.2,5.3,Basic,Low,1013.5,32608.27,Low
project_01940,EdTech,Medium,8,4,2,8,16,4.3,27.5,Intermediate,High,11365.4,534723.22,High
project_01941,Healthcare,High,9,10,2,20,26,5.2,37.4,Intermediate,Medium,32507.15,1768779.19,High
project_01942,Healthcare,Low,3,2,2,4,13,3.4,8.2,Basic,Low,1104.3,41391.08,Low
project_01943,E-commerce,Medium,8,4,2,8,15,4.8,30.7,Intermediate,High,10882.3,519193.1,High
project_01944,IoT,High,11,7,2,14,26,5.1,44.9,Intermediate,High,34300.13,1642729.12,High
project_01945,AI Platform,Low,4,4,2,8,13,2.6,8.3,Basic,Low,2822.01,92199.03,Low
project_01946,SaaS,Medium,8,6,2,12,22,4.3,27.5,Basic,High,13031.49,641049.93,High
project_01947,Cloud System,High,9,9,2,18,27,8.0,57.6,Advanced,Medium,36293.69,1922147.77,High
project_01948,Cloud System,Low,4,2,2,4,10,3.4,10.9,Basic,Medium,1570.85,58835.48,Low
project_01949,IoT,Medium,6,4,2,8,20,5.7,27.4,Basic,Medium,6552.28,279244.1,Medium
project_01950,Healthcare,High,8,8,2,16,30,5.7,36.5,Advanced,Medium,29438.07,1441828.61,High
project_01951,Cloud System,Low,4,3,2,6,12,3.8,12.2,Basic,Medium,2280.12,75060.72,Low
project_01952,SaaS,Medium,8,5,2,10,18,5.6,35.8,Basic,Medium,10321.69,456129.19,Medium
project_01953,FinTech,High,12,10,2,20,28,7.3,70.1,Intermediate,High,49113.42,2859499.44,High
project_01954,Cloud System,Low,4,3,2,6,15,3.0,9.6,Basic,Low,2046.5,74945.4,Low
project_01955,E-commerce,Medium,8,5,2,10,22,4.0,25.6,Intermediate,Medium,12249.21,601579.9,Medium
project_01956,Cloud System,High,12,11,2,22,21,7.5,72.0,Advanced,Medium,56580.26,3361421.34,High
project_01957,Cloud System,Low,3,4,2,8,14,3.4,8.2,Basic,Medium,2416.58,72876.49,Low
project_01958,IoT,Medium,8,7,2,14,18,5.7,36.5,Intermediate,High,19692.3,874834.3,High
project_01959,SaaS,High,12,11,2,22,20,7.7,73.9,Advanced,High,67252.68,3563736.02,High
project_01960,SaaS,Low,3,2,2,4,10,2.5,6.0,Basic,Low,1057.21,38452.95,Low
project_01961,EdTech,Medium,8,8,2,16,15,4.7,30.1,Intermediate,Medium,19743.52,855209.43,Medium
project_01962,Healthcare,High,11,10,2,20,30,6.5,57.2,Advanced,High,55047.5,3055707.29,High
project_01963,Cloud System,Low,3,4,2,8,13,2.7,6.5,Basic,Low,1988.38,69509.08,Low
project_01964,SaaS,Medium,6,6,2,12,22,4.2,20.2,Intermediate,High,13201.89,511979.53,High
project_01965,Healthcare,High,8,7,2,14,30,5.6,35.8,Advanced,Medium,26794.07,1470753.25,High
project_01966,EdTech,Low,4,4,2,8,11,3.5,11.2,Basic,Low,2820.9,88822.49,Low
project_01967,FinTech,Medium,8,7,2,14,17,5.2,33.3,Basic,Low,12748.19,556274.57,Medium
project_01968,EdTech,High,12,8,2,16,24,6.4,61.4,Intermediate,High,40666.87,2333754.77,High
project_01969,IoT,Low,3,4,2,8,14,2.6,6.2,Basic,Medium,2199.41,88965.44,Low
project_01970,IoT,Medium,6,4,2,8,19,4.9,23.5,Basic,Medium,6186.7,280317.26,Medium
project_01971,Healthcare,High,8,9,2,18,23,7.0,44.8,Intermediate,High,32137.68,1551450.3,High
project_01972,SaaS,Low,4,3,2,6,12,2.6,8.3,Basic,Low,1956.44,74003.67,Low
project_01973,E-commerce,Medium,5,7,2,14,15,5.0,20.0,Basic,High,9883.29,447444.99,High
project_01974,EdTech,High,10,9,2,18,29,7.9,63.2,Advanced,High,47492.38,2470834.67,High
project_01975,E-commerce,Low,4,2,2,4,14,3.8,12.2,Basic,Medium,1675.74,49388.4,Low
project_01976,E-commerce,Medium,5,7,2,14,20,4.7,18.8,Intermediate,High,12227.38,580148.99,High
project_01977,SaaS,High,10,10,2,20,22,7.7,61.6,Advanced,Medium,46821.54,2602647.17,High
project_01978,EdTech,Low,5,4,2,8,13,3.1,12.4,Basic,Low,3283.19,103955.99,Low
project_01979,AI Platform,Medium,6,8,2,16,19,5.7,27.4,Intermediate,Medium,14519.83,635824.55,Medium
project_01980,E-commerce,High,11,7,2,14,27,7.8,68.6,Intermediate,High,32453.04,1806016.3,High
project_01981,SaaS,Low,3,4,2,8,15,3.1,7.4,Basic,Low,2210.7,73036.16,Low
project_01982,SaaS,Medium,6,4,2,8,22,4.7,22.6,Intermediate,High,8744.49,383004.6,High
project_01983,FinTech,High,10,11,2,22,30,7.7,61.6,Advanced,High,58366.62,3109356.72,High
project_01984,AI Platform,Low,5,3,2,6,11,2.4,9.6,Basic,Medium,2701.39,106980.72,Low
project_01985,FinTech,Medium,6,8,2,16,16,5.8,27.8,Intermediate,Medium,15345.95,719880.87,Medium
project_01986,SaaS,High,11,10,2,20,24,7.2,63.4,Advanced,Medium,49281.72,2604074.77,High
project_01987,Healthcare,Low,3,3,2,6,14,3.5,8.4,Basic,Medium,1791.35,57878.33,Low
project_01988,Healthcare,Medium,7,6,2,12,18,5.1,28.6,Basic,High,12425.5,509340.75,High
project_01989,Cloud System,High,11,12,2,24,21,7.0,61.6,Advanced,Medium,60023.3,3564044.32,High
project_01990,Healthcare,Low,5,4,2,8,11,3.5,14.0,Basic,Medium,3740.99,128885.39,Low
project_01991,IoT,Medium,6,7,2,14,20,5.5,26.4,Basic,Medium,10551.33,453399.8,Medium
project_01992,SaaS,High,10,6,2,12,24,5.3,42.4,Advanced,High,30109.34,1726278.49,High
project_01993,IoT,Low,5,2,2,4,10,3.3,13.2,Basic,Medium,1815.32,61039.15,Low
project_01994,E-commerce,Medium,5,5,2,10,18,4.5,18.0,Intermediate,Medium,7797.54,378872.25,Medium
project_01995,FinTech,High,8,7,2,14,23,5.2,33.3,Advanced,High,30593.93,1704845.18,High
project_01996,E-commerce,Low,3,3,2,6,11,3.1,7.4,Basic,Low,1518.21,57334.49,Low
project_01997,E-commerce,Medium,8,5,2,10,15,4.8,30.7,Basic,Medium,9675.05,450627.77,Medium
project_01998,FinTech,High,10,8,2,16,28,6.3,50.4,Intermediate,High,36023.63,1799265.83,High
project_01999,Cloud System,Low,5,2,2,4,10,2.0,8.0,Basic,Low,1662.76,53441.24,Low
project_02000,Healthcare,Medium,8,4,2,8,22,4.2,26.9,Intermediate,Medium,10042.0,479283.52,Medium
project_02001,FinTech,High,12,7,2,14,30,6.3,60.5,Intermediate,High,38255.66,1998065.68,High
project_02002,IoT,Low,4,4,2,8,12,3.4,10.9,Basic,Low,2837.38,79543.14,Low
project_02003,Healthcare,Medium,5,7,2,14,21,4.4,17.6,Basic,Low,7794.92,376667.14,Medium
project_02004,Cloud System,High,9,7,2,14,24,7.1,51.1,Intermediate,Medium,24176.51,1260793.72,High
project_02005,FinTech,Low,3,2,2,4,14,3.2,7.7,Basic,Low,1107.8,46585.31,Low
project_02006,AI Platform,Medium,7,6,2,12,22,4.8,26.9,Intermediate,Medium,13098.67,580792.57,Medium
project_02007,IoT,High,8,7,2,14,22,5.7,36.5,Intermediate,High,24984.24,1274039.5,High
project_02008,EdTech,Low,5,2,2,4,10,2.7,10.8,Basic,Medium,1870.41,62165.44,Low
project_02009,IoT,Medium,7,6,2,12,18,4.5,25.2,Intermediate,Low,12449.99,560518.75,Medium
project_02010,IoT,High,9,6,2,12,23,6.9,49.7,Advanced,High,29817.92,1521412.32,High
project_02011,AI Platform,Low,3,2,2,4,12,3.0,7.2,Basic,Low,1125.24,39413.97,Low
project_02012,IoT,Medium,5,5,2,10,21,4.0,16.0,Basic,Medium,6224.78,270537.99,Medium
project_02013,IoT,High,11,9,2,18,26,7.3,64.2,Advanced,Medium,45707.46,2448515.68,High
project_02014,EdTech,Low,3,4,2,8,12,3.9,9.4,Basic,Low,2145.26,72118.51,Low
project_02015,Cloud System,Medium,8,4,2,8,20,4.6,29.4,Basic,Low,7409.41,370319.18,Medium
project_02016,E-commerce,High,9,7,2,14,24,6.9,49.7,Advanced,High,31894.1,1876898.29,High
project_02017,EdTech,Low,4,3,2,6,10,3.4,10.9,Basic,Medium,2181.84,88472.25,Low
project_02018,Healthcare,Medium,6,7,2,14,18,5.1,24.5,Intermediate,High,15452.15,630910.07,High
project_02019,FinTech,High,11,10,2,20,22,7.3,64.2,Intermediate,Medium,42742.53,2169677.36,High
project_02020,Cloud System,Low,3,2,2,4,11,3.0,7.2,Basic,Low,1066.71,39900.28,Low
project_02021,Healthcare,Medium,8,4,2,8,16,5.3,33.9,Intermediate,Medium,9854.0,463251.84,Medium
project_02022,AI Platform,High,11,12,2,24,20,6.7,59.0,Intermediate,High,56835.95,2969662.67,High
project_02023,Healthcare,Low,4,4,2,8,13,3.3,10.6,Basic,Low,2733.0,98722.73,Low
project_02024,SaaS,Medium,8,8,2,16,22,5.1,32.6,Intermediate,Medium,20568.16,846859.4,Medium
project_02025,SaaS,High,10,10,2,20,26,5.5,44.0,Advanced,Medium,44615.98,2331269.78,High
project_02026,AI Platform,Low,3,4,2,8,14,2.3,5.5,Basic,Low,2060.45,66056.16,Low
project_02027,FinTech,Medium,6,8,2,16,18,5.0,24.0,Intermediate,Medium,15079.0,595231.27,Medium
project_02028,EdTech,High,12,11,2,22,21,7.3,70.1,Advanced,High,66568.2,3874570.41,High
project_02029,SaaS,Low,3,3,2,6,14,2.3,5.5,Basic,Medium,1650.89,59359.74,Low
project_02030,IoT,Medium,6,4,2,8,20,5.5,26.4,Intermediate,Medium,8068.65,341346.32,Medium
project_02031,SaaS,High,8,8,2,16,21,5.0,32.0,Intermediate,Medium,24951.85,1444171.05,High
project_02032,Healthcare,Low,5,3,2,6,15,3.5,14.0,Basic,Low,2540.04,104867.19,Low
project_02033,FinTech,Medium,7,5,2,10,16,5.5,30.8,Intermediate,Low,10453.4,491429.73,Medium
project_02034,AI Platform,High,11,12,2,24,25,7.7,67.8,Advanced,High,65957.05,3488260.62,High
project_02035,FinTech,Low,4,4,2,8,13,3.2,10.2,Basic,Low,2696.45,83219.64,Low
project_02036,AI Platform,Medium,8,5,2,10,21,4.5,28.8,Intermediate,Low,11555.44,560471.57,Medium
project_02037,FinTech,High,8,11,2,22,27,5.2,33.3,Intermediate,Medium,34768.51,2015385.01,High
project_02038,SaaS,Low,3,3,2,6,14,3.6,8.6,Basic,Medium,1730.82,56494.79,Low
project_02039,IoT,Medium,6,4,2,8,22,5.0,24.0,Intermediate,Low,7029.43,334603.32,Medium
project_02040,Cloud System,High,12,10,2,20,27,6.6,63.4,Intermediate,Medium,43894.97,2380580.88,High
project_02041,AI Platform,Low,3,3,2,6,15,3.9,9.4,Basic,Low,1719.52,55221.37,Low
project_02042,E-commerce,Medium,8,4,2,8,16,5.8,37.1,Intermediate,Low,9657.95,395985.22,Medium
project_02043,FinTech,High,12,10,2,20,27,7.4,71.0,Advanced,High,61051.81,3422052.58,High
project_02044,Healthcare,Low,5,3,2,6,14,2.7,10.8,Basic,Low,2539.87,82319.8,Low
project_02045,IoT,Medium,8,4,2,8,19,5.5,35.2,Intermediate,Low,9673.53,369599.21,Medium
project_02046,Healthcare,High,11,7,2,14,21,6.1,53.7,Intermediate,High,33164.57,1846360.35,High
project_02047,E-commerce,Low,4,3,2,6,13,2.2,7.0,Basic,Low,2077.52,72636.48,Low
project_02048,EdTech,Medium,6,7,2,14,20,5.2,25.0,Basic,Medium,10721.21,422975.86,Medium
project_02049,SaaS,High,12,12,2,24,20,6.6,63.4,Intermediate,High,62650.27,3103486.69,High
project_02050,AI Platform,Low,3,4,2,8,11,3.3,7.9,Basic,Medium,2352.7,75718.23,Low
project_02051,E-commerce,Medium,8,8,2,16,16,4.7,30.1,Intermediate,Medium,18819.54,805681.41,Medium
project_02052,SaaS,High,10,9,2,18,30,6.8,54.4,Intermediate,Medium,33931.59,1695546.49,High
project_02053,Healthcare,Low,5,3,2,6,10,3.7,14.8,Basic,Low,2448.62,90081.49,Low
project_02054,EdTech,Medium,7,5,2,10,21,5.9,33.0,Basic,Medium,8682.89,373465.37,Medium
project_02055,FinTech,High,11,10,2,20,21,5.2,45.8,Intermediate,Medium,39910.51,2207642.49,High
project_02056,Healthcare,Low,5,2,2,4,11,2.7,10.8,Basic,Low,1655.39,63419.43,Low
project_02057,FinTech,Medium,5,7,2,14,16,4.1,16.4,Intermediate,Medium,10727.0,477550.79,Medium
project_02058,FinTech,High,10,7,2,14,24,7.0,56.0,Advanced,Medium,31443.24,1768761.2,High
project_02059,Cloud System,Low,5,2,2,4,13,3.7,14.8,Basic,Medium,2034.69,69084.98,Low
project_02060,Healthcare,Medium,7,5,2,10,22,5.9,33.0,Basic,Low,8146.93,371533.01,Medium
project_02061,EdTech,High,8,8,2,16,25,5.6,35.8,Intermediate,Medium,24145.14,1352904.07,High
project_02062,Healthcare,Low,4,2,2,4,11,3.8,12.2,Basic,Medium,1589.43,57434.71,Low
project_02063,Healthcare,Medium,6,5,2,10,21,5.8,27.8,Intermediate,Medium,9960.97,446171.62,Medium
project_02064,E-commerce,High,10,12,2,24,30,5.5,44.0,Advanced,Medium,52400.86,2741761.2,High
project_02065,FinTech,Low,3,4,2,8,10,2.6,6.2,Basic,Low,2011.24,73598.13,Low
project_02066,EdTech,Medium,5,6,2,12,16,4.3,17.2,Intermediate,Medium,9342.49,399191.61,Medium
project_02067,E-commerce,High,8,12,2,24,20,6.4,41.0,Advanced,High,51351.43,2843851.16,High
project_02068,Healthcare,Low,4,2,2,4,15,3.1,9.9,Basic,Low,1399.59,46109.77,Low
project_02069,E-commerce,Medium,5,4,2,8,17,5.0,20.0,Basic,High,6143.9,292423.64,High
project_02070,EdTech,High,12,9,2,18,28,6.5,62.4,Advanced,High,53898.03,3224838.31,High
project_02071,Healthcare,Low,3,4,2,8,12,3.7,8.9,Basic,Medium,2305.61,74421.3,Low
project_02072,SaaS,Medium,6,7,2,14,21,5.3,25.4,Basic,Low,9264.86,458675.96,Medium
project_02073,SaaS,High,8,8,2,16,23,5.1,32.6,Intermediate,High,26897.53,1523114.37,High
project_02074,Healthcare,Low,4,3,2,6,10,3.0,9.6,Basic,Low,2018.1,74858.71,Low
project_02075,FinTech,Medium,5,7,2,14,20,5.3,21.2,Intermediate,Low,10229.0,443265.65,Medium
project_02076,Healthcare,High,11,9,2,18,29,6.1,53.7,Advanced,Medium,44329.27,2384504.07,High
project_02077,E-commerce,Low,3,3,2,6,15,2.6,6.2,Basic,Low,1534.33,64427.95,Low
project_02078,EdTech,Medium,7,5,2,10,17,4.5,25.2,Intermediate,Medium,10857.62,513742.07,Medium
project_02079,FinTech,High,10,6,2,12,28,5.7,45.6,Intermediate,High,25980.19,1412648.42,High
project_02080,SaaS,Low,3,3,2,6,14,3.5,8.4,Basic,Low,1588.19,63276.19,Low
project_02081,Cloud System,Medium,6,5,2,10,21,5.1,24.5,Basic,Low,6925.47,286503.94,Medium
project_02082,SaaS,High,10,6,2,12,24,6.3,50.4,Advanced,High,33087.95,1728541.02,High
project_02083,EdTech,Low,5,4,2,8,12,3.3,13.2,Basic,Medium,3591.12,112401.94,Low
project_02084,IoT,Medium,6,6,2,12,18,4.7,22.6,Basic,Low,7957.49,385307.0,Medium
project_02085,Cloud System,High,8,9,2,18,29,7.2,46.1,Advanced,Medium,32247.36,1876512.5,High
project_02086,IoT,Low,4,2,2,4,15,3.0,9.6,Basic,Low,1388.21,52709.68,Low
project_02087,EdTech,Medium,7,8,2,16,17,5.3,29.7,Intermediate,High,20642.2,928566.95,High
project_02088,E-commerce,High,9,12,2,24,24,7.2,51.8,Advanced,High,56828.3,3259887.51,High
project_02089,E-commerce,Low,3,2,2,4,11,2.3,5.5,Basic,Low,1008.87,35529.07,Low
project_02090,Healthcare,Medium,8,7,2,14,17,5.9,37.8,Intermediate,Low,16426.59,702125.1,Medium
project_02091,Cloud System,High,9,7,2,14,23,5.9,42.5,Intermediate,High,27821.04,1474029.07,High
project_02092,Healthcare,Low,4,3,2,6,10,2.1,6.7,Basic,Low,2018.13,70334.86,Low
project_02093,AI Platform,Medium,8,8,2,16,20,5.0,32.0,Basic,Medium,15481.11,687905.39,Medium
project_02094,AI Platform,High,12,6,2,12,26,5.0,48.0,Intermediate,High,31191.06,1753232.9,High
project_02095,E-commerce,Low,4,2,2,4,15,3.8,12.2,Basic,Low,1532.14,57722.81,Low
project_02096,Cloud System,Medium,7,7,2,14,21,4.4,24.6,Intermediate,High,17936.14,729913.26,High
project_02097,IoT,High,11,11,2,22,22,5.6,49.3,Advanced,High,63818.81,3476777.74,High
project_02098,AI Platform,Low,4,4,2,8,15,2.2,7.0,Basic,Medium,2819.44,116750.1,Low
project_02099,EdTech,Medium,6,8,2,16,16,4.6,22.1,Intermediate,High,16340.52,683027.91,High
project_02100,Healthcare,High,8,7,2,14,25,7.9,50.6,Intermediate,High,24367.04,1401763.3,High
project_02101,Cloud System,Low,4,3,2,6,14,2.0,6.4,Basic,Medium,2308.95,77683.6,Low
project_02102,EdTech,Medium,7,7,2,14,19,5.4,30.2,Basic,High,14331.58,681016.09,High
project_02103,AI Platform,High,11,10,2,20,20,7.6,66.9,Intermediate,High,48697.94,2365121.34,High
project_02104,FinTech,Low,3,4,2,8,13,3.1,7.4,Basic,Medium,2398.51,89226.71,Low
project_02105,E-commerce,Medium,8,4,2,8,18,4.6,29.4,Basic,Medium,7777.77,370214.94,Medium
project_02106,E-commerce,High,12,8,2,16,22,6.3,60.5,Advanced,High,48116.92,2460168.68,High
project_02107,IoT,Low,5,4,2,8,13,2.2,8.8,Basic,Low,3352.35,125255.08,Low
project_02108,Healthcare,Medium,7,7,2,14,20,5.1,28.6,Intermediate,Low,14510.19,705288.44,Medium
project_02109,IoT,High,9,7,2,14,20,5.1,36.7,Intermediate,High,26006.02,1555851.22,High
project_02110,FinTech,Low,3,4,2,8,11,3.7,8.9,Basic,Medium,2223.1,84456.73,Low
project_02111,AI Platform,Medium,5,8,2,16,17,6.0,24.0,Intermediate,Medium,12956.08,554864.38,Medium
project_02112,FinTech,High,11,8,2,16,27,5.1,44.9,Advanced,High,45727.7,2295033.77,High
project_02113,Cloud System,Low,4,3,2,6,15,2.5,8.0,Basic,Low,2020.55,79438.85,Low
project_02114,FinTech,Medium,7,8,2,16,19,5.7,31.9,Basic,Medium,14570.46,674376.47,Medium
project_02115,EdTech,High,12,12,2,24,27,7.3,70.1,Advanced,High,71691.74,4285256.31,High
project_02116,IoT,Low,3,3,2,6,13,2.2,5.3,Basic,Low,1616.99,53516.64,Low
project_02117,E-commerce,Medium,6,5,2,10,15,4.0,19.2,Intermediate,Medium,9632.3,447100.56,Medium
project_02118,EdTech,High,9,6,2,12,22,6.1,43.9,Advanced,Medium,25946.38,1376924.59,High
project_02119,EdTech,Low,5,3,2,6,11,2.6,10.4,Basic,Low,2574.53,92520.37,Low
project_02120,Cloud System,Medium,8,4,2,8,17,4.0,25.6,Basic,Medium,8026.49,356133.26,Medium
project_02121,FinTech,High,10,7,2,14,21,7.4,59.2,Intermediate,High,31066.3,1737148.78,High
project_02122,IoT,Low,4,4,2,8,13,4.0,12.8,Basic,Medium,3164.31,104582.86,Low
project_02123,SaaS,Medium,8,4,2,8,21,5.3,33.9,Basic,Low,7476.47,305243.43,Medium
project_02124,Healthcare,High,11,10,2,20,22,5.9,51.9,Intermediate,High,45542.32,2637338.54,High
project_02125,FinTech,Low,5,2,2,4,15,3.9,15.6,Basic,Low,1763.83,64540.45,Low
project_02126,SaaS,Medium,6,7,2,14,15,5.3,25.4,Basic,Low,9586.42,442911.12,Medium
project_02127,IoT,High,11,7,2,14,26,5.5,48.4,Advanced,Medium,34332.7,1852268.02,High
project_02128,SaaS,Low,3,2,2,4,10,3.4,8.2,Basic,Medium,1196.28,42922.28,Low
project_02129,E-commerce,Medium,6,4,2,8,19,5.4,25.9,Basic,High,7330.87,301160.06,High
project_02130,Healthcare,High,9,12,2,24,25,6.9,49.7,Intermediate,Medium,42202.99,1982569.81,High
project_02131,Healthcare,Low,3,2,2,4,10,2.9,7.0,Basic,Medium,1175.22,37853.94,Low
project_02132,EdTech,Medium,5,8,2,16,15,4.9,19.6,Intermediate,Medium,12985.17,494601.45,Medium
project_02133,FinTech,High,12,11,2,22,28,7.7,73.9,Advanced,Medium,57709.5,3369655.62,High
project_02134,Cloud System,Low,4,4,2,8,14,2.7,8.6,Basic,Low,2701.85,107457.89,Low
project_02135,AI Platform,Medium,8,6,2,12,16,4.1,26.2,Basic,Low,11010.02,505834.2,Medium
project_02136,EdTech,High,10,12,2,24,27,7.7,61.6,Advanced,High,61915.02,3335739.58,High
project_02137,AI Platform,Low,5,2,2,4,15,4.0,16.0,Basic,Low,1785.38,68327.65,Low
project_02138,IoT,Medium,7,7,2,14,21,4.8,26.9,Intermediate,Medium,14919.33,679133.35,Medium
project_02139,FinTech,High,10,9,2,18,30,5.1,40.8,Intermediate,Medium,33859.12,1950346.12,High
project_02140,Cloud System,Low,3,4,2,8,11,3.1,7.4,Basic,Medium,2345.02,83594.51,Low
project_02141,FinTech,Medium,8,4,2,8,22,5.7,36.5,Intermediate,Medium,10327.59,497952.61,Medium
project_02142,AI Platform,High,11,7,2,14,23,6.1,53.7,Intermediate,High,32236.1,1888661.55,High
project_02143,IoT,Low,3,3,2,6,15,2.4,5.8,Basic,Low,1574.77,58076.63,Low
project_02144,Healthcare,Medium,6,5,2,10,18,5.6,26.9,Intermediate,Medium,9731.67,439808.52,Medium
project_02145,Cloud System,High,12,9,2,18,28,5.2,49.9,Advanced,High,55391.18,3323889.08,High
project_02146,SaaS,Low,4,3,2,6,12,3.1,9.9,Basic,Low,2168.94,76839.54,Low
project_02147,SaaS,Medium,5,4,2,8,16,5.4,21.6,Intermediate,High,7149.62,360832.36,High
project_02148,Healthcare,High,9,6,2,12,20,5.7,41.0,Intermediate,High,22333.32,1230168.75,High
project_02149,SaaS,Low,5,2,2,4,15,2.2,8.8,Basic,Low,1785.41,58855.27,Low
project_02150,EdTech,Medium,5,7,2,14,22,5.4,21.6,Basic,Medium,8721.62,371247.72,Medium
project_02151,FinTech,High,12,9,2,18,29,5.4,51.8,Advanced,Medium,49394.64,2742780.87,High
project_02152,SaaS,Low,4,4,2,8,10,3.6,11.5,Basic,Low,2589.66,92048.7,Low
project_02153,EdTech,Medium,5,5,2,10,18,4.2,16.8,Basic,Medium,6531.63,276840.28,Medium
project_02154,FinTech,High,11,11,2,22,28,5.8,51.0,Intermediate,Medium,44374.78,2843207.07,High
project_02155,FinTech,Low,5,2,2,4,11,2.4,9.6,Basic,Low,1730.13,57564.73,Low
project_02156,Healthcare,Medium,7,6,2,12,17,4.1,23.0,Intermediate,Medium,12811.95,594360.42,Medium
project_02157,AI Platform,High,8,9,2,18,24,7.7,49.3,Advanced,High,37272.0,2105080.16,High
project_02158,EdTech,Low,3,2,2,4,14,3.9,9.4,Basic,Low,1146.15,34619.02,Low
project_02159,SaaS,Medium,6,7,2,14,22,4.3,20.6,Intermediate,Medium,12617.52,616128.29,Medium
project_02160,FinTech,High,12,6,2,12,30,5.2,49.9,Advanced,Medium,32049.07,1716186.0,High
project_02161,IoT,Low,3,3,2,6,13,3.7,8.9,Basic,Medium,1710.48,64178.42,Low
project_02162,Cloud System,Medium,7,8,2,16,21,4.2,23.5,Intermediate,Medium,16469.27,826426.82,Medium
project_02163,IoT,High,10,11,2,22,27,7.5,60.0,Advanced,Medium,51650.89,2870413.95,High
project_02164,EdTech,Low,3,2,2,4,12,3.4,8.2,Basic,Medium,1191.41,39608.14,Low
project_02165,FinTech,Medium,8,6,2,12,19,4.3,27.5,Intermediate,High,17542.75,779833.54,High
project_02166,FinTech,High,9,10,2,20,20,6.2,44.6,Advanced,High,47009.78,2553994.09,High
project_02167,E-commerce,Low,5,3,2,6,15,3.1,12.4,Basic,Medium,2801.98,103566.83,Low
project_02168,E-commerce,Medium,7,8,2,16,15,5.3,29.7,Basic,High,15449.58,720909.73,High
project_02169,SaaS,High,9,12,2,24,28,5.7,41.0,Advanced,High,56930.78,3181744.17,High
project_02170,Cloud System,Low,5,2,2,4,14,4.0,16.0,Basic,Low,1823.18,72623.41,Low
project_02171,EdTech,Medium,7,6,2,12,15,4.1,23.0,Basic,Low,9587.07,426445.59,Medium
project_02172,AI Platform,High,8,10,2,20,22,8.0,51.2,Intermediate,High,36501.45,1989762.42,High
project_02173,Healthcare,Low,5,2,2,4,12,2.5,10.0,Basic,Low,1701.04,60202.49,Low
project_02174,FinTech,Medium,7,6,2,12,19,4.5,25.2,Intermediate,High,14286.21,695535.4,High
project_02175,Cloud System,High,11,11,2,22,28,7.4,65.1,Advanced,Medium,54299.32,2905386.84,High
project_02176,E-commerce,Low,5,4,2,8,10,2.3,9.2,Basic,Low,3380.3,111964.48,Low
project_02177,SaaS,Medium,5,4,2,8,22,5.6,22.4,Basic,High,6398.48,257650.43,High
project_02178,E-commerce,High,11,11,2,22,26,6.9,60.7,Advanced,High,64533.0,3210986.27,High
project_02179,FinTech,Low,3,3,2,6,15,3.4,8.2,Basic,Low,1616.65,66673.23,Low
project_02180,Healthcare,Medium,7,6,2,12,18,5.7,31.9,Intermediate,High,14983.0,689983.79,High
project_02181,AI Platform,High,12,11,2,22,23,5.2,49.9,Advanced,High,68378.52,3630877.26,High
project_02182,IoT,Low,5,2,2,4,11,3.4,13.6,Basic,Low,1762.54,63311.14,Low
project_02183,AI Platform,Medium,8,5,2,10,20,4.5,28.8,Intermediate,Low,11899.69,529593.41,Medium
project_02184,FinTech,High,11,8,2,16,20,6.0,52.8,Advanced,High,43555.14,2274366.05,High
project_02185,SaaS,Low,3,4,2,8,11,2.1,5.0,Basic,Low,1924.63,61728.76,Low
project_02186,EdTech,Medium,7,6,2,12,22,5.4,30.2,Basic,Medium,11101.72,441036.88,Medium
project_02187,FinTech,High,9,11,2,22,28,5.3,38.2,Advanced,Medium,44728.46,2374345.72,High
project_02188,EdTech,Low,5,3,2,6,11,3.8,15.2,Basic,Low,2505.94,81882.5,Low
project_02189,SaaS,Medium,5,6,2,12,21,5.5,22.0,Intermediate,High,11157.86,426484.93,High
project_02190,IoT,High,8,7,2,14,29,6.9,44.2,Advanced,High,31321.49,1658806.65,High
project_02191,E-commerce,Low,3,4,2,8,13,3.9,9.4,Basic,Low,2122.45,76413.69,Low
project_02192,EdTech,Medium,5,5,2,10,17,5.6,22.4,Intermediate,High,9150.85,408385.03,High
project_02193,SaaS,High,8,9,2,18,23,6.0,38.4,Advanced,Medium,32782.94,1925817.44,High
project_02194,IoT,Low,4,2,2,4,12,2.7,8.6,Basic,Low,1357.54,55813.7,Low
project_02195,FinTech,Medium,8,6,2,12,16,4.6,29.4,Basic,Low,10474.24,469367.7,Medium
project_02196,Cloud System,High,8,11,2,22,29,6.5,41.6,Advanced,Medium,38415.37,2515414.71,High
project_02197,FinTech,Low,4,3,2,6,13,3.3,10.6,Basic,Low,2117.27,72137.68,Low
project_02198,Healthcare,Medium,8,7,2,14,17,5.7,36.5,Basic,Low,12535.29,609246.55,Medium
project_02199,FinTech,High,10,12,2,24,29,7.8,62.4,Advanced,High,63143.81,3339656.86,High
project_02200,Healthcare,Low,5,2,2,4,11,4.0,16.0,Basic,Low,1733.24,69888.06,Low
project_02201,Healthcare,Medium,8,8,2,16,21,4.8,30.7,Intermediate,Medium,20085.28,921483.0,Medium
project_02202,EdTech,High,9,9,2,18,26,5.3,38.2,Advanced,High,39986.83,2135706.28,High
project_02203,E-commerce,Low,3,4,2,8,13,3.1,7.4,Basic,Medium,2182.23,67705.6,Low
project_02204,Cloud System,Medium,8,7,2,14,22,5.4,34.6,Intermediate,High,20511.2,818804.48,High
project_02205,Cloud System,High,9,12,2,24,25,7.9,56.9,Advanced,High,56296.94,3070349.46,High
project_02206,AI Platform,Low,5,4,2,8,14,3.9,15.6,Basic,Medium,3766.6,125817.57,Low
project_02207,Healthcare,Medium,5,7,2,14,20,4.0,16.0,Intermediate,Medium,10942.96,486448.78,Medium
project_02208,IoT,High,9,7,2,14,20,6.0,43.2,Advanced,Medium,29000.12,1564807.4,High
project_02209,E-commerce,Low,4,3,2,6,11,3.5,11.2,Basic,Low,2140.45,68860.76,Low
project_02210,SaaS,Medium,8,5,2,10,18,5.7,36.5,Basic,High,11403.48,578679.28,High
project_02211,IoT,High,12,7,2,14,28,7.8,74.9,Advanced,Medium,37493.36,2246402.1,High
project_02212,AI Platform,Low,3,3,2,6,15,2.7,6.5,Basic,Low,1526.44,50796.66,Low
project_02213,SaaS,Medium,5,5,2,10,17,5.0,20.0,Basic,Medium,6710.0,320266.02,Medium
project_02214,EdTech,High,9,10,2,20,24,7.2,51.8,Advanced,Medium,40487.52,2451947.83,High
project_02215,Healthcare,Low,5,4,2,8,12,2.4,9.6,Basic,Medium,3823.64,136269.48,Low
project_02216,Healthcare,Medium,7,4,2,8,15,4.2,23.5,Intermediate,Medium,9059.17,386276.54,Medium
project_02217,EdTech,High,12,12,2,24,30,7.3,70.1,Intermediate,High,64635.48,3415248.03,High
project_02218,E-commerce,Low,5,3,2,6,10,3.6,14.4,Basic,Medium,2817.18,84413.8,Low
project_02219,EdTech,Medium,7,7,2,14,21,5.1,28.6,Intermediate,Low,13407.49,616626.39,Medium
project_02220,Healthcare,High,12,10,2,20,25,5.7,54.7,Advanced,High,62534.19,3233611.3,High
project_02221,FinTech,Low,3,4,2,8,15,2.9,7.0,Basic,Low,2140.43,64117.28,Low
project_02222,FinTech,Medium,7,7,2,14,16,4.9,27.4,Intermediate,High,17063.97,779206.95,High
project_02223,Cloud System,High,8,9,2,18,25,5.5,35.2,Advanced,High,35866.53,2118504.83,High
project_02224,FinTech,Low,4,2,2,4,15,2.5,8.0,Basic,Low,1432.29,56166.99,Low
project_02225,Cloud System,Medium,6,8,2,16,21,4.4,21.1,Basic,Low,10426.0,466338.34,Medium
project_02226,Cloud System,High,8,6,2,12,30,5.1,32.6,Advanced,High,25162.61,1440966.66,High
project_02227,Cloud System,Low,5,3,2,6,11,3.4,13.6,Basic,Low,2566.74,83002.38,Low
project_02228,Cloud System,Medium,7,6,2,12,21,4.6,25.8,Basic,Low,10036.25,487494.62,Medium
project_02229,SaaS,High,12,7,2,14,22,5.4,51.8,Intermediate,High,35007.44,1909428.14,High
project_02230,FinTech,Low,3,2,2,4,15,2.9,7.0,Basic,Low,1157.17,40994.47,Low
project_02231,AI Platform,Medium,5,5,2,10,21,4.6,18.4,Intermediate,Low,7603.97,359936.3,Medium
project_02232,E-commerce,High,12,6,2,12,24,7.4,71.0,Advanced,High,36119.6,1941813.38,High
project_02233,Healthcare,Low,3,3,2,6,13,3.6,8.6,Basic,Low,1584.46,57067.53,Low
project_02234,Healthcare,Medium,6,8,2,16,16,5.8,27.8,Basic,Medium,12144.77,519846.76,Medium
project_02235,FinTech,High,10,12,2,24,21,6.1,48.8,Advanced,Medium,52819.0,2899189.88,High
project_02236,IoT,Low,4,3,2,6,15,2.5,8.0,Basic,Low,2131.26,77772.63,Low
project_02237,FinTech,Medium,5,4,2,8,15,5.2,20.8,Basic,High,5881.31,257864.6,High
project_02238,Cloud System,High,11,10,2,20,23,7.2,63.4,Advanced,High,59277.48,3045351.61,High
project_02239,FinTech,Low,3,3,2,6,13,3.5,8.4,Basic,Low,1599.47,62509.17,Low
project_02240,EdTech,Medium,8,6,2,12,16,5.8,37.1,Intermediate,High,16315.62,679674.95,High
project_02241,IoT,High,12,7,2,14,23,7.4,71.0,Advanced,High,45476.0,2135234.61,High
project_02242,IoT,Low,4,2,2,4,14,3.3,10.6,Basic,Medium,1640.94,50001.76,Low
project_02243,AI Platform,Medium,5,8,2,16,15,4.4,17.6,Basic,Low,9317.77,450124.56,Medium
project_02244,Cloud System,High,8,12,2,24,30,5.0,32.0,Advanced,High,49940.11,2653522.17,High
project_02245,SaaS,Low,4,4,2,8,13,2.1,6.7,Basic,Low,2636.6,106453.18,Low
project_02246,E-commerce,Medium,5,7,2,14,21,4.7,18.8,Basic,Medium,8500.05,408677.4,Medium
project_02247,SaaS,High,11,7,2,14,22,6.5,57.2,Advanced,High,39114.17,2378112.97,High
project_02248,SaaS,Low,3,3,2,6,14,3.4,8.2,Basic,Medium,1757.68,59799.19,Low
project_02249,E-commerce,Medium,7,4,2,8,22,5.6,31.4,Basic,Medium,7708.81,287533.39,Medium
project_02250,IoT,High,11,8,2,16,20,5.1,44.9,Advanced,High,44281.91,2740151.13,High
project_02251,FinTech,Low,4,4,2,8,11,3.8,12.2,Basic,Low,2834.5,98126.39,Low
project_02252,FinTech,Medium,5,8,2,16,15,4.3,17.2,Basic,Medium,9468.66,478894.84,Medium
project_02253,Healthcare,High,11,7,2,14,28,5.7,50.2,Intermediate,High,32500.03,1941033.81,High
project_02254,FinTech,Low,3,4,2,8,15,3.9,9.4,Basic,Low,2217.7,83026.18,Low
project_02255,IoT,Medium,6,4,2,8,22,4.8,23.0,Intermediate,High,8621.71,378316.38,High
project_02256,EdTech,High,9,7,2,14,20,6.4,46.1,Advanced,High,33622.53,1908514.28,High
project_02257,IoT,Low,3,2,2,4,14,2.9,7.0,Basic,Medium,1246.68,48793.13,Low
project_02258,SaaS,Medium,7,4,2,8,18,5.7,31.9,Intermediate,High,10348.28,444007.82,High
project_02259,AI Platform,High,11,7,2,14,25,5.3,46.6,Advanced,High,40827.16,2129561.11,High
project_02260,Healthcare,Low,4,2,2,4,10,2.7,8.6,Basic,Low,1421.36,43680.0,Low
project_02261,AI Platform,Medium,6,8,2,16,16,5.0,24.0,Intermediate,High,16299.07,685026.25,High
project_02262,E-commerce,High,11,7,2,14,26,7.3,64.2,Intermediate,Medium,29678.74,1699241.32,High
project_02263,Cloud System,Low,4,2,2,4,13,3.7,11.8,Basic,Low,1445.86,57174.84,Low
project_02264,SaaS,Medium,8,6,2,12,17,4.9,31.4,Intermediate,Low,13174.35,635424.98,Medium
project_02265,Healthcare,High,12,7,2,14,24,7.9,75.8,Advanced,Medium,39923.77,2097149.16,High
project_02266,Healthcare,Low,3,4,2,8,13,3.7,8.9,Basic,Low,2105.04,65908.01,Low
project_02267,EdTech,Medium,8,4,2,8,21,4.3,27.5,Basic,Medium,8085.31,384976.42,Medium
project_02268,Healthcare,High,10,7,2,14,26,6.4,51.2,Advanced,High,36483.77,2104111.83,High
project_02269,Cloud System,Low,3,2,2,4,11,3.0,7.2,Basic,Low,1058.81,40881.79,Low
project_02270,E-commerce,Medium,5,7,2,14,22,4.7,18.8,Intermediate,Medium,10785.73,476439.24,Medium
project_02271,Cloud System,High,8,8,2,16,25,6.6,42.2,Advanced,Medium,28437.98,1722668.01,High
project_02272,FinTech,Low,3,2,2,4,15,2.6,6.2,Basic,Low,1144.64,39149.01,Low
project_02273,FinTech,Medium,5,7,2,14,16,5.6,22.4,Basic,Medium,8992.07,440308.09,Medium
project_02274,Healthcare,High,11,6,2,12,27,5.1,44.9,Advanced,High,35492.31,1892233.76,High
project_02275,EdTech,Low,4,4,2,8,10,2.8,9.0,Basic,Low,2678.29,107633.66,Low
project_02276,EdTech,Medium,8,8,2,16,18,4.4,28.2,Intermediate,High,22066.48,1020887.46,High
project_02277,Healthcare,High,12,12,2,24,21,7.3,70.1,Advanced,High,71109.33,4234792.78,High
project_02278,AI Platform,Low,5,2,2,4,13,2.2,8.8,Basic,Low,1800.09,63136.41,Low
project_02279,E-commerce,Medium,8,8,2,16,17,5.0,32.0,Intermediate,High,22504.1,979909.32,High
project_02280,IoT,High,8,10,2,20,30,5.0,32.0,Advanced,Medium,36266.13,2234089.85,High
project_02281,E-commerce,Low,4,3,2,6,14,3.5,11.2,Basic,Low,2156.58,68266.64,Low
project_02282,Healthcare,Medium,8,5,2,10,17,4.0,25.6,Intermediate,High,13769.47,659819.46,High
project_02283,Healthcare,High,9,8,2,16,25,7.3,52.6,Advanced,High,36079.81,2252733.63,High
project_02284,AI Platform,Low,3,4,2,8,15,2.3,5.5,Basic,Low,2029.78,71140.29,Low
project_02285,IoT,Medium,8,6,2,12,16,4.4,28.2,Intermediate,Medium,15037.87,701310.05,Medium
project_02286,FinTech,High,8,12,2,24,26,7.3,46.7,Advanced,Medium,45204.41,2487675.79,High
project_02287,IoT,Low,5,4,2,8,10,3.5,14.0,Basic,Low,3185.39,111365.18,Low
project_02288,IoT,Medium,7,8,2,16,17,4.4,24.6,Intermediate,Medium,16385.31,858423.0,Medium
project_02289,Healthcare,High,9,8,2,16,26,7.4,53.3,Intermediate,High,30509.75,1753920.58,High
project_02290,AI Platform,Low,4,3,2,6,10,3.7,11.8,Basic,Low,2054.21,64416.97,Low
project_02291,Healthcare,Medium,6,4,2,8,20,4.9,23.5,Basic,High,7115.52,327780.35,High
project_02292,EdTech,High,9,9,2,18,29,5.7,41.0,Intermediate,High,35160.05,1827385.8,High
project_02293,IoT,Low,5,2,2,4,11,3.9,15.6,Basic,Medium,2006.29,74979.68,Low
project_02294,IoT,Medium,5,4,2,8,22,5.6,22.4,Intermediate,High,7964.23,340927.09,High
project_02295,EdTech,High,12,11,2,22,22,7.5,72.0,Advanced,High,65099.67,3748635.68,High
project_02296,Healthcare,Low,3,2,2,4,11,2.5,6.0,Basic,Low,1117.61,34463.92,Low
project_02297,Cloud System,Medium,7,5,2,10,16,5.5,30.8,Basic,High,10308.84,475281.82,High
project_02298,SaaS,High,11,7,2,14,25,6.3,55.4,Intermediate,Medium,28552.66,1638715.89,High
project_02299,EdTech,Low,3,3,2,6,13,2.9,7.0,Basic,Medium,1759.08,57948.38,Low
project_02300,EdTech,Medium,6,5,2,10,19,5.1,24.5,Intermediate,Medium,9469.54,415787.66,Medium
project_02301,IoT,High,12,9,2,18,22,6.2,59.5,Intermediate,High,44212.14,2631856.8,High
project_02302,IoT,Low,3,3,2,6,10,3.4,8.2,Basic,Low,1557.34,53840.18,Low
project_02303,Cloud System,Medium,8,5,2,10,20,4.9,31.4,Basic,Medium,10173.96,386307.36,Medium
project_02304,E-commerce,High,8,7,2,14,26,7.2,46.1,Advanced,Medium,25210.73,1393752.98,High
project_02305,SaaS,Low,4,3,2,6,11,3.4,10.9,Basic,Low,2126.31,60792.11,Low
project_02306,IoT,Medium,8,6,2,12,17,4.5,28.8,Intermediate,Low,13869.8,569428.41,Medium
project_02307,AI Platform,High,8,9,2,18,22,7.4,47.4,Advanced,Medium,32090.86,1861287.37,High
project_02308,Cloud System,Low,4,2,2,4,11,2.3,7.4,Basic,Medium,1576.23,54454.29,Low
project_02309,Cloud System,Medium,6,4,2,8,18,4.3,20.6,Basic,Medium,6433.62,256994.69,Medium
project_02310,SaaS,High,10,10,2,20,24,6.9,55.2,Advanced,High,52137.13,2935207.08,High
project_02311,EdTech,Low,4,4,2,8,14,2.8,9.0,Basic,Low,2684.52,102174.65,Low
project_02312,Healthcare,Medium,5,6,2,12,15,4.3,17.2,Intermediate,Low,8355.62,402828.36,Medium
project_02313,EdTech,High,9,9,2,18,28,5.2,37.4,Advanced,Medium,36244.92,2014227.19,High
project_02314,EdTech,Low,5,3,2,6,11,2.8,11.2,Basic,Low,2502.0,93200.55,Low
project_02315,Cloud System,Medium,5,8,2,16,22,5.5,22.0,Intermediate,Low,11262.28,534111.37,Medium
project_02316,FinTech,High,10,8,2,16,20,5.6,44.8,Advanced,High,42283.48,2021724.4,High
project_02317,Cloud System,Low,3,4,2,8,14,2.2,5.3,Basic,Medium,2279.43,76204.92,Low
project_02318,AI Platform,Medium,8,4,2,8,21,5.8,37.1,Basic,Low,7262.74,329662.52,Medium
project_02319,FinTech,High,9,6,2,12,20,7.7,55.4,Advanced,Medium,24572.61,1401297.33,High
project_02320,EdTech,Low,5,4,2,8,11,2.5,10.0,Basic,Low,3431.9,114489.76,Low
project_02321,Healthcare,Medium,5,8,2,16,20,4.9,19.6,Intermediate,High,14458.06,673998.54,High
project_02322,FinTech,High,10,9,2,18,20,6.4,51.2,Advanced,Medium,39401.33,2293485.05,High
project_02323,SaaS,Low,4,2,2,4,15,3.4,10.9,Basic,Medium,1708.58,55384.66,Low
project_02324,SaaS,Medium,8,5,2,10,16,5.1,32.6,Intermediate,High,13936.85,626646.7,High
project_02325,Cloud System,High,10,6,2,12,24,5.7,45.6,Intermediate,High,26762.11,1549314.75,High
project_02326,E-commerce,Low,5,2,2,4,15,3.4,13.6,Basic,Low,1752.18,70690.25,Low
project_02327,EdTech,Medium,5,6,2,12,17,5.7,22.8,Intermediate,Medium,9740.44,394198.4,Medium
project_02328,EdTech,High,10,7,2,14,24,7.6,60.8,Advanced,High,35312.9,2133739.85,High
project_02329,EdTech,Low,3,4,2,8,15,4.0,9.6,Basic,Low,2180.48,68840.63,Low
project_02330,SaaS,Medium,8,8,2,16,18,5.4,34.6,Intermediate,Medium,20277.96,942485.59,Medium
project_02331,E-commerce,High,10,7,2,14,20,5.8,46.4,Advanced,High,35640.88,2217334.7,High
project_02332,FinTech,Low,3,3,2,6,15,2.1,5.0,Basic,Medium,1758.14,58225.25,Low
project_02333,AI Platform,Medium,5,6,2,12,18,6.0,24.0,Intermediate,Medium,9311.15,494960.52,Medium
project_02334,AI Platform,High,8,7,2,14,25,6.7,42.9,Advanced,High,29075.42,1523034.05,High
project_02335,Healthcare,Low,3,4,2,8,10,2.2,5.3,Basic,Low,1933.42,76428.47,Low
project_02336,SaaS,Medium,7,7,2,14,19,5.4,30.2,Intermediate,Medium,15492.67,670171.38,Medium
project_02337,SaaS,High,10,11,2,22,26,6.1,48.8,Advanced,High,54725.34,2871432.0,High
project_02338,Healthcare,Low,5,4,2,8,10,2.8,11.2,Basic,Low,3312.32,112634.82,Low
project_02339,AI Platform,Medium,7,7,2,14,16,5.6,31.4,Intermediate,Medium,15791.28,767879.73,Medium
project_02340,FinTech,High,10,10,2,20,28,8.0,64.0,Advanced,High,51679.04,2652828.18,High
project_02341,Cloud System,Low,4,4,2,8,11,2.2,7.0,Basic,Medium,3054.55,100207.87,Low
project_02342,E-commerce,Medium,5,6,2,12,19,6.0,24.0,Basic,Low,7100.25,304523.25,Medium
project_02343,SaaS,High,12,7,2,14,21,7.9,75.8,Advanced,Medium,37451.06,1892026.25,High
project_02344,Healthcare,Low,3,3,2,6,15,3.7,8.9,Basic,Medium,1895.97,55193.12,Low
project_02345,SaaS,Medium,8,8,2,16,15,5.7,36.5,Basic,Medium,15982.42,683795.88,Medium
project_02346,SaaS,High,11,11,2,22,28,5.1,44.9,Intermediate,High,53341.93,2892595.6,High
project_02347,EdTech,Low,4,2,2,4,15,3.3,10.6,Basic,Medium,1671.37,59139.04,Low
project_02348,Healthcare,Medium,8,8,2,16,15,5.7,36.5,Intermediate,Medium,19859.51,961140.59,Medium
project_02349,Healthcare,High,10,8,2,16,28,5.9,47.2,Advanced,Medium,35540.4,2157517.01,High
project_02350,EdTech,Low,5,3,2,6,10,3.8,15.2,Basic,Low,2571.77,94166.25,Low
project_02351,Cloud System,Medium,6,7,2,14,16,4.4,21.1,Intermediate,High,14294.11,709190.35,High
project_02352,FinTech,High,12,11,2,22,24,7.6,73.0,Advanced,Medium,59391.56,3196492.77,High
project_02353,E-commerce,Low,4,3,2,6,13,3.4,10.9,Basic,Low,2076.1,69381.78,Low
project_02354,AI Platform,Medium,5,7,2,14,20,5.5,22.0,Intermediate,Medium,10743.04,491505.46,Medium
project_02355,EdTech,High,9,8,2,16,26,6.0,43.2,Advanced,High,38115.68,1995530.84,High
project_02356,SaaS,Low,3,3,2,6,11,2.3,5.5,Basic,Low,1595.05,48813.22,Low
project_02357,IoT,Medium,7,4,2,8,20,5.1,28.6,Intermediate,High,9906.31,500599.74,High
project_02358,E-commerce,High,12,8,2,16,22,5.3,50.9,Advanced,Medium,44259.9,2596033.47,High
project_02359,Cloud System,Low,4,2,2,4,14,3.7,11.8,Basic,Low,1512.54,54183.0,Low
project_02360,EdTech,Medium,5,8,2,16,19,4.5,18.0,Intermediate,Low,11231.49,534868.07,Medium
project_02361,EdTech,High,12,10,2,20,23,5.8,55.7,Intermediate,High,53339.1,2875701.53,High
project_02362,E-commerce,Low,3,2,2,4,11,2.7,6.5,Basic,Medium,1203.83,45009.71,Low
project_02363,SaaS,Medium,6,6,2,12,21,4.5,21.6,Intermediate,Medium,11636.33,437784.09,Medium
project_02364,Healthcare,High,8,9,2,18,20,5.8,37.1,Advanced,High,36504.3,1864406.42,High
project_02365,Cloud System,Low,5,3,2,6,14,3.8,15.2,Basic,Low,2688.04,94626.23,Low
project_02366,SaaS,Medium,5,5,2,10,16,4.4,17.6,Intermediate,Low,7577.85,298954.51,Medium
project_02367,Cloud System,High,8,11,2,22,22,7.5,48.0,Advanced,Medium,38487.93,2414932.85,High
project_02368,E-commerce,Low,4,2,2,4,15,3.7,11.8,Basic,Medium,1720.77,60264.23,Low
project_02369,SaaS,Medium,7,5,2,10,16,5.6,31.4,Basic,Medium,9191.38,362980.2,Medium
project_02370,E-commerce,High,9,7,2,14,27,5.5,39.6,Intermediate,High,26569.74,1647204.72,High
project_02371,Healthcare,Low,5,2,2,4,13,3.8,15.2,Basic,Low,1810.61,62452.83,Low
project_02372,E-commerce,Medium,7,6,2,12,20,5.5,30.8,Intermediate,High,15753.4,693355.37,High
project_02373,FinTech,High,8,6,2,12,21,5.3,33.9,Advanced,Medium,23170.98,1095673.3,High
project_02374,SaaS,Low,3,3,2,6,15,3.9,9.4,Basic,Low,1637.19,62251.43,Low
project_02375,Healthcare,Medium,8,6,2,12,17,4.1,26.2,Intermediate,Low,13900.99,577784.1,Medium
project_02376,E-commerce,High,10,8,2,16,21,7.8,62.4,Advanced,High,40759.52,2244895.74,High
project_02377,SaaS,Low,5,3,2,6,13,3.0,12.0,Basic,Low,2671.35,78160.21,Low
project_02378,Cloud System,Medium,8,7,2,14,15,4.3,27.5,Intermediate,Medium,16844.61,788711.36,Medium
project_02379,IoT,High,11,8,2,16,20,5.6,49.3,Intermediate,High,36412.06,1969095.58,High
project_02380,AI Platform,Low,4,2,2,4,14,3.8,12.2,Basic,Low,1547.15,50176.42,Low
project_02381,Healthcare,Medium,8,4,2,8,16,5.4,34.6,Intermediate,Medium,10357.57,415065.1,Medium
project_02382,IoT,High,12,7,2,14,28,5.9,56.6,Intermediate,High,34933.65,1809232.03,High
project_02383,Healthcare,Low,3,4,2,8,13,3.7,8.9,Basic,Medium,2316.56,74909.53,Low
project_02384,E-commerce,Medium,8,6,2,12,16,5.0,32.0,Intermediate,Medium,15229.27,665667.24,Medium
project_02385,IoT,High,10,9,2,18,21,6.9,55.2,Advanced,High,47249.99,2788240.4,High
project_02386,SaaS,Low,3,4,2,8,12,3.6,8.6,Basic,Low,2013.71,79109.56,Low
project_02387,E-commerce,Medium,5,6,2,12,17,5.4,21.6,Intermediate,Medium,9390.23,396754.84,Medium
project_02388,E-commerce,High,12,6,2,12,23,6.2,59.5,Advanced,High,38542.41,1974280.47,High
project_02389,AI Platform,Low,5,3,2,6,11,3.1,12.4,Basic,Medium,2845.83,87552.63,Low
project_02390,E-commerce,Medium,6,8,2,16,17,4.5,21.6,Intermediate,Medium,15557.3,652872.6,Medium
project_02391,FinTech,High,9,12,2,24,27,7.1,51.1,Advanced,High,57568.48,2815399.02,High
project_02392,FinTech,Low,4,2,2,4,12,2.2,7.0,Basic,Medium,1518.8,61312.15,Low
project_02393,AI Platform,Medium,5,5,2,10,18,4.3,17.2,Basic,Medium,6205.52,260706.16,Medium
project_02394,AI Platform,High,11,8,2,16,24,6.1,53.7,Advanced,Medium,40533.87,2245644.57,High
project_02395,Healthcare,Low,4,4,2,8,12,3.2,10.2,Basic,Low,2619.65,83539.6,Low
project_02396,Cloud System,Medium,7,7,2,14,17,5.7,31.9,Intermediate,Low,14329.57,599406.2,Medium
project_02397,AI Platform,High,9,8,2,16,22,5.6,40.3,Advanced,High,38920.29,1918570.38,High
project_02398,AI Platform,Low,3,4,2,8,11,3.3,7.9,Basic,Low,2120.41,79127.29,Low
project_02399,E-commerce,Medium,8,6,2,12,16,4.5,28.8,Intermediate,High,16917.42,871386.92,High
project_02400,SaaS,High,10,7,2,14,28,7.0,56.0,Advanced,Medium,31667.31,1733358.95,High
project_02401,AI Platform,Low,5,3,2,6,13,2.8,11.2,Basic,Medium,2926.06,97691.89,Low
project_02402,SaaS,Medium,8,6,2,12,17,5.2,33.3,Intermediate,Low,13952.49,565734.87,Medium
project_02403,FinTech,High,11,9,2,18,29,6.3,55.4,Advanced,High,48736.74,2765970.08,High
project_02404,Cloud System,Low,5,2,2,4,12,3.6,14.4,Basic,Low,1813.18,69481.51,Low
project_02405,Cloud System,Medium,6,8,2,16,21,5.7,27.4,Basic,High,14341.17,655498.45,High
project_02406,Cloud System,High,12,7,2,14,30,6.8,65.3,Advanced,High,43515.09,2276981.96,High
project_02407,Healthcare,Low,3,2,2,4,15,2.0,4.8,Basic,Medium,1240.94,36326.91,Low
project_02408,AI Platform,Medium,6,6,2,12,15,5.3,25.4,Basic,Medium,9084.34,362486.86,Medium
project_02409,Cloud System,High,12,6,2,12,30,5.9,56.6,Intermediate,High,32407.24,1818721.66,High
project_02410,FinTech,Low,5,3,2,6,15,3.6,14.4,Basic,Low,2503.11,84191.38,Low
project_02411,Healthcare,Medium,7,7,2,14,20,5.6,31.4,Intermediate,High,17404.14,849368.3,High
project_02412,FinTech,High,10,8,2,16,26,7.5,60.0,Advanced,Medium,36308.86,1983399.23,High
project_02413,FinTech,Low,5,2,2,4,10,4.0,16.0,Basic,Low,1834.89,57069.69,Low
project_02414,IoT,Medium,7,6,2,12,17,4.8,26.9,Basic,Medium,9959.25,493911.24,Medium
project_02415,E-commerce,High,12,8,2,16,27,7.6,73.0,Intermediate,High,41499.31,2155015.7,High
project_02416,E-commerce,Low,5,3,2,6,14,2.9,11.6,Basic,Low,2571.43,82539.51,Low
project_02417,Healthcare,Medium,7,8,2,16,15,5.4,30.2,Intermediate,High,19270.07,831987.67,High
project_02418,IoT,High,10,11,2,22,30,7.7,61.6,Advanced,High,57934.98,3108332.68,High
project_02419,FinTech,Low,4,3,2,6,12,3.6,11.5,Basic,Low,2027.0,80656.36,Low
project_02420,E-commerce,Medium,8,8,2,16,22,4.9,31.4,Intermediate,Medium,20514.01,924941.25,Medium
project_02421,Cloud System,High,11,8,2,16,27,8.0,70.4,Intermediate,High,36954.22,1996173.11,High
project_02422,E-commerce,Low,3,2,2,4,11,2.4,5.8,Basic,Low,1020.48,37026.95,Low
project_02423,Healthcare,Medium,6,7,2,14,19,4.5,21.6,Basic,Medium,10303.25,472926.73,Medium
project_02424,FinTech,High,8,11,2,22,21,7.8,49.9,Advanced,High,46470.0,2407554.18,High
project_02425,SaaS,Low,5,3,2,6,12,2.6,10.4,Basic,Low,2530.76,96152.77,Low
project_02426,Cloud System,Medium,5,5,2,10,17,4.6,18.4,Intermediate,Medium,7829.07,378402.71,Medium
project_02427,IoT,High,8,8,2,16,29,6.4,41.0,Advanced,Medium,31207.07,1612232.77,High
project_02428,AI Platform,Low,4,2,2,4,11,2.9,9.3,Basic,Low,1398.8,49962.44,Low
project_02429,E-commerce,Medium,5,8,2,16,18,4.8,19.2,Intermediate,Medium,12901.51,553612.68,Medium
project_02430,Cloud System,High,11,10,2,20,30,5.2,45.8,Advanced,Medium,49603.41,2933673.87,High
project_02431,FinTech,Low,4,3,2,6,12,2.8,9.0,Basic,Medium,2223.36,75075.66,Low
project_02432,EdTech,Medium,8,4,2,8,21,5.7,36.5,Intermediate,Low,9690.34,387769.99,Medium
project_02433,Healthcare,High,9,9,2,18,25,6.4,46.1,Advanced,High,40810.31,2082703.96,High
project_02434,SaaS,Low,4,3,2,6,15,3.3,10.6,Basic,Low,2089.76,86119.22,Low
project_02435,IoT,Medium,5,8,2,16,21,4.3,17.2,Intermediate,Medium,12562.28,510973.26,Medium
project_02436,IoT,High,10,10,2,20,21,5.5,44.0,Advanced,High,51896.54,2898024.28,High
project_02437,FinTech,Low,4,2,2,4,15,3.0,9.6,Basic,Low,1488.81,49329.07,Low
project_02438,SaaS,Medium,8,8,2,16,17,5.9,37.8,Intermediate,High,23549.15,1141955.94,High
project_02439,SaaS,High,12,9,2,18,24,5.4,51.8,Advanced,High,56982.89,2981880.37,High
project_02440,IoT,Low,4,3,2,6,11,2.8,9.0,Basic,Medium,2348.13,89320.85,Low
project_02441,AI Platform,Medium,7,6,2,12,20,4.0,22.4,Basic,Medium,9966.45,507831.78,Medium
project_02442,FinTech,High,12,9,2,18,26,5.8,55.7,Intermediate,High,45208.44,2573961.32,High
project_02443,FinTech,Low,3,3,2,6,13,3.0,7.2,Basic,Medium,1724.83,59879.54,Low
project_02444,Healthcare,Medium,8,4,2,8,19,5.2,33.3,Intermediate,High,11213.32,539950.5,High
project_02445,AI Platform,High,9,7,2,14,26,5.6,40.3,Advanced,High,32424.75,1861471.1,High
project_02446,SaaS,Low,5,3,2,6,10,3.9,15.6,Basic,Low,2431.2,97412.73,Low
project_02447,AI Platform,Medium,6,7,2,14,17,4.7,22.6,Intermediate,Medium,12454.5,643083.25,Medium
project_02448,Cloud System,High,9,11,2,22,27,7.1,51.1,Intermediate,High,44298.35,2440913.98,High
project_02449,FinTech,Low,4,2,2,4,10,3.2,10.2,Basic,Low,1424.71,47225.73,Low
project_02450,AI Platform,Medium,5,6,2,12,16,5.8,23.2,Basic,Medium,7446.09,362198.7,Medium
project_02451,FinTech,High,12,6,2,12,28,7.1,68.2,Advanced,High,37659.47,2300503.66,High
project_02452,SaaS,Low,5,4,2,8,11,2.0,8.0,Basic,Low,3401.62,133042.58,Low
project_02453,FinTech,Medium,5,7,2,14,19,5.7,22.8,Basic,Low,7893.76,368516.34,Medium
project_02454,FinTech,High,10,6,2,12,23,5.5,44.0,Intermediate,High,27130.53,1291887.93,High
project_02455,Healthcare,Low,4,3,2,6,11,2.1,6.7,Basic,Low,2023.4,79526.38,Low
project_02456,E-commerce,Medium,6,4,2,8,20,5.9,28.3,Basic,Low,6064.86,278408.61,Medium
project_02457,Healthcare,High,8,11,2,22,27,5.2,33.3,Intermediate,Medium,31950.97,1818601.26,High
project_02458,SaaS,Low,5,2,2,4,15,3.5,14.0,Basic,Medium,1920.88,62471.52,Low
project_02459,AI Platform,Medium,6,6,2,12,22,4.4,21.1,Intermediate,Medium,11930.76,517147.46,Medium
project_02460,SaaS,High,11,10,2,20,21,6.7,59.0,Advanced,High,56189.82,3060413.86,High
project_02461,EdTech,Low,4,3,2,6,15,2.1,6.7,Basic,Low,1972.97,69722.3,Low
project_02462,E-commerce,Medium,8,6,2,12,22,4.2,26.9,Intermediate,High,16153.24,822334.85,High
project_02463,E-commerce,High,11,9,2,18,24,7.5,66.0,Intermediate,High,44761.0,2379120.63,High
project_02464,Healthcare,Low,4,4,2,8,15,2.9,9.3,Basic,Medium,2943.06,106604.36,Low
project_02465,AI Platform,Medium,5,7,2,14,16,5.6,22.4,Intermediate,High,12619.91,552109.87,High
project_02466,Healthcare,High,11,7,2,14,24,7.9,69.5,Intermediate,Medium,29701.03,1714897.49,High
project_02467,E-commerce,Low,5,4,2,8,14,3.5,14.0,Basic,Medium,3894.08,136526.32,Low
project_02468,E-commerce,Medium,8,4,2,8,16,4.5,28.8,Intermediate,Medium,10525.07,499531.41,Medium
project_02469,Healthcare,High,8,11,2,22,20,7.2,46.1,Intermediate,High,37704.61,1825023.13,High
project_02470,FinTech,Low,4,3,2,6,11,2.5,8.0,Basic,Low,1989.57,61959.69,Low
project_02471,SaaS,Medium,6,8,2,16,21,5.3,25.4,Intermediate,Medium,14419.87,721142.15,Medium
project_02472,SaaS,High,8,6,2,12,27,6.2,39.7,Advanced,High,25889.86,1579484.7,High
project_02473,AI Platform,Low,5,3,2,6,12,3.9,15.6,Basic,Medium,2897.81,103908.88,Low
project_02474,IoT,Medium,5,5,2,10,16,5.4,21.6,Intermediate,Medium,8139.93,338310.76,Medium
project_02475,IoT,High,10,8,2,16,30,6.6,52.8,Intermediate,High,34088.44,2002444.19,High
project_02476,SaaS,Low,4,4,2,8,14,2.1,6.7,Basic,Medium,2977.7,95148.9,Low
project_02477,E-commerce,Medium,5,4,2,8,19,4.6,18.4,Intermediate,High,7236.25,358313.23,High
project_02478,SaaS,High,9,7,2,14,24,6.5,46.8,Advanced,Medium,28828.46,1585935.07,High
project_02479,Cloud System,Low,5,2,2,4,15,3.5,14.0,Basic,Low,1800.54,73186.32,Low
project_02480,Cloud System,Medium,5,7,2,14,21,4.9,19.6,Intermediate,High,13020.99,651999.14,High
project_02481,SaaS,High,11,11,2,22,25,8.0,70.4,Advanced,High,61300.44,3272898.18,High
project_02482,AI Platform,Low,3,2,2,4,15,3.8,9.1,Basic,Low,1149.59,43544.87,Low
project_02483,Healthcare,Medium,6,6,2,12,22,5.6,26.9,Basic,Low,8293.39,351263.93,Medium
project_02484,Healthcare,High,12,6,2,12,23,7.9,75.8,Advanced,High,38079.97,2335279.84,High
project_02485,SaaS,Low,4,4,2,8,14,2.5,8.0,Basic,Medium,2863.2,111102.44,Low
project_02486,E-commerce,Medium,7,6,2,12,17,4.0,22.4,Basic,Medium,9887.73,536135.52,Medium
project_02487,AI Platform,High,10,11,2,22,27,6.1,48.8,Advanced,High,58249.3,3133359.09,High
project_02488,SaaS,Low,5,3,2,6,13,2.5,10.0,Basic,Medium,2822.7,109099.87,Low
project_02489,FinTech,Medium,5,6,2,12,22,5.0,20.0,Intermediate,Medium,10198.85,394369.7,Medium
project_02490,FinTech,High,9,7,2,14,20,5.9,42.5,Intermediate,High,27500.46,1545085.72,High
project_02491,FinTech,Low,3,4,2,8,11,2.1,5.0,Basic,Low,1975.92,80358.45,Low
project_02492,Healthcare,Medium,7,5,2,10,18,5.6,31.4,Basic,Low,7910.7,344267.64,Medium
project_02493,Healthcare,High,11,11,2,22,27,6.8,59.8,Advanced,High,60965.9,3358684.33,High
project_02494,SaaS,Low,4,3,2,6,14,3.5,11.2,Basic,Medium,2211.77,90045.88,Low
project_02495,Cloud System,Medium,5,5,2,10,21,5.0,20.0,Intermediate,Medium,7827.07,371147.05,Medium
project_02496,Cloud System,High,8,12,2,24,27,5.0,32.0,Advanced,High,48839.55,2555488.42,High
project_02497,Healthcare,Low,5,4,2,8,10,3.5,14.0,Basic,Low,3223.5,107818.38,Low
project_02498,E-commerce,Medium,7,5,2,10,22,4.3,24.1,Basic,Medium,9077.34,367034.45,Medium
project_02499,Cloud System,High,10,10,2,20,21,7.1,56.8,Advanced,Medium,46300.65,2210600.9,High
project_02500,EdTech,Low,3,2,2,4,11,3.9,9.4,Basic,Low,1131.87,39578.47,Low
project_02501,FinTech,Medium,6,6,2,12,18,5.3,25.4,Basic,High,10722.12,493961.07,High
project_02502,IoT,High,12,11,2,22,22,6.5,62.4,Advanced,High,69335.56,3505332.75,High
project_02503,FinTech,Low,4,3,2,6,11,3.2,10.2,Basic,Medium,2199.16,87135.62,Low
project_02504,EdTech,Medium,8,8,2,16,20,4.2,26.9,Intermediate,Low,18506.57,801072.26,Medium
project_02505,FinTech,High,10,11,2,22,23,5.2,41.6,Advanced,Medium,48041.11,2607042.23,High
project_02506,IoT,Low,3,2,2,4,15,2.6,6.2,Basic,Low,1087.85,36078.29,Low
project_02507,AI Platform,Medium,5,5,2,10,22,4.0,16.0,Basic,High,7125.53,304191.77,High
project_02508,IoT,High,11,8,2,16,23,7.3,64.2,Advanced,High,47397.27,2399007.82,High
project_02509,FinTech,Low,4,2,2,4,11,3.9,12.5,Basic,Low,1414.87,55304.01,Low
project_02510,EdTech,Medium,5,8,2,16,19,4.7,18.8,Basic,Low,9163.7,448636.01,Medium
project_02511,SaaS,High,8,8,2,16,29,5.3,33.9,Advanced,High,33542.26,1955546.76,High
project_02512,Healthcare,Low,4,3,2,6,14,2.1,6.7,Basic,Medium,2321.89,77995.88,Low
project_02513,IoT,Medium,7,6,2,12,20,5.7,31.9,Intermediate,Medium,13629.61,588630.25,Medium
project_02514,FinTech,High,12,6,2,12,27,6.3,60.5,Advanced,High,36221.02,2063771.24,High
project_02515,Healthcare,Low,3,4,2,8,12,2.9,7.0,Basic,Medium,2291.77,79742.65,Low
project_02516,Healthcare,Medium,8,4,2,8,20,5.7,36.5,Intermediate,High,12297.9,611706.2,High
project_02517,IoT,High,10,8,2,16,25,6.7,53.6,Advanced,Medium,36264.02,1866820.14,High
project_02518,AI Platform,Low,4,3,2,6,13,3.8,12.2,Basic,Medium,2343.19,76478.01,Low
project_02519,IoT,Medium,6,4,2,8,22,5.0,24.0,Basic,Medium,6539.88,320236.9,Medium
project_02520,EdTech,High,12,8,2,16,21,7.3,70.1,Intermediate,High,41544.21,2456150.65,High
project_02521,E-commerce,Low,5,4,2,8,14,3.7,14.8,Basic,Low,3257.89,120223.98,Low
project_02522,AI Platform,Medium,6,8,2,16,17,5.9,28.3,Basic,Medium,12072.52,510554.37,Medium
project_02523,IoT,High,12,10,2,20,24,7.2,69.1,Advanced,High,59174.83,3526358.43,High
project_02524,SaaS,Low,3,3,2,6,14,3.7,8.9,Basic,Low,1571.34,63314.31,Low
project_02525,EdTech,Medium,6,8,2,16,16,5.4,25.9,Intermediate,Low,13083.28,564627.21,Medium
project_02526,EdTech,High,9,7,2,14,22,7.4,53.3,Intermediate,High,28597.77,1481883.34,High
project_02527,Healthcare,Low,5,2,2,4,13,3.1,12.4,Basic,Low,1729.44,56649.15,Low
project_02528,Cloud System,Medium,8,4,2,8,17,5.5,35.2,Intermediate,Medium,9942.58,500612.62,Medium
project_02529,EdTech,High,12,6,2,12,23,5.1,49.0,Intermediate,Medium,28478.97,1496033.5,High
project_02530,Healthcare,Low,5,3,2,6,15,3.5,14.0,Basic,Low,2731.04,99107.22,Low
project_02531,SaaS,Medium,7,8,2,16,15,4.5,25.2,Basic,High,16052.91,685118.66,High
project_02532,AI Platform,High,9,7,2,14,23,5.3,38.2,Advanced,Medium,28989.44,1515280.45,High
project_02533,Cloud System,Low,3,4,2,8,12,2.2,5.3,Basic,Low,2000.18,73370.7,Low
project_02534,IoT,Medium,6,5,2,10,18,4.9,23.5,Basic,Medium,7473.82,320431.94,Medium
project_02535,Cloud System,High,10,11,2,22,22,5.8,46.4,Advanced,High,53401.21,3142481.76,High
project_02536,EdTech,Low,5,2,2,4,13,3.7,14.8,Basic,Low,1754.41,56107.21,Low
project_02537,Cloud System,Medium,7,5,2,10,19,5.0,28.0,Basic,Low,8401.53,367550.47,Medium
project_02538,SaaS,High,10,8,2,16,25,6.2,49.6,Advanced,High,42797.48,2278117.11,High
project_02539,AI Platform,Low,3,3,2,6,10,3.7,8.9,Basic,Low,1635.31,45766.31,Low
project_02540,IoT,Medium,8,7,2,14,21,5.7,36.5,Intermediate,Low,16420.88,820127.34,Medium
project_02541,FinTech,High,8,6,2,12,22,8.0,51.2,Intermediate,High,20724.59,1199444.63,High
project_02542,EdTech,Low,5,4,2,8,13,3.5,14.0,Basic,Low,3320.8,136656.6,Low
project_02543,FinTech,Medium,6,8,2,16,16,5.2,25.0,Intermediate,Low,13901.95,659637.47,Medium
project_02544,Cloud System,High,9,11,2,22,30,6.1,43.9,Advanced,High,51888.71,2706738.96,High
project_02545,EdTech,Low,3,3,2,6,12,2.5,6.0,Basic,Low,1576.73,46750.06,Low
project_02546,IoT,Medium,8,5,2,10,21,5.0,32.0,Intermediate,Medium,12935.22,506820.39,Medium
project_02547,EdTech,High,12,6,2,12,21,5.0,48.0,Advanced,Medium,32064.57,1680495.19,High
project_02548,Healthcare,Low,5,2,2,4,12,3.9,15.6,Basic,Low,1765.94,64193.07,Low
project_02549,E-commerce,Medium,6,4,2,8,18,5.8,27.8,Basic,Low,5829.85,274675.12,Medium
project_02550,E-commerce,High,9,7,2,14,27,6.9,49.7,Advanced,High,33256.27,2053972.61,High
project_02551,EdTech,Low,5,3,2,6,12,2.7,10.8,Basic,Medium,2806.38,94314.93,Low
project_02552,Cloud System,Medium,5,6,2,12,15,4.0,16.0,Basic,Low,6632.58,299068.99,Medium
project_02553,AI Platform,High,10,11,2,22,21,6.3,50.4,Advanced,Medium,48217.78,2805335.28,High
project_02554,FinTech,Low,5,4,2,8,11,3.9,15.6,Basic,Low,3283.32,107772.1,Low
project_02555,Healthcare,Medium,8,4,2,8,18,4.9,31.4,Intermediate,Low,9076.28,395554.73,Medium
project_02556,E-commerce,High,10,10,2,20,21,7.6,60.8,Advanced,High,50524.06,2971764.97,High
project_02557,E-commerce,Low,5,4,2,8,12,3.2,12.8,Basic,Low,3348.92,122276.03,Low
project_02558,E-commerce,Medium,6,4,2,8,16,5.0,24.0,Basic,Medium,6249.44,251980.86,Medium
project_02559,Cloud System,High,10,7,2,14,24,5.8,46.4,Advanced,High,36826.56,1908759.5,High
project_02560,E-commerce,Low,3,2,2,4,13,2.8,6.7,Basic,Low,1084.22,43107.79,Low
project_02561,Cloud System,Medium,5,5,2,10,22,4.8,19.2,Basic,Medium,6818.02,274774.14,Medium
project_02562,FinTech,High,8,9,2,18,25,7.3,46.7,Advanced,High,37783.58,2034955.41,High
project_02563,SaaS,Low,4,2,2,4,10,2.6,8.3,Basic,Low,1430.29,44377.96,Low
project_02564,Cloud System,Medium,5,7,2,14,19,5.0,20.0,Basic,High,9948.48,405232.48,High
project_02565,IoT,High,8,8,2,16,22,6.2,39.7,Intermediate,High,29156.45,1537208.35,High
project_02566,EdTech,Low,5,4,2,8,15,2.9,11.6,Basic,Medium,3537.98,115709.58,Low
project_02567,IoT,Medium,6,6,2,12,19,6.0,28.8,Intermediate,High,13723.92,610515.75,High
project_02568,Cloud System,High,11,7,2,14,30,7.4,65.1,Intermediate,High,35281.17,1817017.3,High
project_02569,Healthcare,Low,4,3,2,6,14,3.5,11.2,Basic,Low,2077.25,66356.09,Low
project_02570,IoT,Medium,6,7,2,14,21,5.7,27.4,Intermediate,Medium,13794.86,680060.41,Medium
project_02571,AI Platform,High,10,7,2,14,24,6.4,51.2,Advanced,Medium,32658.18,1700722.03,High
project_02572,AI Platform,Low,4,3,2,6,15,2.9,9.3,Basic,Low,2083.01,64644.38,Low
project_02573,SaaS,Medium,5,7,2,14,18,5.3,21.2,Intermediate,Medium,10857.82,512422.45,Medium
project_02574,FinTech,High,12,12,2,24,29,6.2,59.5,Intermediate,Medium,52749.3,2929121.12,High
project_02575,IoT,Low,5,2,2,4,11,3.2,12.8,Basic,Low,1812.99,57766.23,Low
project_02576,Healthcare,Medium,6,4,2,8,20,4.8,23.0,Intermediate,Low,7256.06,355361.18,Medium
project_02577,Cloud System,High,9,7,2,14,29,6.3,45.4,Intermediate,Medium,24217.63,1256517.08,High
project_02578,EdTech,Low,4,3,2,6,14,3.5,11.2,Basic,Low,2184.8,73682.23,Low
project_02579,IoT,Medium,6,5,2,10,19,5.4,25.9,Intermediate,High,11082.81,451107.42,High
project_02580,EdTech,High,10,6,2,12,30,6.1,48.8,Advanced,High,30428.01,1651609.71,High
project_02581,Cloud System,Low,4,3,2,6,12,2.8,9.0,Basic,Low,2073.57,76255.79,Low
project_02582,SaaS,Medium,8,8,2,16,16,4.5,28.8,Basic,High,18615.06,761032.59,High
project_02583,FinTech,High,12,9,2,18,21,5.7,54.7,Intermediate,Medium,39259.67,2469013.99,High
project_02584,SaaS,Low,4,3,2,6,11,2.1,6.7,Basic,Low,1921.23,74596.29,Low
project_02585,SaaS,Medium,7,4,2,8,20,4.5,25.2,Basic,Medium,7388.28,345601.24,Medium
project_02586,SaaS,High,9,12,2,24,26,5.7,41.0,Intermediate,High,47901.1,2408284.69,High
project_02587,AI Platform,Low,5,3,2,6,15,3.7,14.8,Basic,Low,2627.78,87059.31,Low
project_02588,Cloud System,Medium,5,6,2,12,15,4.5,18.0,Intermediate,Medium,9295.19,369387.74,Medium
project_02589,EdTech,High,8,8,2,16,25,6.5,41.6,Advanced,High,32822.89,1733015.34,High
project_02590,Cloud System,Low,5,3,2,6,12,2.6,10.4,Basic,Low,2533.12,82277.74,Low
project_02591,Cloud System,Medium,7,8,2,16,19,4.6,25.8,Intermediate,Medium,17617.06,727074.02,Medium
project_02592,SaaS,High,12,8,2,16,21,7.3,70.1,Intermediate,High,42892.13,2135844.61,High
project_02593,E-commerce,Low,4,2,2,4,13,2.7,8.6,Basic,Low,1442.05,46328.96,Low
project_02594,E-commerce,Medium,7,6,2,12,16,4.3,24.1,Basic,Low,9225.16,466783.39,Medium
project_02595,EdTech,High,11,7,2,14,30,8.0,70.4,Advanced,Medium,36939.66,1886554.09,High
project_02596,EdTech,Low,4,3,2,6,14,2.3,7.4,Basic,Low,2097.33,72432.11,Low
project_02597,IoT,Medium,5,4,2,8,15,5.4,21.6,Basic,High,6084.4,296840.48,High
project_02598,AI Platform,High,12,9,2,18,21,5.9,56.6,Intermediate,High,46234.68,2710228.42,High
project_02599,E-commerce,Low,5,2,2,4,13,3.6,14.4,Basic,Medium,2048.08,61192.75,Low
project_02600,AI Platform,Medium,8,5,2,10,19,4.3,27.5,Intermediate,High,14513.16,653094.42,High
project_02601,IoT,High,9,11,2,22,22,7.4,53.3,Advanced,Medium,44801.09,2420088.44,High
project_02602,Healthcare,Low,4,3,2,6,12,3.2,10.2,Basic,Low,2156.88,73156.16,Low
project_02603,Cloud System,Medium,7,5,2,10,20,4.0,22.4,Intermediate,Low,10440.92,490784.91,Medium
project_02604,AI Platform,High,11,10,2,20,21,6.8,59.8,Intermediate,High,45918.21,2533106.85,High
project_02605,Healthcare,Low,3,2,2,4,13,3.3,7.9,Basic,Low,1148.3,46091.75,Low
project_02606,EdTech,Medium,6,6,2,12,20,5.3,25.4,Intermediate,Medium,11359.02,546300.88,Medium
project_02607,AI Platform,High,9,7,2,14,28,7.3,52.6,Advanced,High,33336.32,1739144.04,High
project_02608,IoT,Low,3,2,2,4,11,2.9,7.0,Basic,Low,1064.33,33117.47,Low
project_02609,Healthcare,Medium,8,4,2,8,22,5.2,33.3,Intermediate,Medium,10521.14,522552.64,Medium
project_02610,AI Platform,High,10,12,2,24,22,5.7,45.6,Intermediate,High,53318.76,2993373.47,High
project_02611,FinTech,Low,5,4,2,8,13,2.2,8.8,Basic,Low,3323.93,120229.94,Low
project_02612,EdTech,Medium,6,7,2,14,16,4.6,22.1,Intermediate,Medium,13153.25,610447.34,Medium
project_02613,FinTech,High,8,11,2,22,22,5.1,32.6,Advanced,Medium,40567.36,2267287.4,High
project_02614,Cloud System,Low,4,4,2,8,12,3.1,9.9,Basic,Low,2694.78,79175.94,Low
project_02615,EdTech,Medium,8,4,2,8,19,4.8,30.7,Intermediate,Medium,10617.96,455660.0,Medium
project_02616,EdTech,High,10,8,2,16,20,5.6,44.8,Advanced,Medium,35950.55,2107679.35,High
project_02617,Cloud System,Low,3,4,2,8,10,2.2,5.3,Basic,Medium,2150.92,75904.52,Low
project_02618,Healthcare,Medium,6,4,2,8,18,5.8,27.8,Basic,Medium,6194.3,268821.66,Medium
project_02619,FinTech,High,8,11,2,22,26,5.5,35.2,Advanced,High,44279.99,2331784.58,High
project_02620,SaaS,Low,3,3,2,6,14,2.3,5.5,Basic,Low,1583.31,61837.65,Low
project_02621,IoT,Medium,7,4,2,8,18,4.7,26.3,Intermediate,Low,8390.71,355436.47,Medium
project_02622,IoT,High,8,6,2,12,30,6.6,42.2,Advanced,Medium,22567.03,1293946.52,High
project_02623,Healthcare,Low,4,3,2,6,14,3.5,11.2,Basic,Low,2011.49,78383.94,Low
project_02624,Healthcare,Medium,8,6,2,12,19,4.0,25.6,Intermediate,High,16524.95,691986.15,High
project_02625,AI Platform,High,10,8,2,16,22,6.7,53.6,Intermediate,High,35087.23,1984495.63,High
project_02626,Healthcare,Low,5,3,2,6,14,2.2,8.8,Basic,Medium,2717.28,104997.45,Low
project_02627,Cloud System,Medium,8,5,2,10,17,4.7,30.1,Intermediate,High,14586.7,649922.1,High
project_02628,FinTech,High,11,11,2,22,29,7.0,61.6,Advanced,Medium,56385.34,3131957.45,High
project_02629,FinTech,Low,3,2,2,4,14,3.4,8.2,Basic,Low,1149.7,39042.36,Low
project_02630,Cloud System,Medium,5,5,2,10,22,5.5,22.0,Intermediate,Low,7491.63,300538.34,Medium
project_02631,E-commerce,High,10,7,2,14,29,7.1,56.8,Advanced,High,37966.81,2063022.59,High
project_02632,Healthcare,Low,4,2,2,4,10,2.7,8.6,Basic,Medium,1557.03,58652.72,Low
project_02633,IoT,Medium,5,7,2,14,19,5.9,23.6,Intermediate,High,12238.59,572084.87,High
project_02634,Healthcare,High,12,8,2,16,27,7.7,73.9,Intermediate,High,41168.96,2143810.23,High
project_02635,SaaS,Low,3,3,2,6,14,3.3,7.9,Basic,Low,1590.9,53290.67,Low
project_02636,IoT,Medium,6,4,2,8,21,5.6,26.9,Basic,Medium,6663.58,290237.36,Medium
project_02637,Healthcare,High,10,6,2,12,23,7.9,63.2,Intermediate,High,25785.44,1345815.07,High
project_02638,E-commerce,Low,3,3,2,6,15,2.9,7.0,Basic,Low,1555.1,67097.76,Low
project_02639,SaaS,Medium,5,7,2,14,18,5.2,20.8,Intermediate,High,13090.06,587138.92,High
project_02640,SaaS,High,10,10,2,20,25,6.0,48.0,Advanced,High,51409.53,2828273.25,High
project_02641,IoT,Low,5,4,2,8,13,2.1,8.4,Basic,Low,3401.81,105627.81,Low
project_02642,IoT,Medium,6,6,2,12,20,5.4,25.9,Intermediate,Medium,11118.14,493553.13,Medium
project_02643,FinTech,High,10,6,2,12,25,6.6,52.8,Advanced,High,31356.19,1655041.6,High
project_02644,E-commerce,Low,3,4,2,8,15,2.5,6.0,Basic,Medium,2165.09,75397.46,Low
project_02645,E-commerce,Medium,6,8,2,16,21,4.1,19.7,Intermediate,Medium,15577.93,687427.27,Medium
project_02646,Cloud System,High,10,7,2,14,20,6.3,50.4,Advanced,High,37923.67,1819330.54,High
project_02647,SaaS,Low,4,2,2,4,12,2.0,6.4,Basic,Low,1314.83,52180.66,Low
project_02648,SaaS,Medium,8,4,2,8,19,6.0,38.4,Intermediate,Low,9649.02,416844.55,Medium
project_02649,AI Platform,High,9,8,2,16,26,7.7,55.4,Intermediate,High,30734.59,1928765.93,High
project_02650,IoT,Low,4,3,2,6,13,2.1,6.7,Basic,Low,2069.96,61465.1,Low
project_02651,EdTech,Medium,7,6,2,12,22,4.4,24.6,Basic,High,11735.83,486347.4,High
project_02652,IoT,High,8,7,2,14,29,6.4,41.0,Intermediate,Medium,22401.48,1264580.64,High
project_02653,Healthcare,Low,4,3,2,6,12,2.5,8.0,Basic,Medium,2178.55,85613.28,Low
project_02654,FinTech,Medium,5,7,2,14,15,5.1,20.4,Basic,High,9974.46,439410.16,High
project_02655,AI Platform,High,12,6,2,12,24,6.6,63.4,Intermediate,High,32003.26,1733340.86,High
project_02656,Cloud System,Low,5,2,2,4,11,3.7,14.8,Basic,Low,1703.76,67053.18,Low
project_02657,AI Platform,Medium,7,4,2,8,21,5.9,33.0,Basic,Medium,7208.41,286534.94,Medium
project_02658,E-commerce,High,11,9,2,18,28,7.3,64.2,Intermediate,High,41511.42,2121060.99,High
project_02659,EdTech,Low,4,4,2,8,13,3.0,9.6,Basic,Medium,3010.2,105562.17,Low
project_02660,SaaS,Medium,8,7,2,14,18,4.7,30.1,Intermediate,High,19114.91,809385.85,High
project_02661,FinTech,High,9,11,2,22,27,6.0,43.2,Advanced,Medium,43730.2,2269881.02,High
project_02662,E-commerce,Low,3,4,2,8,10,3.1,7.4,Basic,Low,1949.13,66132.12,Low
project_02663,Cloud System,Medium,7,8,2,16,19,4.6,25.8,Intermediate,Medium,16801.85,676457.62,Medium
project_02664,Healthcare,High,12,12,2,24,20,6.0,57.6,Advanced,High,73660.24,4185819.97,High
project_02665,SaaS,Low,5,4,2,8,15,2.4,9.6,Basic,Medium,3705.86,111878.36,Low
project_02666,SaaS,Medium,7,5,2,10,17,5.8,32.5,Intermediate,High,13029.95,514451.48,High
project_02667,SaaS,High,8,7,2,14,23,5.6,35.8,Advanced,High,29150.64,1423821.77,High
project_02668,Healthcare,Low,4,4,2,8,11,3.3,10.6,Basic,Low,2778.71,78451.09,Low
project_02669,Cloud System,Medium,8,5,2,10,15,5.2,33.3,Basic,Medium,10200.68,454654.55,Medium
project_02670,E-commerce,High,10,11,2,22,26,5.4,43.2,Intermediate,High,48559.03,2750987.88,High
project_02671,Healthcare,Low,4,4,2,8,13,3.4,10.9,Basic,Low,2781.2,103705.87,Low
project_02672,E-commerce,Medium,8,8,2,16,19,5.1,32.6,Basic,High,18105.12,729801.61,High
project_02673,SaaS,High,8,8,2,16,27,7.7,49.3,Advanced,Medium,29374.52,1574235.01,High
project_02674,Cloud System,Low,5,4,2,8,13,3.4,13.6,Basic,Low,3399.05,113250.54,Low
project_02675,Healthcare,Medium,8,8,2,16,19,5.6,35.8,Intermediate,Medium,19069.67,848867.95,Medium
project_02676,Healthcare,High,11,11,2,22,24,6.4,56.3,Advanced,High,59932.65,3302996.0,High
project_02677,EdTech,Low,3,2,2,4,11,3.2,7.7,Basic,Low,1134.61,34428.25,Low
project_02678,E-commerce,Medium,8,5,2,10,20,5.2,33.3,Intermediate,Medium,12297.87,536958.15,Medium
project_02679,IoT,High,12,11,2,22,27,7.3,70.1,Advanced,High,64817.44,3653932.45,High
project_02680,E-commerce,Low,3,4,2,8,14,2.7,6.5,Basic,Medium,2252.21,88297.97,Low
project_02681,E-commerce,Medium,7,5,2,10,15,4.6,25.8,Basic,High,10110.09,384791.65,High
project_02682,SaaS,High,10,7,2,14,27,5.0,40.0,Advanced,High,38051.66,2034323.72,High
project_02683,Healthcare,Low,5,3,2,6,14,3.8,15.2,Basic,Low,2638.95,93212.84,Low
project_02684,SaaS,Medium,5,7,2,14,16,4.6,18.4,Intermediate,High,12470.13,580409.94,High
project_02685,EdTech,High,8,6,2,12,22,7.1,45.4,Advanced,High,25308.19,1238020.74,High
project_02686,E-commerce,Low,4,2,2,4,11,2.2,7.0,Basic,Low,1393.67,51161.57,Low
project_02687,AI Platform,Medium,6,6,2,12,16,4.6,22.1,Intermediate,Medium,11423.59,496566.96,Medium
project_02688,AI Platform,High,12,10,2,20,24,5.9,56.6,Advanced,High,58443.74,3230204.03,High
project_02689,Cloud System,Low,4,4,2,8,14,2.9,9.3,Basic,Low,2829.64,80644.33,Low
project_02690,SaaS,Medium,6,4,2,8,19,4.9,23.5,Intermediate,Low,7017.64,302491.99,Medium
project_02691,FinTech,High,9,6,2,12,30,7.4,53.3,Intermediate,High,24731.73,1260559.15,High
project_02692,E-commerce,Low,3,2,2,4,11,3.1,7.4,Basic,Low,1107.47,39518.37,Low
project_02693,AI Platform,Medium,7,4,2,8,18,5.3,29.7,Basic,Low,6274.36,273855.39,Medium
project_02694,Healthcare,High,11,8,2,16,21,7.8,68.6,Advanced,Medium,38953.02,2058745.43,High
project_02695,IoT,Low,4,2,2,4,15,3.0,9.6,Basic,Low,1407.67,52190.5,Low
project_02696,AI Platform,Medium,8,5,2,10,19,5.9,37.8,Basic,High,11686.04,512011.72,High
project_02697,AI Platform,High,10,11,2,22,27,7.2,57.6,Advanced,High,57047.07,3348376.68,High
project_02698,Healthcare,Low,3,3,2,6,14,2.9,7.0,Basic,Low,1599.58,60810.21,Low
project_02699,Healthcare,Medium,6,8,2,16,22,5.0,24.0,Intermediate,High,17791.14,814319.01,High
project_02700,AI Platform,High,8,11,2,22,20,6.9,44.2,Advanced,High,45565.89,2447636.75,High
project_02701,IoT,Low,4,2,2,4,15,3.0,9.6,Basic,Low,1470.9,54677.38,Low
project_02702,AI Platform,Medium,7,7,2,14,20,5.9,33.0,Intermediate,Low,14637.75,570431.05,Medium
project_02703,E-commerce,High,10,9,2,18,22,7.7,61.6,Advanced,High,48348.5,2485151.87,High
project_02704,EdTech,Low,3,4,2,8,10,2.8,6.7,Basic,Low,1951.9,70959.45,Low
project_02705,SaaS,Medium,7,7,2,14,17,5.3,29.7,Basic,Medium,12642.65,551221.29,Medium
project_02706,EdTech,High,11,7,2,14,21,7.1,62.5,Advanced,High,41781.96,2350113.76,High
project_02707,Cloud System,Low,4,2,2,4,13,2.3,7.4,Basic,Low,1331.27,50979.05,Low
project_02708,E-commerce,Medium,6,7,2,14,19,5.5,26.4,Intermediate,Low,11949.62,557292.53,Medium
project_02709,FinTech,High,11,9,2,18,26,5.2,45.8,Intermediate,Medium,35407.74,2274553.87,High
project_02710,IoT,Low,5,2,2,4,10,3.5,14.0,Basic,Medium,1951.35,60249.94,Low
project_02711,AI Platform,Medium,7,6,2,12,15,4.1,23.0,Intermediate,Medium,12396.75,590255.28,Medium
project_02712,Healthcare,High,8,12,2,24,26,6.3,40.3,Advanced,High,47505.69,2905985.68,High
project_02713,EdTech,Low,5,2,2,4,15,4.0,16.0,Basic,Low,1922.27,58104.99,Low
project_02714,SaaS,Medium,5,4,2,8,18,4.8,19.2,Intermediate,Low,5979.45,234802.86,Medium
project_02715,EdTech,High,10,10,2,20,27,6.5,52.0,Intermediate,High,42484.17,2379177.2,High
project_02716,FinTech,Low,3,3,2,6,15,2.4,5.8,Basic,Medium,1665.83,67997.88,Low
project_02717,EdTech,Medium,6,5,2,10,22,4.5,21.6,Basic,Low,7017.0,285668.04,Medium
project_02718,AI Platform,High,12,11,2,22,21,7.7,73.9,Advanced,High,69662.75,3437266.66,High
project_02719,SaaS,Low,3,2,2,4,13,2.8,6.7,Basic,Low,1056.99,36354.08,Low
project_02720,EdTech,Medium,5,5,2,10,16,5.0,20.0,Intermediate,Medium,8188.41,392169.04,Medium
project_02721,SaaS,High,9,11,2,22,27,7.9,56.9,Intermediate,High,41323.26,2642250.42,High
project_02722,E-commerce,Low,4,3,2,6,11,3.2,10.2,Basic,Low,2015.31,69379.66,Low
project_02723,Healthcare,Medium,5,4,2,8,21,5.7,22.8,Intermediate,Low,6320.86,298889.13,Medium
project_02724,IoT,High,12,6,2,12,27,7.1,68.2,Advanced,High,37938.86,2082459.39,High
project_02725,IoT,Low,5,3,2,6,11,2.2,8.8,Basic,Medium,2869.68,96788.12,Low
project_02726,Cloud System,Medium,7,8,2,16,16,4.7,26.3,Intermediate,Medium,17335.63,863385.7,Medium
project_02727,IoT,High,10,11,2,22,26,7.3,58.4,Advanced,High,57180.26,3218914.68,High
project_02728,SaaS,Low,4,4,2,8,14,2.2,7.0,Basic,Medium,2932.56,87536.63,Low
project_02729,Cloud System,Medium,8,4,2,8,22,5.1,32.6,Intermediate,Low,9758.71,393901.79,Medium
project_02730,Cloud System,High,11,9,2,18,23,7.3,64.2,Intermediate,High,42125.36,2069814.3,High
project_02731,Cloud System,Low,3,4,2,8,10,3.9,9.4,Basic,Low,2075.76,72741.66,Low
project_02732,AI Platform,Medium,5,5,2,10,21,4.1,16.4,Basic,High,7269.22,367174.89,High
project_02733,EdTech,High,11,8,2,16,24,7.4,65.1,Advanced,High,45678.32,2506415.04,High
project_02734,E-commerce,Low,5,3,2,6,13,3.8,15.2,Basic,Low,2678.91,102406.89,Low
project_02735,IoT,Medium,5,8,2,16,18,4.2,16.8,Intermediate,High,14437.36,635211.01,High
project_02736,E-commerce,High,10,12,2,24,28,7.3,58.4,Intermediate,High,53121.54,2894934.2,High
project_02737,AI Platform,Low,3,4,2,8,15,2.1,5.0,Basic,Low,2045.96,84628.75,Low
project_02738,Cloud System,Medium,8,6,2,12,20,5.0,32.0,Intermediate,Medium,15629.07,606758.29,Medium
project_02739,FinTech,High,11,10,2,20,24,5.0,44.0,Advanced,High,53587.82,3108131.06,High
project_02740,E-commerce,Low,5,4,2,8,11,2.1,8.4,Basic,Medium,3748.45,117877.31,Low
project_02741,EdTech,Medium,6,8,2,16,16,4.7,22.6,Basic,High,13789.65,572225.34,High
project_02742,EdTech,High,8,8,2,16,28,6.0,38.4,Intermediate,High,28291.16,1479325.35,High
project_02743,IoT,Low,5,4,2,8,12,2.2,8.8,Basic,Low,3390.37,100953.6,Low
project_02744,Healthcare,Medium,6,4,2,8,15,5.7,27.4,Intermediate,High,8411.27,372596.78,High
project_02745,E-commerce,High,10,9,2,18,25,5.4,43.2,Advanced,High,46156.96,2401204.95,High
project_02746,FinTech,Low,4,2,2,4,15,3.1,9.9,Basic,Low,1493.95,51636.53,Low
project_02747,E-commerce,Medium,8,6,2,12,22,5.4,34.6,Basic,Medium,12091.5,532325.43,Medium
project_02748,Healthcare,High,8,6,2,12,22,5.7,36.5,Advanced,Medium,22372.01,1275211.17,High
project_02749,E-commerce,Low,3,4,2,8,13,2.5,6.0,Basic,Low,2117.57,77050.79,Low
project_02750,AI Platform,Medium,7,5,2,10,20,5.3,29.7,Basic,Medium,8851.08,464821.71,Medium
project_02751,EdTech,High,11,7,2,14,25,7.2,63.4,Advanced,High,39825.77,2302030.0,High
project_02752,SaaS,Low,4,3,2,6,14,2.1,6.7,Basic,Medium,2166.79,68075.54,Low
project_02753,Cloud System,Medium,8,5,2,10,16,4.2,26.9,Intermediate,Low,10821.75,440926.37,Medium
project_02754,IoT,High,8,8,2,16,21,5.3,33.9,Advanced,Medium,28994.12,1405683.49,High
project_02755,FinTech,Low,3,4,2,8,12,3.2,7.7,Basic,Low,2141.55,84342.62,Low
project_02756,IoT,Medium,5,8,2,16,18,5.6,22.4,Intermediate,Low,11178.92,498881.2,Medium
project_02757,IoT,High,9,11,2,22,22,5.8,41.8,Intermediate,High,41663.37,2301941.43,High
project_02758,E-commerce,Low,5,3,2,6,14,2.8,11.2,Basic,Low,2668.37,95853.81,Low
project_02759,FinTech,Medium,5,6,2,12,20,5.5,22.0,Intermediate,Low,8904.5,379632.92,Medium
project_02760,SaaS,High,12,6,2,12,26,6.6,63.4,Advanced,High,36519.71,2261163.26,High
project_02761,AI Platform,Low,4,4,2,8,10,2.3,7.4,Basic,Medium,2890.44,97146.51,Low
project_02762,EdTech,Medium,6,7,2,14,21,5.1,24.5,Intermediate,Medium,13527.04,628208.19,Medium
project_02763,Cloud System,High,8,8,2,16,28,6.1,39.0,Advanced,High,32450.59,2024878.46,High
project_02764,Healthcare,Low,5,4,2,8,15,3.5,14.0,Basic,Low,3431.88,117459.24,Low
project_02765,EdTech,Medium,7,7,2,14,20,5.1,28.6,Intermediate,Medium,15071.66,712713.21,Medium
project_02766,SaaS,High,8,11,2,22,24,6.2,39.7,Intermediate,Medium,31926.23,1626123.64,High
project_02767,AI Platform,Low,5,4,2,8,14,2.7,10.8,Basic,Medium,3747.11,126226.62,Low
project_02768,E-commerce,Medium,5,8,2,16,17,4.4,17.6,Intermediate,Medium,13054.75,573891.61,Medium
project_02769,Healthcare,High,8,12,2,24,21,6.0,38.4,Advanced,High,47372.15,2571479.64,High
project_02770,Healthcare,Low,5,2,2,4,15,3.9,15.6,Basic,Low,1862.65,67652.21,Low
project_02771,E-commerce,Medium,5,6,2,12,20,5.7,22.8,Intermediate,Medium,9514.35,441102.65,Medium
project_02772,Cloud System,High,8,6,2,12,27,7.9,50.6,Advanced,High,26249.08,1321438.58,High
project_02773,Cloud System,Low,4,4,2,8,11,3.9,12.5,Basic,Low,2604.47,99323.41,Low
project_02774,EdTech,Medium,8,4,2,8,19,4.5,28.8,Intermediate,Low,9489.6,405878.47,Medium
project_02775,EdTech,High,12,12,2,24,25,8.0,76.8,Intermediate,High,61341.49,3212032.78,High
project_02776,Healthcare,Low,5,2,2,4,12,3.6,14.4,Basic,Low,1849.57,55553.92,Low
project_02777,FinTech,Medium,8,6,2,12,21,4.2,26.9,Basic,Medium,11917.06,499681.72,Medium
project_02778,AI Platform,High,11,9,2,18,29,5.5,48.4,Advanced,High,51738.53,2993548.23,High
project_02779,EdTech,Low,5,3,2,6,15,2.2,8.8,Basic,Low,2612.77,94490.68,Low
project_02780,FinTech,Medium,7,8,2,16,15,5.5,30.8,Basic,Medium,14475.45,619324.41,Medium
project_02781,EdTech,High,11,10,2,20,21,6.2,54.6,Advanced,High,56330.63,3170508.3,High
project_02782,IoT,Low,3,3,2,6,11,3.6,8.6,Basic,Medium,1787.0,65017.38,Low
project_02783,E-commerce,Medium,5,7,2,14,18,4.5,18.0,Intermediate,High,12525.81,600463.67,High
project_02784,E-commerce,High,11,8,2,16,27,7.1,62.5,Advanced,Medium,41083.13,2077716.28,High
project_02785,Cloud System,Low,5,4,2,8,13,3.9,15.6,Basic,Medium,3887.75,138472.62,Low
project_02786,SaaS,Medium,7,4,2,8,22,5.0,28.0,Intermediate,Medium,8766.36,432433.69,Medium
project_02787,Healthcare,High,12,9,2,18,23,7.5,72.0,Advanced,Medium,49161.95,2553167.09,High
project_02788,SaaS,Low,4,4,2,8,10,2.9,9.3,Basic,Low,2804.78,102129.61,Low
project_02789,IoT,Medium,5,6,2,12,22,4.6,18.4,Intermediate,Medium,9857.63,407217.01,Medium
project_02790,SaaS,High,11,6,2,12,30,5.4,47.5,Advanced,High,35087.0,2060896.37,High
project_02791,Healthcare,Low,3,2,2,4,10,2.9,7.0,Basic,Medium,1216.12,44451.29,Low
project_02792,IoT,Medium,8,5,2,10,22,4.2,26.9,Basic,Medium,10207.56,506096.36,Medium
project_02793,AI Platform,High,8,12,2,24,24,7.7,49.3,Intermediate,High,40933.35,2429972.29,High
project_02794,EdTech,Low,5,2,2,4,12,3.0,12.0,Basic,Low,1702.48,64918.6,Low
project_02795,SaaS,Medium,8,6,2,12,22,5.8,37.1,Intermediate,Medium,15340.24,767759.45,Medium
project_02796,E-commerce,High,11,6,2,12,26,7.4,65.1,Advanced,High,36458.82,1848312.9,High
project_02797,AI Platform,Low,3,3,2,6,15,3.1,7.4,Basic,Medium,1797.81,55648.73,Low
project_02798,Healthcare,Medium,7,8,2,16,15,5.8,32.5,Intermediate,Low,15871.11,647283.3,Medium
project_02799,Cloud System,High,9,8,2,16,30,7.0,50.4,Advanced,High,39050.74,2233363.51,High
project_02800,IoT,Low,5,2,2,4,10,3.3,13.2,Basic,Low,1682.52,67738.92,Low
project_02801,FinTech,Medium,7,8,2,16,17,5.1,28.6,Basic,Low,13052.9,493457.58,Medium
project_02802,SaaS,High,10,8,2,16,28,5.3,42.4,Advanced,High,42887.07,2427036.44,High
project_02803,EdTech,Low,3,2,2,4,14,2.4,5.8,Basic,Low,1060.85,34317.95,Low
project_02804,IoT,Medium,5,4,2,8,20,5.1,20.4,Basic,Low,4652.25,186000.45,Medium
project_02805,FinTech,High,11,7,2,14,23,6.7,59.0,Intermediate,Medium,29521.68,1723938.0,High
project_02806,FinTech,Low,4,4,2,8,14,3.0,9.6,Basic,Low,2658.71,81660.84,Low
project_02807,Cloud System,Medium,7,8,2,16,21,5.6,31.4,Basic,Medium,13736.28,599896.87,Medium
project_02808,IoT,High,12,10,2,20,21,6.0,57.6,Advanced,High,58681.28,3387553.97,High
project_02809,E-commerce,Low,3,2,2,4,11,2.4,5.8,Basic,Medium,1164.45,40512.19,Low
project_02810,E-commerce,Medium,7,8,2,16,17,4.7,26.3,Intermediate,Low,15458.96,664907.37,Medium
project_02811,AI Platform,High,10,10,2,20,27,6.6,52.8,Intermediate,Medium,38513.22,2270301.76,High
project_02812,SaaS,Low,5,2,2,4,15,3.6,14.4,Basic,Low,1823.48,65942.08,Low
project_02813,SaaS,Medium,5,7,2,14,17,4.7,18.8,Basic,Low,8083.79,385803.33,Medium
project_02814,SaaS,High,12,12,2,24,20,7.2,69.1,Advanced,Medium,65037.96,3222250.82,High
project_02815,Cloud System,Low,4,2,2,4,11,2.3,7.4,Basic,Low,1410.92,53760.26,Low
project_02816,AI Platform,Medium,6,8,2,16,15,5.0,24.0,Intermediate,Low,13171.49,669161.86,Medium
project_02817,AI Platform,High,12,12,2,24,23,6.8,65.3,Advanced,High,71641.33,4084013.01,High
project_02818,E-commerce,Low,3,3,2,6,15,3.8,9.1,Basic,Low,1701.08,52841.86,Low
project_02819,FinTech,Medium,7,7,2,14,20,5.9,33.0,Intermediate,High,17385.13,717448.17,High
project_02820,EdTech,High,11,12,2,24,27,5.5,48.4,Advanced,Medium,57412.92,3478059.08,High
project_02821,FinTech,Low,3,3,2,6,14,2.0,4.8,Basic,Medium,1735.32,55513.79,Low
project_02822,SaaS,Medium,7,6,2,12,17,4.2,23.5,Basic,High,12313.78,504688.93,High
project_02823,Cloud System,High,11,8,2,16,21,6.7,59.0,Advanced,High,45872.74,2295970.61,High
project_02824,Cloud System,Low,4,2,2,4,14,3.8,12.2,Basic,Low,1469.48,47911.1,Low
project_02825,Cloud System,Medium,5,6,2,12,20,5.5,22.0,Intermediate,Medium,9365.17,442631.05,Medium
project_02826,IoT,High,12,12,2,24,22,7.3,70.1,Intermediate,High,64009.94,2998519.97,High
project_02827,SaaS,Low,4,3,2,6,14,2.6,8.3,Basic,Low,1994.24,69435.26,Low
project_02828,IoT,Medium,7,8,2,16,22,5.6,31.4,Intermediate,Low,16433.22,757956.38,Medium
project_02829,FinTech,High,9,11,2,22,20,7.2,51.8,Advanced,High,48477.74,2871377.59,High
project_02830,EdTech,Low,5,3,2,6,12,2.6,10.4,Basic,Low,2570.54,88766.86,Low
project_02831,E-commerce,Medium,7,6,2,12,19,5.2,29.1,Intermediate,Medium,13192.4,590138.78,Medium
project_02832,E-commerce,High,10,7,2,14,27,5.7,45.6,Advanced,High,37999.73,1897026.78,High
project_02833,EdTech,Low,3,2,2,4,13,3.7,8.9,Basic,Medium,1248.33,38366.45,Low
project_02834,SaaS,Medium,6,6,2,12,17,4.3,20.6,Basic,Medium,8945.17,432369.5,Medium
project_02835,FinTech,High,8,11,2,22,30,8.0,51.2,Advanced,High,45587.16,2434820.81,High
project_02836,AI Platform,Low,3,2,2,4,11,3.7,8.9,Basic,Low,1169.91,35759.97,Low
project_02837,AI Platform,Medium,6,8,2,16,19,4.1,19.7,Intermediate,Medium,14826.06,599665.92,Medium
project_02838,Cloud System,High,11,12,2,24,21,7.6,66.9,Advanced,Medium,58238.95,3215059.11,High
project_02839,EdTech,Low,3,4,2,8,11,2.2,5.3,Basic,Low,1951.1,79159.03,Low
project_02840,AI Platform,Medium,8,5,2,10,20,4.3,27.5,Intermediate,Medium,12797.27,587678.19,Medium
project_02841,Cloud System,High,12,7,2,14,27,5.7,54.7,Advanced,Medium,36802.02,2099015.02,High
project_02842,SaaS,Low,5,3,2,6,14,2.1,8.4,Basic,Medium,2858.15,97152.51,Low
project_02843,AI Platform,Medium,5,5,2,10,19,5.0,20.0,Intermediate,Low,7601.78,301434.51,Medium
project_02844,Healthcare,High,8,10,2,20,20,6.5,41.6,Advanced,High,42623.18,2170372.53,High
project_02845,EdTech,Low,3,4,2,8,11,2.7,6.5,Basic,Low,2060.84,73730.22,Low
project_02846,EdTech,Medium,7,8,2,16,22,5.4,30.2,Intermediate,Medium,17314.15,822906.51,Medium
project_02847,Cloud System,High,12,8,2,16,25,6.3,60.5,Advanced,Medium,41598.08,2313501.29,High
project_02848,FinTech,Low,3,2,2,4,10,2.9,7.0,Basic,Low,1089.47,40666.29,Low
project_02849,Healthcare,Medium,6,6,2,12,18,5.5,26.4,Intermediate,Medium,10866.18,544275.55,Medium
project_02850,IoT,High,9,11,2,22,20,7.0,50.4,Intermediate,High,42528.89,2255493.1,High
project_02851,SaaS,Low,5,3,2,6,10,2.8,11.2,Basic,Low,2589.46,91830.51,Low
project_02852,Healthcare,Medium,7,5,2,10,17,5.0,28.0,Intermediate,High,12095.81,555024.19,High
project_02853,EdTech,High,10,9,2,18,23,6.8,54.4,Intermediate,High,38447.58,2209093.21,High
project_02854,EdTech,Low,5,2,2,4,10,3.7,14.8,Basic,Low,1730.49,58626.23,Low
project_02855,IoT,Medium,5,7,2,14,17,4.8,19.2,Basic,High,10233.04,513399.62,High
project_02856,Cloud System,High,11,10,2,20,21,5.7,50.2,Advanced,High,53501.67,3389231.69,High
project_02857,E-commerce,Low,4,2,2,4,13,3.4,10.9,Basic,Low,1449.84,53593.69,Low
project_02858,Healthcare,Medium,8,6,2,12,17,5.4,34.6,Basic,High,14063.97,698199.32,High
project_02859,IoT,High,12,10,2,20,21,5.4,51.8,Advanced,High,59401.85,3160398.25,High
project_02860,AI Platform,Low,4,3,2,6,12,3.5,11.2,Basic,Medium,2310.14,76341.27,Low
project_02861,EdTech,Medium,6,4,2,8,16,5.5,26.4,Basic,Low,5900.93,263688.37,Medium
project_02862,IoT,High,8,7,2,14,24,7.6,48.6,Advanced,High,30206.26,1551515.51,High
project_02863,Cloud System,Low,5,3,2,6,15,3.5,14.0,Basic,Medium,2938.97,96771.14,Low
project_02864,Healthcare,Medium,6,5,2,10,19,4.2,20.2,Basic,Medium,7650.16,329695.36,Medium
project_02865,IoT,High,10,9,2,18,25,5.9,47.2,Advanced,Medium,39130.1,2229586.07,High
project_02866,Healthcare,Low,4,4,2,8,14,2.7,8.6,Basic,Medium,3130.06,111354.57,Low
project_02867,SaaS,Medium,7,7,2,14,17,5.0,28.0,Intermediate,Medium,15723.6,708838.18,Medium
project_02868,Cloud System,High,12,11,2,22,23,7.3,70.1,Intermediate,Medium,51028.49,2583818.07,High
project_02869,EdTech,Low,5,4,2,8,15,2.6,10.4,Basic,Low,3446.24,119278.3,Low
project_02870,Cloud System,Medium,8,8,2,16,18,5.4,34.6,Intermediate,Low,17339.52,751882.88,Medium
project_02871,EdTech,High,8,11,2,22,20,6.5,41.6,Advanced,High,46785.72,2534780.95,High
project_02872,FinTech,Low,4,2,2,4,11,2.0,6.4,Basic,Low,1316.3,42946.91,Low
project_02873,Cloud System,Medium,6,8,2,16,19,5.7,27.4,Intermediate,High,17494.28,781669.3,High
project_02874,AI Platform,High,9,10,2,20,24,5.3,38.2,Advanced,High,45577.22,2316600.61,High
project_02875,SaaS,Low,5,4,2,8,14,3.8,15.2,Basic,Low,3313.23,113120.03,Low
project_02876,E-commerce,Medium,7,4,2,8,22,5.1,28.6,Intermediate,Low,8664.97,395870.74,Medium
project_02877,SaaS,High,11,9,2,18,26,6.3,55.4,Intermediate,High,40704.56,2222712.28,High
project_02878,Cloud System,Low,4,3,2,6,11,3.7,11.8,Basic,Medium,2399.69,74445.3,Low
project_02879,E-commerce,Medium,5,5,2,10,18,4.1,16.4,Intermediate,High,9136.73,382322.33,High
project_02880,IoT,High,11,9,2,18,23,6.0,52.8,Intermediate,High,43303.27,2441464.64,High
project_02881,SaaS,Low,3,4,2,8,13,3.9,9.4,Basic,Low,2032.37,76828.18,Low
project_02882,SaaS,Medium,8,8,2,16,18,4.7,30.1,Intermediate,High,21572.28,1049780.49,High
project_02883,EdTech,High,8,7,2,14,23,6.6,42.2,Intermediate,Medium,21220.19,1090258.68,High
project_02884,E-commerce,Low,3,2,2,4,14,3.7,8.9,Basic,Low,1168.05,40910.23,Low
project_02885,Cloud System,Medium,6,7,2,14,17,4.2,20.2,Basic,Medium,10476.54,510668.06,Medium
project_02886,SaaS,High,11,9,2,18,25,7.5,66.0,Advanced,High,50202.21,2948004.67,High
project_02887,FinTech,Low,4,4,2,8,15,2.8,9.0,Basic,Low,2733.32,95776.33,Low
project_02888,IoT,Medium,8,4,2,8,20,4.7,30.1,Intermediate,Low,9315.33,403487.22,Medium
project_02889,IoT,High,11,12,2,24,24,6.2,54.6,Advanced,High,66204.25,3547648.96,High
project_02890,Cloud System,Low,3,2,2,4,12,3.7,8.9,Basic,Low,1141.75,36205.79,Low
project_02891,AI Platform,Medium,8,6,2,12,16,5.4,34.6,Intermediate,High,16857.57,785688.3,High
project_02892,Healthcare,High,9,9,2,18,27,5.8,41.8,Advanced,High,41120.24,2341745.14,High
project_02893,EdTech,Low,4,4,2,8,14,3.8,12.2,Basic,Medium,3005.54,113530.52,Low
project_02894,AI Platform,Medium,7,5,2,10,17,5.5,30.8,Intermediate,Low,10372.91,425903.64,Medium
project_02895,E-commerce,High,9,10,2,20,28,6.8,49.0,Advanced,Medium,42626.89,2245955.49,High
project_02896,Cloud System,Low,3,3,2,6,14,3.9,9.4,Basic,Low,1737.55,56452.24,Low
project_02897,IoT,Medium,8,8,2,16,17,5.6,35.8,Intermediate,Medium,18934.39,893358.56,Medium
project_02898,EdTech,High,10,6,2,12,21,6.9,55.2,Intermediate,High,25958.91,1399558.16,High
project_02899,EdTech,Low,3,3,2,6,15,2.3,5.5,Basic,Low,1601.53,59016.12,Low
project_02900,IoT,Medium,6,6,2,12,16,4.7,22.6,Intermediate,Medium,11068.46,501526.94,Medium
project_02901,Healthcare,High,11,11,2,22,26,7.3,64.2,Intermediate,High,49360.26,3163100.86,High
project_02902,SaaS,Low,4,3,2,6,11,3.8,12.2,Basic,Low,2008.19,73590.71,Low
project_02903,EdTech,Medium,5,8,2,16,22,4.5,18.0,Intermediate,Low,12026.75,515547.59,Medium
project_02904,SaaS,High,12,7,2,14,30,7.5,72.0,Advanced,High,43312.93,2356551.05,High
project_02905,SaaS,Low,4,2,2,4,11,3.2,10.2,Basic,Medium,1567.92,63364.88,Low
project_02906,IoT,Medium,5,5,2,10,17,4.6,18.4,Intermediate,Medium,7614.3,381520.66,Medium
project_02907,Healthcare,High,12,11,2,22,21,7.4,71.0,Advanced,High,66187.71,3607815.93,High
project_02908,SaaS,Low,4,3,2,6,15,3.6,11.5,Basic,Low,2215.11,74468.87,Low
project_02909,Cloud System,Medium,5,6,2,12,22,5.6,22.4,Basic,Medium,7933.61,399592.79,Medium
project_02910,IoT,High,8,12,2,24,28,6.6,42.2,Advanced,High,49393.35,2555218.62,High
project_02911,EdTech,Low,5,3,2,6,10,3.6,14.4,Basic,Low,2483.74,99638.65,Low
project_02912,EdTech,Medium,5,4,2,8,22,5.3,21.2,Intermediate,High,7455.55,386658.97,High
project_02913,EdTech,High,8,7,2,14,22,5.1,32.6,Advanced,Medium,25558.74,1466446.31,High
project_02914,Cloud System,Low,4,3,2,6,11,3.5,11.2,Basic,Medium,2195.52,79649.58,Low
project_02915,EdTech,Medium,5,4,2,8,22,5.8,23.2,Intermediate,Medium,6973.66,297245.19,Medium
project_02916,AI Platform,High,10,12,2,24,28,5.8,46.4,Advanced,High,64296.0,3582004.2,High
project_02917,FinTech,Low,4,3,2,6,11,3.4,10.9,Basic,Low,2001.16,76561.38,Low
project_02918,E-commerce,Medium,6,8,2,16,16,5.7,27.4,Basic,High,13084.8,646890.31,High
project_02919,FinTech,High,9,8,2,16,26,7.4,53.3,Intermediate,High,30670.97,1663469.01,High
project_02920,FinTech,Low,4,2,2,4,10,3.6,11.5,Basic,Low,1361.0,52050.57,Low
project_02921,AI Platform,Medium,5,6,2,12,19,5.2,20.8,Basic,High,8960.12,395362.4,High
project_02922,Healthcare,High,11,12,2,24,21,7.8,68.6,Intermediate,High,57816.72,2838311.54,High
project_02923,FinTech,Low,4,3,2,6,14,3.9,12.5,Basic,Medium,2461.59,89433.37,Low
project_02924,FinTech,Medium,8,8,2,16,21,4.4,28.2,Intermediate,Low,17348.64,727205.91,Medium
project_02925,EdTech,High,12,10,2,20,29,7.5,72.0,Advanced,High,61142.89,3366923.65,High
project_02926,EdTech,Low,4,3,2,6,10,3.1,9.9,Basic,Low,2036.39,76203.22,Low
project_02927,FinTech,Medium,5,4,2,8,18,5.6,22.4,Intermediate,Low,6221.6,285857.63,Medium
project_02928,SaaS,High,12,9,2,18,21,6.4,61.4,Advanced,Medium,47508.0,2775983.39,High
project_02929,AI Platform,Low,3,2,2,4,15,2.5,6.0,Basic,Low,1118.09,40179.68,Low
project_02930,EdTech,Medium,6,6,2,12,16,4.6,22.1,Basic,Low,7945.46,381237.16,Medium
project_02931,Cloud System,High,10,10,2,20,22,7.3,58.4,Advanced,High,53145.17,3067867.69,High
project_02932,AI Platform,Low,3,2,2,4,14,3.3,7.9,Basic,Low,1143.98,38254.74,Low
project_02933,Cloud System,Medium,5,8,2,16,16,4.2,16.8,Intermediate,Medium,11788.32,514637.55,Medium
project_02934,EdTech,High,9,9,2,18,25,5.3,38.2,Intermediate,Medium,31839.51,1572023.31,High
project_02935,EdTech,Low,5,3,2,6,15,2.5,10.0,Basic,Low,2667.4,82961.57,Low
project_02936,EdTech,Medium,6,4,2,8,19,4.7,22.6,Intermediate,Medium,8145.29,334634.85,Medium
project_02937,IoT,High,10,8,2,16,27,7.6,60.8,Advanced,Medium,36380.34,1936224.22,High
project_02938,FinTech,Low,4,4,2,8,12,3.2,10.2,Basic,Medium,2962.48,112913.52,Low
project_02939,FinTech,Medium,6,8,2,16,16,4.2,20.2,Intermediate,Medium,14056.23,688891.55,Medium
project_02940,Cloud System,High,9,12,2,24,25,5.4,38.9,Advanced,High,55300.45,3182178.9,High
project_02941,Cloud System,Low,3,2,2,4,11,3.5,8.4,Basic,Low,1081.9,36534.6,Low
project_02942,EdTech,Medium,5,6,2,12,20,4.9,19.6,Intermediate,Medium,9164.12,380387.28,Medium
project_02943,IoT,High,12,7,2,14,29,8.0,76.8,Advanced,High,46400.6,2286667.0,High
project_02944,E-commerce,Low,3,4,2,8,10,2.6,6.2,Basic,Medium,2207.81,73266.56,Low
project_02945,IoT,Medium,7,4,2,8,17,5.4,30.2,Basic,Low,6590.32,303404.84,Medium
project_02946,AI Platform,High,8,10,2,20,23,7.8,49.9,Advanced,High,43852.81,2240657.19,High
project_02947,EdTech,Low,4,3,2,6,13,3.3,10.6,Basic,Medium,2274.36,80282.17,Low
project_02948,AI Platform,Medium,8,8,2,16,21,4.8,30.7,Intermediate,Low,18096.24,807826.79,Medium
project_02949,Cloud System,High,12,11,2,22,28,6.7,64.3,Advanced,High,67350.42,3453364.08,High
project_02950,SaaS,Low,3,2,2,4,13,2.3,5.5,Basic,Low,1122.59,38701.75,Low
project_02951,SaaS,Medium,6,4,2,8,17,5.0,24.0,Basic,Medium,6023.88,264839.57,Medium
project_02952,FinTech,High,12,7,2,14,26,7.5,72.0,Advanced,High,45325.73,2525036.9,High
project_02953,IoT,Low,3,2,2,4,12,2.5,6.0,Basic,Low,1045.71,37300.02,Low
project_02954,FinTech,Medium,5,5,2,10,21,4.8,19.2,Basic,Medium,6433.07,309924.88,Medium
project_02955,Healthcare,High,10,10,2,20,27,7.4,59.2,Advanced,Medium,46008.52,2480008.68,High
project_02956,IoT,Low,5,2,2,4,12,2.6,10.4,Basic,Low,1654.44,61830.37,Low
project_02957,E-commerce,Medium,5,4,2,8,21,5.0,20.0,Basic,High,6366.79,257799.92,High
project_02958,Cloud System,High,9,12,2,24,21,6.5,46.8,Intermediate,Medium,41614.31,2022643.94,High
project_02959,Healthcare,Low,5,3,2,6,15,2.2,8.8,Basic,Medium,2817.48,85589.26,Low
project_02960,Healthcare,Medium,7,5,2,10,16,5.2,29.1,Basic,Low,8253.61,337852.71,Medium
project_02961,AI Platform,High,10,10,2,20,26,5.6,44.8,Intermediate,High,43855.9,2630869.65,High
project_02962,FinTech,Low,3,4,2,8,13,3.6,8.6,Basic,Low,2015.88,70394.74,Low
project_02963,Cloud System,Medium,7,6,2,12,16,4.2,23.5,Intermediate,Medium,13466.21,586716.89,Medium
project_02964,EdTech,High,11,8,2,16,25,7.4,65.1,Advanced,High,45751.95,2643409.75,High
project_02965,AI Platform,Low,4,3,2,6,14,2.1,6.7,Basic,Medium,2258.11,86997.68,Low
project_02966,Healthcare,Medium,6,6,2,12,19,5.6,26.9,Intermediate,Low,10814.41,529669.94,Medium
project_02967,Cloud System,High,10,11,2,22,26,5.6,44.8,Advanced,Medium,48479.02,2968851.92,High
project_02968,Cloud System,Low,5,3,2,6,10,2.3,9.2,Basic,Low,2412.27,76983.18,Low
project_02969,Healthcare,Medium,6,4,2,8,21,5.2,25.0,Basic,Low,5802.11,227476.09,Medium
project_02970,Cloud System,High,10,12,2,24,28,6.3,50.4,Intermediate,High,51377.65,3135332.96,High
project_02971,Cloud System,Low,3,2,2,4,15,2.4,5.8,Basic,Low,1106.52,45444.9,Low
project_02972,FinTech,Medium,7,8,2,16,20,4.7,26.3,Intermediate,Medium,17557.12,771664.4,Medium
project_02973,SaaS,High,9,11,2,22,23,6.9,49.7,Advanced,High,51831.45,2906832.83,High
project_02974,SaaS,Low,4,3,2,6,11,2.6,8.3,Basic,Low,2057.67,67585.97,Low
project_02975,Cloud System,Medium,6,8,2,16,22,6.0,28.8,Intermediate,Medium,15568.83,623146.07,Medium
project_02976,E-commerce,High,8,11,2,22,30,5.5,35.2,Intermediate,High,36577.06,2131670.67,High
project_02977,SaaS,Low,4,4,2,8,15,3.0,9.6,Basic,Low,2868.02,96824.77,Low
project_02978,SaaS,Medium,6,7,2,14,17,5.6,26.9,Basic,Medium,10547.34,473453.21,Medium
project_02979,Cloud System,High,12,7,2,14,30,6.3,60.5,Advanced,High,44106.31,2274510.46,High
project_02980,AI Platform,Low,4,3,2,6,12,3.4,10.9,Basic,Low,2151.88,80761.71,Low
project_02981,IoT,Medium,7,5,2,10,20,5.5,30.8,Intermediate,Medium,11192.11,552972.61,Medium
project_02982,E-commerce,High,9,8,2,16,21,7.6,54.7,Advanced,High,36941.89,2101352.64,High
project_02983,SaaS,Low,5,4,2,8,11,3.2,12.8,Basic,Low,3264.46,109779.13,Low
project_02984,AI Platform,Medium,8,4,2,8,17,4.9,31.4,Basic,Medium,8292.28,369637.71,Medium
project_02985,AI Platform,High,11,7,2,14,30,6.3,55.4,Advanced,High,38554.96,2339626.61,High
project_02986,FinTech,Low,3,3,2,6,15,2.4,5.8,Basic,Low,1536.03,53882.17,Low
project_02987,AI Platform,Medium,5,4,2,8,20,4.6,18.4,Basic,Medium,5270.58,228966.5,Medium
project_02988,AI Platform,High,8,12,2,24,25,5.0,32.0,Advanced,Medium,43484.02,2378219.22,High
project_02989,AI Platform,Low,3,3,2,6,10,3.3,7.9,Basic,Low,1641.74,47178.16,Low
project_02990,Healthcare,Medium,8,4,2,8,19,4.2,26.9,Intermediate,Low,8910.8,363143.77,Medium
project_02991,IoT,High,12,10,2,20,20,8.0,76.8,Intermediate,High,53489.19,2808672.88,High
project_02992,IoT,Low,5,2,2,4,10,3.1,12.4,Basic,Medium,1848.03,72204.54,Low
project_02993,AI Platform,Medium,7,7,2,14,18,5.9,33.0,Intermediate,Medium,15298.96,692995.33,Medium
project_02994,Cloud System,High,9,12,2,24,20,5.6,40.3,Advanced,High,53519.17,2926008.76,High
project_02995,E-commerce,Low,5,3,2,6,15,3.3,13.2,Basic,Low,2643.82,80342.12,Low
project_02996,SaaS,Medium,8,5,2,10,16,4.2,26.9,Intermediate,Low,11152.95,492463.52,Medium
project_02997,Healthcare,High,10,8,2,16,25,5.1,40.8,Intermediate,High,35506.62,1962625.51,High
project_02998,AI Platform,Low,4,4,2,8,12,3.3,10.6,Basic,Medium,2865.56,105570.93,Low
project_02999,Cloud System,Medium,6,6,2,12,22,4.4,21.1,Intermediate,Low,10164.5,489535.49,Medium
project_03000,EdTech,High,11,6,2,12,24,7.0,61.6,Intermediate,Medium,26744.35,1403275.86,High
project_03001,IoT,Low,5,3,2,6,13,2.9,11.6,Basic,Medium,2785.96,101089.61,Low
project_03002,EdTech,Medium,6,6,2,12,18,5.9,28.3,Basic,High,10769.43,438874.55,High
project_03003,IoT,High,10,8,2,16,27,7.1,56.8,Advanced,High,40412.84,2117825.93,High
project_03004,AI Platform,Low,3,4,2,8,15,3.6,8.6,Basic,Medium,2379.88,77184.03,Low
project_03005,IoT,Medium,8,8,2,16,22,5.6,35.8,Intermediate,Medium,19333.45,893314.15,Medium
project_03006,SaaS,High,10,11,2,22,24,6.9,55.2,Advanced,Medium,48387.24,2902489.6,High
project_03007,Healthcare,Low,4,3,2,6,11,2.5,8.0,Basic,Medium,2148.77,80392.93,Low
project_03008,AI Platform,Medium,6,6,2,12,16,4.1,19.7,Basic,High,9762.37,506301.12,High
project_03009,IoT,High,8,10,2,20,23,6.1,39.0,Advanced,Medium,38153.57,1852474.07,High
project_03010,E-commerce,Low,4,3,2,6,12,3.1,9.9,Basic,Low,2029.17,80121.12,Low
project_03011,E-commerce,Medium,8,5,2,10,21,4.6,29.4,Basic,Medium,9876.85,473740.81,Medium
project_03012,EdTech,High,11,8,2,16,27,6.8,59.8,Advanced,Medium,40793.66,2283764.61,High
project_03013,Healthcare,Low,4,2,2,4,12,2.6,8.3,Basic,Medium,1529.2,48015.67,Low
project_03014,Cloud System,Medium,5,4,2,8,16,5.4,21.6,Intermediate,High,7667.48,323261.63,High
project_03015,Healthcare,High,8,11,2,22,27,5.8,37.1,Advanced,High,44974.24,2321184.61,High
project_03016,AI Platform,Low,4,4,2,8,14,3.6,11.5,Basic,Low,2805.87,84351.26,Low
project_03017,Healthcare,Medium,5,5,2,10,16,5.1,20.4,Basic,Low,5646.0,233078.57,Medium
project_03018,EdTech,High,12,6,2,12,21,6.1,58.6,Advanced,High,36156.61,2053845.51,High
project_03019,AI Platform,Low,5,4,2,8,12,2.6,10.4,Basic,Medium,3572.3,131577.1,Low
project_03020,FinTech,Medium,8,7,2,14,20,4.5,28.8,Intermediate,Low,15561.29,637522.48,Medium
project_03021,Cloud System,High,8,7,2,14,26,7.3,46.7,Intermediate,High,25728.91,1253946.9,High
project_03022,AI Platform,Low,5,2,2,4,14,2.6,10.4,Basic,Low,1770.27,69192.67,Low
project_03023,EdTech,Medium,7,5,2,10,19,5.1,28.6,Intermediate,Medium,10644.94,531670.85,Medium
project_03024,AI Platform,High,12,9,2,18,23,5.4,51.8,Advanced,Medium,48600.35,2527728.92,High
project_03025,Healthcare,Low,4,2,2,4,14,3.4,10.9,Basic,Low,1504.41,53238.29,Low
project_03026,Healthcare,Medium,6,4,2,8,21,4.4,21.1,Intermediate,Low,7206.85,312160.78,Medium
project_03027,IoT,High,11,8,2,16,29,5.1,44.9,Intermediate,High,37626.51,2169627.59,High
project_03028,Cloud System,Low,4,3,2,6,10,2.6,8.3,Basic,Low,2026.96,75437.51,Low
project_03029,SaaS,Medium,5,8,2,16,20,5.5,22.0,Basic,Medium,10116.19,493173.28,Medium
project_03030,Cloud System,High,11,6,2,12,23,7.0,61.6,Advanced,High,35711.79,1925006.15,High
project_03031,E-commerce,Low,3,2,2,4,11,2.5,6.0,Basic,Low,1056.45,35651.33,Low
project_03032,FinTech,Medium,8,8,2,16,17,5.8,37.1,Basic,Low,14020.96,597371.47,Medium
project_03033,AI Platform,High,9,11,2,22,30,5.9,42.5,Advanced,High,53326.48,2702197.34,High
project_03034,Cloud System,Low,3,3,2,6,11,3.0,7.2,Basic,Low,1525.49,47861.83,Low
project_03035,Healthcare,Medium,7,8,2,16,16,5.7,31.9,Basic,Medium,14139.34,561548.66,Medium
project_03036,FinTech,High,9,6,2,12,23,5.8,41.8,Advanced,Medium,24385.77,1307884.54,High
project_03037,Cloud System,Low,5,4,2,8,13,3.8,15.2,Basic,Low,3481.17,117601.12,Low
project_03038,EdTech,Medium,8,7,2,14,20,5.8,37.1,Intermediate,Medium,17884.37,841389.89,Medium
project_03039,SaaS,High,8,10,2,20,28,5.2,33.3,Advanced,High,40481.28,2257340.13,High
project_03040,AI Platform,Low,4,3,2,6,13,2.9,9.3,Basic,Medium,2206.7,87250.01,Low
project_03041,IoT,Medium,5,6,2,12,16,5.5,22.0,Basic,Medium,7984.86,327775.08,Medium
project_03042,E-commerce,High,12,6,2,12,24,5.6,53.8,Intermediate,High,30566.14,1914702.25,High
project_03043,Healthcare,Low,3,3,2,6,14,3.5,8.4,Basic,Low,1703.15,58509.47,Low
project_03044,AI Platform,Medium,6,4,2,8,16,5.9,28.3,Basic,Low,5671.84,241580.66,Medium
project_03045,FinTech,High,8,8,2,16,21,6.5,41.6,Intermediate,High,28434.2,1630967.91,High
project_03046,EdTech,Low,4,4,2,8,10,4.0,12.8,Basic,Low,2638.04,101948.44,Low
project_03047,Healthcare,Medium,8,4,2,8,17,5.1,32.6,Basic,Low,7060.92,335162.26,Medium
project_03048,Cloud System,High,9,10,2,20,28,7.0,50.4,Advanced,High,45637.66,2761575.46,High
project_03049,FinTech,Low,5,4,2,8,14,3.8,15.2,Basic,Low,3472.56,127416.66,Low
project_03050,FinTech,Medium,5,5,2,10,22,4.1,16.4,Basic,Medium,6785.45,258802.15,Medium
project_03051,FinTech,High,10,11,2,22,28,6.8,54.4,Advanced,High,59262.45,3219408.12,High
project_03052,IoT,Low,5,2,2,4,15,3.4,13.6,Basic,Low,1756.1,61081.32,Low
project_03053,FinTech,Medium,6,4,2,8,19,4.6,22.1,Basic,High,7338.42,351678.78,High
project_03054,Healthcare,High,8,8,2,16,21,6.7,42.9,Intermediate,High,27332.47,1474302.03,High
project_03055,SaaS,Low,4,2,2,4,10,2.5,8.0,Basic,Low,1358.76,44845.13,Low
project_03056,EdTech,Medium,6,7,2,14,16,4.5,21.6,Intermediate,Medium,12647.87,575303.26,Medium
project_03057,EdTech,High,12,9,2,18,28,7.1,68.2,Advanced,Medium,49810.96,2399618.09,High
project_03058,Healthcare,Low,3,3,2,6,12,2.9,7.0,Basic,Medium,1807.86,52244.71,Low
project_03059,Cloud System,Medium,5,8,2,16,15,4.3,17.2,Intermediate,Low,11543.64,550927.75,Medium
project_03060,EdTech,High,8,8,2,16,21,5.8,37.1,Advanced,High,33581.64,1686980.25,High
project_03061,FinTech,Low,3,3,2,6,11,2.3,5.5,Basic,Low,1586.79,63268.71,Low
project_03062,E-commerce,Medium,5,5,2,10,17,4.7,18.8,Intermediate,High,9500.72,420909.3,High
project_03063,SaaS,High,11,11,2,22,28,7.7,67.8,Intermediate,Medium,47009.81,2565410.09,High
project_03064,SaaS,Low,5,3,2,6,11,3.5,14.0,Basic,Low,2642.7,95462.56,Low
project_03065,FinTech,Medium,8,4,2,8,18,4.8,30.7,Basic,High,9056.26,380640.26,High
project_03066,AI Platform,High,9,6,2,12,27,6.9,49.7,Advanced,High,30208.27,1580829.85,High
project_03067,SaaS,Low,5,2,2,4,11,3.3,13.2,Basic,Low,1712.45,64789.5,Low
project_03068,IoT,Medium,7,6,2,12,19,5.2,29.1,Intermediate,High,14795.66,738270.81,High
project_03069,SaaS,High,9,10,2,20,24,7.9,56.9,Intermediate,High,39507.57,1926703.66,High
project_03070,Healthcare,Low,4,2,2,4,13,3.6,11.5,Basic,Low,1414.22,51561.93,Low
project_03071,E-commerce,Medium,8,5,2,10,18,4.1,26.2,Basic,Medium,10315.91,451130.52,Medium
project_03072,IoT,High,12,9,2,18,26,7.9,75.8,Advanced,High,53323.18,2740020.1,High
project_03073,IoT,Low,5,4,2,8,13,3.6,14.4,Basic,Low,3313.54,135706.92,Low
project_03074,E-commerce,Medium,6,6,2,12,19,5.4,25.9,Intermediate,Medium,11658.39,503608.22,Medium
project_03075,FinTech,High,10,11,2,22,21,6.9,55.2,Advanced,High,55544.39,3075854.12,High
project_03076,IoT,Low,3,2,2,4,15,2.3,5.5,Basic,Low,1049.17,35335.37,Low
project_03077,E-commerce,Medium,6,6,2,12,16,5.9,28.3,Basic,Medium,8950.18,377853.17,Medium
project_03078,Cloud System,High,8,10,2,20,23,7.3,46.7,Advanced,High,40779.36,2225821.86,High
project_03079,Healthcare,Low,4,4,2,8,12,3.4,10.9,Basic,Low,2754.95,105403.75,Low
project_03080,SaaS,Medium,8,4,2,8,22,4.5,28.8,Intermediate,Low,9088.29,444159.12,Medium
project_03081,SaaS,High,8,10,2,20,20,5.5,35.2,Intermediate,Medium,29585.86,1762225.54,High
project_03082,Cloud System,Low,4,4,2,8,15,2.5,8.0,Basic,Medium,2945.05,88964.73,Low
project_03083,Healthcare,Medium,7,8,2,16,16,5.8,32.5,Intermediate,High,20463.25,834585.96,High
project_03084,AI Platform,High,12,11,2,22,21,7.6,73.0,Advanced,High,70252.39,3651010.36,High
project_03085,Healthcare,Low,4,4,2,8,14,3.5,11.2,Basic,Medium,3157.53,116966.77,Low
project_03086,Cloud System,Medium,5,7,2,14,22,4.9,19.6,Intermediate,Low,10401.55,490677.51,Medium
project_03087,EdTech,High,9,10,2,20,21,6.5,46.8,Intermediate,High,37532.29,1967274.88,High
project_03088,IoT,Low,3,3,2,6,10,2.5,6.0,Basic,Low,1602.96,59533.37,Low
project_03089,Cloud System,Medium,8,8,2,16,22,5.5,35.2,Intermediate,High,23107.34,1056421.25,High
project_03090,FinTech,High,11,6,2,12,25,8.0,70.4,Advanced,High,35790.75,2058148.64,High
project_03091,Healthcare,Low,3,3,2,6,14,2.4,5.8,Basic,Medium,1692.4,54076.12,Low
project_03092,Healthcare,Medium,6,8,2,16,16,4.3,20.6,Basic,Low,10412.04,457095.69,Medium
project_03093,SaaS,High,12,11,2,22,30,6.6,63.4,Advanced,High,65073.32,3868993.39,High
project_03094,Healthcare,Low,4,3,2,6,14,2.5,8.0,Basic,Low,2024.44,75689.25,Low
project_03095,Healthcare,Medium,5,6,2,12,18,5.8,23.2,Intermediate,High,10870.67,512979.05,High
project_03096,Cloud System,High,10,12,2,24,20,7.1,56.8,Advanced,Medium,54528.91,2792537.46,High
project_03097,IoT,Low,5,3,2,6,13,3.0,12.0,Basic,Low,2672.47,86395.27,Low
project_03098,Cloud System,Medium,7,5,2,10,21,5.5,30.8,Intermediate,Medium,10874.36,539388.94,Medium
project_03099,IoT,High,8,8,2,16,28,7.1,45.4,Advanced,Medium,29103.25,1548200.01,High
project_03100,AI Platform,Low,4,3,2,6,10,2.2,7.0,Basic,Low,2002.69,72740.48,Low
project_03101,Healthcare,Medium,8,6,2,12,21,4.1,26.2,Intermediate,Medium,14516.58,759332.9,Medium
project_03102,AI Platform,High,8,10,2,20,30,7.5,48.0,Intermediate,High,33932.96,1949791.05,High
project_03103,IoT,Low,3,2,2,4,11,3.9,9.4,Basic,Low,1131.72,35775.37,Low
project_03104,Cloud System,Medium,5,6,2,12,21,5.7,22.8,Intermediate,Medium,9967.96,445129.96,Medium
project_03105,Cloud System,High,10,11,2,22,24,5.7,45.6,Intermediate,Medium,40762.21,2217392.75,High
project_03106,Cloud System,Low,3,2,2,4,13,3.8,9.1,Basic,Medium,1226.35,48809.52,Low
project_03107,Healthcare,Medium,5,4,2,8,22,4.1,16.4,Intermediate,Medium,6620.15,290822.5,Medium
project_03108,FinTech,High,9,6,2,12,27,5.4,38.9,Advanced,Medium,25360.46,1524309.31,High
project_03109,FinTech,Low,5,2,2,4,13,2.0,8.0,Basic,Low,1735.79,54256.2,Low
project_03110,IoT,Medium,7,7,2,14,19,5.7,31.9,Intermediate,High,17403.95,814182.02,High
project_03111,AI Platform,High,10,8,2,16,25,7.9,63.2,Advanced,Medium,37820.64,2192045.37,High
project_03112,AI Platform,Low,4,2,2,4,15,3.7,11.8,Basic,Low,1459.4,60607.42,Low
project_03113,FinTech,Medium,6,5,2,10,15,5.7,27.4,Basic,Medium,7790.93,361413.05,Medium
project_03114,FinTech,High,8,10,2,20,28,5.5,35.2,Intermediate,Medium,31639.01,1508678.12,High
project_03115,FinTech,Low,5,3,2,6,13,3.9,15.6,Basic,Medium,2768.35,96219.07,Low
project_03116,SaaS,Medium,6,5,2,10,22,5.3,25.4,Intermediate,High,10905.63,562915.96,High
project_03117,FinTech,High,11,11,2,22,26,7.3,64.2,Intermediate,Medium,45385.59,2719595.78,High
project_03118,E-commerce,Low,4,4,2,8,14,3.2,10.2,Basic,Low,2752.6,97411.02,Low
project_03119,Cloud System,Medium,5,8,2,16,17,5.6,22.4,Intermediate,High,13621.91,576843.11,High
project_03120,Cloud System,High,10,7,2,14,30,5.0,40.0,Advanced,High,37779.84,1868177.02,High
project_03121,EdTech,Low,5,4,2,8,13,2.6,10.4,Basic,Medium,3696.64,123298.89,Low
project_03122,IoT,Medium,7,7,2,14,22,5.9,33.0,Intermediate,Medium,14861.81,676111.22,Medium
project_03123,Healthcare,High,10,6,2,12,20,6.7,53.6,Advanced,High,30514.87,1828200.32,High
project_03124,EdTech,Low,4,4,2,8,14,2.9,9.3,Basic,Low,2680.15,99728.74,Low
project_03125,IoT,Medium,6,7,2,14,16,4.8,23.0,Intermediate,Low,11409.04,515630.26,Medium
project_03126,EdTech,High,12,10,2,20,22,7.7,73.9,Intermediate,High,49719.22,3056031.54,High
project_03127,AI Platform,Low,3,4,2,8,12,3.8,9.1,Basic,Low,2153.42,82485.88,Low
project_03128,Healthcare,Medium,7,6,2,12,22,5.5,30.8,Intermediate,Low,12103.27,482136.1,Medium
project_03129,E-commerce,High,10,7,2,14,23,7.6,60.8,Intermediate,High,32074.37,1690854.43,High
project_03130,AI Platform,Low,5,2,2,4,14,2.5,10.0,Basic,Medium,1885.46,69441.93,Low
project_03131,AI Platform,Medium,7,4,2,8,19,6.0,33.6,Intermediate,Low,8090.31,330052.26,Medium
project_03132,AI Platform,High,11,7,2,14,23,6.1,53.7,Advanced,High,41077.94,2277746.83,High
project_03133,E-commerce,Low,3,4,2,8,14,2.2,5.3,Basic,Low,2048.59,77172.53,Low
project_03134,IoT,Medium,5,6,2,12,19,5.8,23.2,Basic,Low,7036.98,305960.55,Medium
project_03135,E-commerce,High,12,10,2,20,21,5.4,51.8,Intermediate,High,48830.81,2697999.21,High
project_03136,E-commerce,Low,3,4,2,8,11,3.8,9.1,Basic,Low,2015.46,83073.23,Low
project_03137,E-commerce,Medium,5,4,2,8,16,5.6,22.4,Basic,Low,4669.55,201130.89,Medium
project_03138,EdTech,High,11,12,2,24,30,7.7,67.8,Advanced,High,67660.85,4103325.82,High
project_03139,FinTech,Low,5,3,2,6,13,2.0,8.0,Basic,Medium,2742.83,91577.59,Low
project_03140,E-commerce,Medium,8,6,2,12,16,5.7,36.5,Intermediate,Low,14169.93,652772.81,Medium
project_03141,FinTech,High,8,7,2,14,26,7.7,49.3,Advanced,High,30125.13,1592826.63,High
project_03142,AI Platform,Low,4,3,2,6,15,3.5,11.2,Basic,Medium,2379.95,79106.29,Low
project_03143,SaaS,Medium,5,8,2,16,16,4.5,18.0,Intermediate,Low,10922.96,542709.15,Medium
project_03144,Healthcare,High,11,12,2,24,23,7.3,64.2,Advanced,Medium,59844.1,3501935.44,High
project_03145,Healthcare,Low,4,3,2,6,12,2.1,6.7,Basic,Medium,2129.89,70042.69,Low
project_03146,IoT,Medium,6,7,2,14,21,5.8,27.8,Basic,Medium,11039.11,439652.17,Medium
project_03147,FinTech,High,9,10,2,20,23,6.8,49.0,Advanced,High,44401.39,2565461.14,High
project_03148,AI Platform,Low,5,4,2,8,14,2.4,9.6,Basic,Low,3499.8,104338.75,Low
project_03149,AI Platform,Medium,6,8,2,16,16,4.2,20.2,Basic,Medium,11223.9,479029.37,Medium
project_03150,Cloud System,High,11,8,2,16,23,7.4,65.1,Intermediate,High,36689.16,2222886.69,High
project_03151,EdTech,Low,5,4,2,8,15,2.7,10.8,Basic,Low,3497.88,111513.14,Low
project_03152,Cloud System,Medium,7,7,2,14,20,4.4,24.6,Basic,Low,11197.01,485673.33,Medium
project_03153,Cloud System,High,8,10,2,20,26,7.4,47.4,Advanced,High,42270.9,2254658.51,High
project_03154,EdTech,Low,4,3,2,6,15,2.4,7.7,Basic,Medium,2369.65,71864.33,Low
project_03155,IoT,Medium,7,5,2,10,17,5.1,28.6,Intermediate,High,12550.6,622988.88,High
project_03156,AI Platform,High,8,7,2,14,20,5.7,36.5,Advanced,High,28700.24,1442086.71,High
project_03157,FinTech,Low,4,2,2,4,15,3.1,9.9,Basic,Low,1403.37,53807.15,Low
project_03158,AI Platform,Medium,5,6,2,12,20,4.6,18.4,Basic,Medium,7442.58,319582.34,Medium
project_03159,AI Platform,High,12,7,2,14,27,6.5,62.4,Advanced,High,42159.39,2419706.95,High
project_03160,FinTech,Low,5,2,2,4,10,3.6,14.4,Basic,Medium,1924.61,65314.9,Low
project_03161,FinTech,Medium,7,8,2,16,21,4.3,24.1,Intermediate,Low,16492.98,711699.29,Medium
project_03162,AI Platform,High,12,6,2,12,22,7.5,72.0,Intermediate,High,30954.57,1604547.58,High
project_03163,Cloud System,Low,3,3,2,6,15,3.6,8.6,Basic,Low,1715.28,57445.41,Low
project_03164,AI Platform,Medium,5,6,2,12,15,5.0,20.0,Intermediate,Medium,9333.45,469650.36,Medium
project_03165,Cloud System,High,12,8,2,16,25,7.8,74.9,Intermediate,High,40338.77,2387367.63,High
project_03166,E-commerce,Low,3,3,2,6,10,3.7,8.9,Basic,Medium,1667.83,58131.39,Low
project_03167,Cloud System,Medium,5,6,2,12,22,5.6,22.4,Intermediate,High,10768.94,499237.92,High
project_03168,SaaS,High,8,7,2,14,29,6.1,39.0,Advanced,High,30775.85,1748777.08,High
project_03169,Cloud System,Low,4,4,2,8,10,2.5,8.0,Basic,Medium,2941.57,94456.26,Low
project_03170,SaaS,Medium,7,4,2,8,18,5.0,28.0,Basic,High,7771.27,349010.3,High
project_03171,SaaS,High,10,6,2,12,21,7.1,56.8,Intermediate,High,27497.91,1488271.46,High
project_03172,Healthcare,Low,5,3,2,6,10,2.9,11.6,Basic,Low,2602.76,75423.79,Low
project_03173,FinTech,Medium,7,5,2,10,20,5.9,33.0,Basic,Low,8211.29,359816.14,Medium
project_03174,Healthcare,High,12,9,2,18,20,5.8,55.7,Advanced,High,53594.09,3117124.79,High
project_03175,Cloud System,Low,4,3,2,6,14,2.5,8.0,Basic,Low,2040.49,64681.75,Low
project_03176,Cloud System,Medium,6,5,2,10,22,4.5,21.6,Basic,Medium,7686.64,320268.35,Medium
project_03177,Cloud System,High,9,6,2,12,21,5.7,41.0,Advanced,High,27093.71,1601987.96,High
project_03178,E-commerce,Low,3,2,2,4,12,2.0,4.8,Basic,Low,1091.41,34169.27,Low
project_03179,IoT,Medium,6,8,2,16,20,5.2,25.0,Basic,Medium,11555.29,604615.57,Medium
project_03180,SaaS,High,9,12,2,24,22,6.0,43.2,Advanced,Medium,47146.26,2630034.24,High
project_03181,FinTech,Low,3,3,2,6,11,2.4,5.8,Basic,Medium,1667.41,52625.12,Low
project_03182,Healthcare,Medium,8,6,2,12,15,4.6,29.4,Intermediate,High,17066.1,711165.28,High
project_03183,Cloud System,High,11,12,2,24,30,7.9,69.5,Advanced,Medium,59372.51,3359996.79,High
project_03184,FinTech,Low,5,3,2,6,11,4.0,16.0,Basic,Medium,2806.09,86262.66,Low
project_03185,E-commerce,Medium,7,6,2,12,19,4.5,25.2,Intermediate,Medium,13136.42,537647.78,Medium
project_03186,Cloud System,High,8,7,2,14,25,7.8,49.9,Advanced,Medium,27058.16,1536455.49,High
project_03187,E-commerce,Low,3,3,2,6,11,3.8,9.1,Basic,Low,1660.58,60765.63,Low
project_03188,EdTech,Medium,5,4,2,8,21,4.5,18.0,Intermediate,High,7797.92,338968.22,High
project_03189,Cloud System,High,12,8,2,16,20,7.9,75.8,Advanced,High,47142.14,3010329.57,High
project_03190,Healthcare,Low,5,4,2,8,10,2.8,11.2,Basic,Low,3462.44,121786.33,Low
project_03191,AI Platform,Medium,7,7,2,14,22,5.4,30.2,Intermediate,Medium,16025.57,722968.28,Medium
project_03192,SaaS,High,11,6,2,12,21,7.6,66.9,Advanced,High,33280.72,1715123.15,High
project_03193,E-commerce,Low,4,4,2,8,10,3.7,11.8,Basic,Low,2813.14,86515.6,Low
project_03194,Cloud System,Medium,5,4,2,8,17,4.2,16.8,Intermediate,Low,5768.01,249295.77,Medium
project_03195,E-commerce,High,12,12,2,24,28,6.3,60.5,Advanced,Medium,62403.67,3349855.13,High
project_03196,IoT,Low,4,3,2,6,13,2.2,7.0,Basic,Medium,2280.26,84832.03,Low
project_03197,EdTech,Medium,7,4,2,8,16,4.8,26.9,Basic,Medium,6988.7,333349.75,Medium
project_03198,EdTech,High,8,9,2,18,21,6.5,41.6,Advanced,Medium,33565.46,1755794.13,High
project_03199,Healthcare,Low,3,2,2,4,14,3.0,7.2,Basic,Low,1175.17,39258.54,Low
project_03200,FinTech,Medium,5,7,2,14,21,4.4,17.6,Intermediate,High,13003.32,579169.75,High
project_03201,FinTech,High,10,12,2,24,26,5.6,44.8,Advanced,High,62063.16,3534841.97,High
project_03202,Cloud System,Low,5,4,2,8,10,3.7,14.8,Basic,Medium,3746.28,138574.08,Low
project_03203,Cloud System,Medium,7,6,2,12,20,4.2,23.5,Intermediate,Medium,12738.41,591795.94,Medium
project_03204,SaaS,High,9,9,2,18,28,5.7,41.0,Advanced,High,42334.17,2318081.54,High
project_03205,EdTech,Low,5,2,2,4,13,2.0,8.0,Basic,Low,1705.29,53442.72,Low
project_03206,Healthcare,Medium,8,8,2,16,18,4.1,26.2,Intermediate,Medium,20110.62,957766.94,Medium
project_03207,FinTech,High,12,10,2,20,30,7.9,75.8,Intermediate,High,49956.17,3064743.0,High
project_03208,SaaS,Low,3,2,2,4,10,3.3,7.9,Basic,Low,1051.86,34585.41,Low
project_03209,E-commerce,Medium,5,6,2,12,21,5.0,20.0,Basic,Medium,7479.85,339674.58,Medium
project_03210,FinTech,High,9,10,2,20,21,7.2,51.8,Advanced,High,48009.69,2349265.23,High
project_03211,Cloud System,Low,4,4,2,8,12,3.6,11.5,Basic,Low,2832.09,83622.09,Low
project_03212,Cloud System,Medium,5,4,2,8,15,5.8,23.2,Intermediate,Low,5773.38,256547.13,Medium
project_03213,AI Platform,High,9,8,2,16,30,7.5,54.0,Advanced,High,36947.19,1945110.84,High
project_03214,AI Platform,Low,3,3,2,6,12,3.7,8.9,Basic,Low,1649.32,58833.49,Low
project_03215,E-commerce,Medium,6,8,2,16,16,4.4,21.1,Intermediate,High,17532.53,745689.48,High
project_03216,SaaS,High,8,8,2,16,22,7.0,44.8,Advanced,High,34255.17,1783003.4,High
project_03217,FinTech,Low,4,2,2,4,12,2.9,9.3,Basic,Low,1367.83,54311.6,Low
project_03218,SaaS,Medium,6,4,2,8,21,4.0,19.2,Intermediate,Medium,7815.91,311466.58,Medium
project_03219,Cloud System,High,12,6,2,12,23,6.9,66.2,Advanced,High,37401.81,2016850.68,High
project_03220,Healthcare,Low,4,3,2,6,10,3.9,12.5,Basic,Medium,2346.09,73080.53,Low
project_03221,EdTech,Medium,5,8,2,16,20,5.0,20.0,Intermediate,High,15033.15,665608.57,High
project_03222,SaaS,High,9,12,2,24,24,7.1,51.1,Intermediate,High,47277.28,2740382.57,High
project_03223,AI Platform,Low,5,2,2,4,15,2.6,10.4,Basic,Low,1818.7,59704.41,Low
project_03224,E-commerce,Medium,7,4,2,8,20,4.8,26.9,Intermediate,Low,8120.7,330692.92,Medium
project_03225,FinTech,High,8,6,2,12,22,6.7,42.9,Advanced,High,24317.74,1419934.16,High
project_03226,FinTech,Low,5,2,2,4,14,3.5,14.0,Basic,Low,1833.11,74268.81,Low
project_03227,Cloud System,Medium,5,7,2,14,15,5.0,20.0,Intermediate,Low,10215.07,503694.76,Medium
project_03228,SaaS,High,8,12,2,24,29,6.5,41.6,Intermediate,High,41578.86,2164323.7,High
project_03229,E-commerce,Low,4,2,2,4,11,3.3,10.6,Basic,Low,1389.65,53333.78,Low
project_03230,EdTech,Medium,5,5,2,10,15,5.0,20.0,Intermediate,High,8666.96,413545.37,High
project_03231,AI Platform,High,12,6,2,12,30,7.9,75.8,Intermediate,Medium,27521.71,1429243.66,High
project_03232,SaaS,Low,4,4,2,8,15,3.8,12.2,Basic,Low,2779.31,88028.28,Low
project_03233,Cloud System,Medium,6,4,2,8,16,5.4,25.9,Basic,Low,5910.04,241160.47,Medium
project_03234,EdTech,High,8,10,2,20,24,5.4,34.6,Intermediate,High,33017.89,1817590.53,High
project_03235,FinTech,Low,5,3,2,6,11,3.3,13.2,Basic,Low,2643.16,96642.5,Low
project_03236,FinTech,Medium,8,4,2,8,15,4.7,30.1,Basic,Low,7419.43,312578.15,Medium
project_03237,FinTech,High,10,12,2,24,28,7.6,60.8,Intermediate,Medium,43349.85,2294533.26,High
project_03238,EdTech,Low,3,2,2,4,14,3.6,8.6,Basic,Medium,1275.76,44644.99,Low
project_03239,FinTech,Medium,8,7,2,14,16,5.6,35.8,Intermediate,Low,15396.04,653255.44,Medium
project_03240,SaaS,High,9,11,2,22,26,6.6,47.5,Advanced,High,51852.45,2707325.5,High
project_03241,EdTech,Low,4,3,2,6,13,2.3,7.4,Basic,Low,1963.53,72696.18,Low
project_03242,E-commerce,Medium,7,5,2,10,17,4.5,25.2,Basic,Medium,8532.3,405540.06,Medium
project_03243,AI Platform,High,11,7,2,14,25,5.9,51.9,Intermediate,High,34316.02,1966061.14,High
project_03244,Cloud System,Low,3,3,2,6,13,2.3,5.5,Basic,Low,1600.0,61100.62,Low
project_03245,SaaS,Medium,7,5,2,10,16,5.7,31.9,Intermediate,Low,10331.28,405695.14,Medium
project_03246,IoT,High,10,7,2,14,30,7.4,59.2,Advanced,Medium,34481.06,1680981.45,High
project_03247,FinTech,Low,3,2,2,4,11,2.4,5.8,Basic,Low,1076.75,32326.26,Low
project_03248,IoT,Medium,8,5,2,10,21,5.0,32.0,Basic,Low,9522.96,389366.85,Medium
project_03249,E-commerce,High,11,11,2,22,22,6.9,60.7,Intermediate,High,50188.69,2730341.88,High
project_03250,IoT,Low,3,2,2,4,11,3.3,7.9,Basic,Low,1056.41,32527.95,Low
project_03251,SaaS,Medium,8,7,2,14,20,4.2,26.9,Intermediate,Medium,17104.35,754364.65,Medium
project_03252,FinTech,High,8,6,2,12,21,6.3,40.3,Advanced,Medium,22401.63,1201617.52,High
project_03253,IoT,Low,3,3,2,6,12,3.8,9.1,Basic,Low,1666.46,57641.81,Low
project_03254,Cloud System,Medium,6,6,2,12,18,4.7,22.6,Intermediate,Medium,11130.4,516540.58,Medium
project_03255,Healthcare,High,8,10,2,20,26,5.6,35.8,Advanced,Medium,35269.23,1806957.28,High
project_03256,Healthcare,Low,4,3,2,6,12,3.1,9.9,Basic,Medium,2203.4,82720.72,Low
project_03257,FinTech,Medium,7,7,2,14,18,4.0,22.4,Intermediate,Low,13578.58,665140.07,Medium
project_03258,IoT,High,10,8,2,16,24,7.7,61.6,Advanced,High,43052.78,2292500.54,High
project_03259,EdTech,Low,5,2,2,4,14,2.6,10.4,Basic,Low,1747.75,57429.52,Low
project_03260,E-commerce,Medium,6,6,2,12,18,5.8,27.8,Intermediate,High,12462.65,609898.45,High
project_03261,Cloud System,High,10,7,2,14,29,7.7,61.6,Advanced,Medium,34278.0,1675467.04,High
project_03262,E-commerce,Low,5,3,2,6,15,2.8,11.2,Basic,Low,2546.27,85454.58,Low
project_03263,SaaS,Medium,7,6,2,12,19,4.4,24.6,Basic,Medium,10989.62,526312.24,Medium
project_03264,AI Platform,High,9,8,2,16,21,5.5,39.6,Intermediate,Medium,26017.2,1397308.83,High
project_03265,EdTech,Low,5,2,2,4,13,2.6,10.4,Basic,Low,1762.57,65737.68,Low
project_03266,AI Platform,Medium,8,4,2,8,20,5.2,33.3,Basic,Low,7281.89,348396.93,Medium
project_03267,IoT,High,9,9,2,18,21,5.4,38.9,Advanced,High,39933.61,2029978.65,High
project_03268,Cloud System,Low,5,4,2,8,15,2.4,9.6,Basic,Medium,3683.71,137746.23,Low
project_03269,AI Platform,Medium,5,7,2,14,21,4.4,17.6,Intermediate,Low,9593.55,415833.11,Medium
project_03270,SaaS,High,9,11,2,22,24,6.5,46.8,Advanced,Medium,46896.99,2218570.35,High
project_03271,Cloud System,Low,4,3,2,6,13,3.7,11.8,Basic,Low,2206.36,71991.33,Low
project_03272,EdTech,Medium,7,5,2,10,17,5.8,32.5,Basic,Low,7974.51,354512.23,Medium
project_03273,SaaS,High,12,12,2,24,22,6.0,57.6,Advanced,High,71152.46,3824422.24,High
project_03274,IoT,Low,4,4,2,8,10,3.6,11.5,Basic,Low,2748.63,98342.48,Low
project_03275,Healthcare,Medium,6,7,2,14,19,4.9,23.5,Intermediate,Low,11625.99,605554.26,Medium
project_03276,IoT,High,9,12,2,24,24,5.0,36.0,Advanced,High,54411.2,2986034.85,High
project_03277,EdTech,Low,3,4,2,8,14,2.6,6.2,Basic,Low,2089.72,71429.87,Low
project_03278,Healthcare,Medium,7,6,2,12,20,4.8,26.9,Basic,High,12176.08,538394.98,High
project_03279,FinTech,High,11,8,2,16,27,7.1,62.5,Intermediate,High,36483.83,2115936.37,High
project_03280,IoT,Low,4,4,2,8,11,2.2,7.0,Basic,Medium,2910.96,93502.14,Low
project_03281,AI Platform,Medium,6,7,2,14,18,5.6,26.9,Basic,Low,9135.65,397753.68,Medium
project_03282,Cloud System,High,10,12,2,24,29,5.4,43.2,Intermediate,High,52935.85,2798806.92,High
project_03283,Cloud System,Low,3,4,2,8,10,2.5,6.0,Basic,Low,1986.25,78479.31,Low
project_03284,FinTech,Medium,5,8,2,16,15,5.9,23.6,Intermediate,Low,11690.74,542401.65,Medium
project_03285,SaaS,High,10,11,2,22,29,5.3,42.4,Intermediate,High,45368.19,2396519.77,High
project_03286,FinTech,Low,5,2,2,4,11,2.8,11.2,Basic,Medium,1928.93,67040.89,Low
project_03287,IoT,Medium,5,4,2,8,15,5.3,21.2,Intermediate,Medium,6809.79,313497.01,Medium
project_03288,SaaS,High,12,12,2,24,24,6.3,60.5,Advanced,Medium,66637.63,3335358.37,High
project_03289,Cloud System,Low,5,4,2,8,11,2.1,8.4,Basic,Low,3262.0,118504.93,Low
project_03290,Healthcare,Medium,6,7,2,14,21,4.6,22.1,Basic,High,12451.79,538182.52,High
project_03291,AI Platform,High,8,12,2,24,20,6.8,43.5,Advanced,High,49996.26,2793811.54,High
project_03292,EdTech,Low,4,2,2,4,12,3.2,10.2,Basic,Medium,1643.59,62552.32,Low
project_03293,Cloud System,Medium,7,8,2,16,15,5.7,31.9,Intermediate,Medium,17924.92,750947.22,Medium
project_03294,FinTech,High,12,9,2,18,25,7.5,72.0,Advanced,High,53479.22,2865602.58,High
project_03295,Healthcare,Low,3,4,2,8,15,2.7,6.5,Basic,Medium,2255.34,83925.72,Low
project_03296,EdTech,Medium,7,8,2,16,22,5.0,28.0,Intermediate,Medium,16859.2,723341.55,Medium
project_03297,Cloud System,High,11,7,2,14,22,5.4,47.5,Intermediate,High,34487.5,1702590.64,High
project_03298,AI Platform,Low,4,4,2,8,13,2.4,7.7,Basic,Low,2766.13,84762.53,Low
project_03299,Cloud System,Medium,7,6,2,12,17,5.5,30.8,Basic,Medium,10175.65,412653.96,Medium
project_03300,AI Platform,High,10,11,2,22,29,7.4,59.2,Intermediate,High,47661.45,2702376.24,High
project_03301,Cloud System,Low,5,3,2,6,11,2.7,10.8,Basic,Low,2437.97,86821.32,Low
project_03302,AI Platform,Medium,8,6,2,12,22,5.1,32.6,Basic,Medium,12276.92,613104.82,Medium
project_03303,SaaS,High,12,11,2,22,26,6.1,58.6,Advanced,High,65689.88,3975937.68,High
project_03304,EdTech,Low,5,4,2,8,10,3.4,13.6,Basic,Low,3465.03,107118.75,Low
project_03305,EdTech,Medium,8,7,2,14,16,5.8,37.1,Basic,High,16484.5,683725.78,High
project_03306,Cloud System,High,9,9,2,18,25,6.0,43.2,Advanced,High,42188.1,2288121.13,High
project_03307,EdTech,Low,4,2,2,4,13,2.3,7.4,Basic,Low,1378.26,44444.82,Low
project_03308,Cloud System,Medium,6,8,2,16,17,5.5,26.4,Intermediate,High,17183.89,725705.39,High
project_03309,EdTech,High,12,7,2,14,28,7.9,75.8,Advanced,High,44620.28,2643874.59,High
project_03310,Cloud System,Low,5,3,2,6,13,2.2,8.8,Basic,Low,2509.72,78642.2,Low
project_03311,E-commerce,Medium,7,8,2,16,17,5.5,30.8,Intermediate,High,20519.62,816516.43,High
project_03312,Cloud System,High,9,8,2,16,27,6.3,45.4,Advanced,High,38095.69,2309306.19,High
project_03313,Healthcare,Low,4,3,2,6,12,2.0,6.4,Basic,Medium,2146.39,85498.19,Low
project_03314,IoT,Medium,8,8,2,16,21,5.2,33.3,Basic,High,18492.7,728250.4,High
project_03315,Healthcare,High,8,7,2,14,27,5.4,34.6,Intermediate,Medium,21673.74,1144705.47,High
project_03316,Healthcare,Low,5,2,2,4,12,3.0,12.0,Basic,Low,1768.85,70487.15,Low
project_03317,Healthcare,Medium,5,6,2,12,22,5.0,20.0,Basic,Medium,8054.63,336939.91,Medium
project_03318,EdTech,High,9,12,2,24,29,5.0,36.0,Advanced,High,52827.49,3413230.03,High
project_03319,Healthcare,Low,5,2,2,4,10,2.5,10.0,Basic,Medium,1949.71,64985.84,Low
project_03320,AI Platform,Medium,8,5,2,10,15,4.2,26.9,Intermediate,Medium,12236.89,558573.33,Medium
project_03321,AI Platform,High,12,11,2,22,21,7.4,71.0,Intermediate,Medium,49844.36,2818531.22,High
project_03322,EdTech,Low,3,3,2,6,12,3.8,9.1,Basic,Low,1637.44,50109.66,Low
project_03323,FinTech,Medium,5,4,2,8,16,5.8,23.2,Intermediate,Medium,6389.43,282031.67,Medium
project_03324,SaaS,High,9,11,2,22,21,5.9,42.5,Advanced,High,48014.02,2505832.42,High
project_03325,IoT,Low,4,2,2,4,15,2.8,9.0,Basic,Medium,1573.81,56642.17,Low
project_03326,Cloud System,Medium,8,8,2,16,18,4.2,26.9,Basic,Medium,16165.67,653115.2,Medium
project_03327,FinTech,High,10,12,2,24,24,7.2,57.6,Intermediate,High,51230.49,2850321.85,High
project_03328,EdTech,Low,5,2,2,4,13,3.9,15.6,Basic,Medium,1921.94,77070.04,Low
project_03329,Cloud System,Medium,8,7,2,14,20,4.7,30.1,Intermediate,Medium,16989.02,689859.21,Medium
project_03330,EdTech,High,9,11,2,22,21,7.0,50.4,Intermediate,High,42653.35,2504180.0,High
project_03331,E-commerce,Low,3,4,2,8,12,3.8,9.1,Basic,Low,2015.67,67938.44,Low
project_03332,EdTech,Medium,7,4,2,8,21,5.7,31.9,Basic,Medium,7314.63,332706.82,Medium
project_03333,AI Platform,High,8,8,2,16,27,5.0,32.0,Advanced,High,33411.09,1814465.99,High
project_03334,SaaS,Low,5,4,2,8,12,2.6,10.4,Basic,Medium,3613.07,136971.01,Low
project_03335,E-commerce,Medium,7,4,2,8,16,5.5,30.8,Basic,Medium,7288.35,339843.65,Medium
project_03336,SaaS,High,11,8,2,16,21,6.4,56.3,Advanced,High,44153.8,2180397.38,High
project_03337,EdTech,Low,5,3,2,6,15,3.3,13.2,Basic,Low,2489.79,94043.68,Low
project_03338,FinTech,Medium,7,8,2,16,15,5.7,31.9,Basic,Medium,14068.38,701554.9,Medium
project_03339,SaaS,High,8,7,2,14,30,6.7,42.9,Advanced,High,31103.41,1600915.86,High
project_03340,IoT,Low,4,2,2,4,13,2.9,9.3,Basic,Medium,1525.56,52165.28,Low
project_03341,Cloud System,Medium,6,6,2,12,18,4.7,22.6,Intermediate,Low,9861.74,462355.86,Medium
project_03342,IoT,High,8,10,2,20,29,5.4,34.6,Intermediate,High,36073.95,1901652.95,High
project_03343,FinTech,Low,5,4,2,8,15,3.6,14.4,Basic,Low,3263.09,108134.23,Low
project_03344,FinTech,Medium,8,5,2,10,20,5.3,33.9,Basic,Medium,9939.1,510031.86,Medium
project_03345,E-commerce,High,8,10,2,20,27,7.7,49.3,Intermediate,High,36136.74,1910872.66,High
project_03346,SaaS,Low,4,4,2,8,10,2.1,6.7,Basic,Low,2544.16,96755.9,Low
project_03347,AI Platform,Medium,5,7,2,14,22,5.7,22.8,Intermediate,Low,9944.1,480597.74,Medium
project_03348,Cloud System,High,9,6,2,12,25,6.4,46.1,Advanced,High,29416.85,1702408.58,High
project_03349,Healthcare,Low,5,3,2,6,13,2.7,10.8,Basic,Low,2501.62,102273.48,Low
project_03350,SaaS,Medium,8,8,2,16,22,4.3,27.5,Intermediate,Medium,20624.13,823740.53,Medium
project_03351,FinTech,High,9,12,2,24,24,7.6,54.7,Advanced,High,56330.28,2981843.89,High
project_03352,IoT,Low,4,2,2,4,10,3.8,12.2,Basic,Medium,1616.56,49852.56,Low
project_03353,Cloud System,Medium,5,7,2,14,17,6.0,24.0,Intermediate,High,13151.11,582132.91,High
project_03354,SaaS,High,9,7,2,14,29,5.1,36.7,Advanced,High,31423.95,1835632.01,High
project_03355,EdTech,Low,3,4,2,8,13,4.0,9.6,Basic,Medium,2320.68,87293.76,Low
project_03356,E-commerce,Medium,6,4,2,8,15,4.9,23.5,Intermediate,Medium,7410.24,366705.02,Medium
project_03357,E-commerce,High,11,12,2,24,21,5.8,51.0,Advanced,High,63813.9,3544299.87,High
project_03358,AI Platform,Low,4,4,2,8,11,2.1,6.7,Basic,Medium,2861.3,100767.03,Low
project_03359,AI Platform,Medium,7,7,2,14,16,4.5,25.2,Intermediate,High,17701.16,713073.07,High
project_03360,FinTech,High,12,11,2,22,30,6.4,61.4,Advanced,High,69084.87,3868458.59,High
project_03361,IoT,Low,4,2,2,4,11,2.0,6.4,Basic,Low,1409.99,41585.85,Low
project_03362,SaaS,Medium,7,8,2,16,15,4.9,27.4,Basic,Medium,13871.32,593649.46,Medium
project_03363,FinTech,High,9,6,2,12,23,6.1,43.9,Advanced,High,29525.59,1538117.88,High
project_03364,IoT,Low,4,4,2,8,11,2.5,8.0,Basic,Low,2546.63,101444.84,Low
project_03365,Cloud System,Medium,7,7,2,14,18,5.3,29.7,Intermediate,Low,14390.35,654632.01,Medium
project_03366,SaaS,High,8,12,2,24,20,6.2,39.7,Advanced,High,49176.05,2847058.28,High
project_03367,Cloud System,Low,4,4,2,8,15,3.4,10.9,Basic,Low,2647.92,112142.26,Low
project_03368,SaaS,Medium,6,7,2,14,21,5.6,26.9,Intermediate,Low,11689.1,498725.77,Medium
project_03369,Healthcare,High,12,11,2,22,29,5.5,52.8,Intermediate,High,57604.47,2919472.12,High
project_03370,SaaS,Low,3,4,2,8,14,3.0,7.2,Basic,Low,2085.1,72492.66,Low
project_03371,Healthcare,Medium,8,4,2,8,19,4.9,31.4,Intermediate,Medium,10062.77,485544.27,Medium
project_03372,SaaS,High,11,9,2,18,24,6.9,60.7,Intermediate,High,43696.22,2383963.27,High
project_03373,AI Platform,Low,3,2,2,4,15,3.0,7.2,Basic,Low,1122.67,40268.04,Low
project_03374,IoT,Medium,5,4,2,8,20,4.4,17.6,Basic,Medium,5195.69,243865.2,Medium
project_03375,AI Platform,High,9,7,2,14,23,6.7,48.2,Advanced,Medium,29211.56,1656300.15,High
project_03376,FinTech,Low,5,4,2,8,10,2.4,9.6,Basic,Medium,3531.83,105205.75,Low
project_03377,SaaS,Medium,7,5,2,10,20,5.6,31.4,Intermediate,High,13026.06,588205.89,High
project_03378,Healthcare,High,12,6,2,12,30,7.9,75.8,Advanced,High,39208.48,2217752.29,High
project_03379,Cloud System,Low,3,3,2,6,10,3.2,7.7,Basic,Low,1576.49,48190.93,Low
project_03380,E-commerce,Medium,6,8,2,16,22,4.9,23.5,Intermediate,Medium,15234.56,667496.07,Medium
project_03381,E-commerce,High,8,10,2,20,25,6.2,39.7,Advanced,Medium,34888.66,2167501.13,High
project_03382,EdTech,Low,5,2,2,4,13,2.6,10.4,Basic,Medium,1937.43,62268.77,Low
project_03383,Cloud System,Medium,7,5,2,10,15,5.5,30.8,Intermediate,Medium,10788.19,496610.83,Medium
project_03384,AI Platform,High,8,6,2,12,22,6.9,44.2,Advanced,Medium,21503.38,1253272.89,High
project_03385,SaaS,Low,3,3,2,6,11,3.5,8.4,Basic,Low,1602.51,57147.06,Low
project_03386,FinTech,Medium,6,5,2,10,18,5.0,24.0,Basic,Low,7261.63,320049.22,Medium
project_03387,SaaS,High,12,7,2,14,29,5.7,54.7,Intermediate,High,35616.83,1904179.23,High
project_03388,Cloud System,Low,5,3,2,6,15,3.7,14.8,Basic,Medium,2755.6,99186.49,Low
project_03389,E-commerce,Medium,5,7,2,14,20,5.8,23.2,Basic,Medium,8876.26,396045.37,Medium
project_03390,IoT,High,11,11,2,22,22,6.0,52.8,Intermediate,High,53333.17,2537730.39,High
project_03391,Cloud System,Low,3,2,2,4,11,2.6,6.2,Basic,Low,1040.84,37925.38,Low
project_03392,AI Platform,Medium,6,5,2,10,16,4.1,19.7,Intermediate,Medium,9582.31,414091.22,Medium
project_03393,E-commerce,High,12,11,2,22,28,5.2,49.9,Advanced,High,67649.6,3640419.25,High
project_03394,E-commerce,Low,5,4,2,8,10,3.4,13.6,Basic,Low,3344.28,103317.85,Low
project_03395,FinTech,Medium,8,4,2,8,18,4.9,31.4,Intermediate,Medium,10523.57,463226.05,Medium
project_03396,Cloud System,High,12,12,2,24,29,5.9,56.6,Advanced,Medium,67166.24,3671727.91,High
project_03397,FinTech,Low,4,4,2,8,10,2.6,8.3,Basic,Low,2792.4,84896.35,Low
project_03398,FinTech,Medium,5,6,2,12,21,4.2,16.8,Intermediate,High,10633.45,504811.23,High
project_03399,IoT,High,10,6,2,12,22,7.4,59.2,Intermediate,Medium,22876.04,1239179.01,High
project_03400,Healthcare,Low,4,4,2,8,11,3.6,11.5,Basic,Low,2837.81,86498.18,Low
project_03401,E-commerce,Medium,5,6,2,12,20,4.0,16.0,Intermediate,High,10995.66,467292.34,High
project_03402,AI Platform,High,10,8,2,16,30,5.6,44.8,Advanced,High,43399.12,2307747.09,High
project_03403,FinTech,Low,4,2,2,4,15,3.5,11.2,Basic,Low,1526.42,51880.04,Low
project_03404,E-commerce,Medium,8,7,2,14,21,4.6,29.4,Intermediate,Medium,16740.38,787510.79,Medium
project_03405,AI Platform,High,8,8,2,16,22,5.4,34.6,Advanced,High,33917.35,1859090.4,High
project_03406,E-commerce,Low,4,2,2,4,10,4.0,12.8,Basic,Medium,1594.89,48024.49,Low
project_03407,AI Platform,Medium,6,4,2,8,22,5.3,25.4,Basic,High,7071.92,371762.49,High
project_03408,IoT,High,12,9,2,18,25,7.8,74.9,Intermediate,High,45134.4,2554733.88,High
project_03409,FinTech,Low,5,4,2,8,15,2.7,10.8,Basic,Medium,3682.22,131157.83,Low
project_03410,FinTech,Medium,7,7,2,14,19,5.5,30.8,Basic,Medium,12298.13,566550.01,Medium
project_03411,E-commerce,High,10,6,2,12,21,5.6,44.8,Advanced,Medium,28533.62,1481643.93,High
project_03412,Healthcare,Low,3,3,2,6,15,2.1,5.0,Basic,Medium,1732.18,66502.83,Low
project_03413,E-commerce,Medium,6,6,2,12,15,5.9,28.3,Intermediate,Medium,11346.26,510526.83,Medium
project_03414,SaaS,High,9,12,2,24,29,7.2,51.8,Intermediate,High,48580.13,2433302.0,High
project_03415,FinTech,Low,5,4,2,8,11,3.5,14.0,Basic,Low,3201.56,107508.2,Low
project_03416,IoT,Medium,6,6,2,12,22,4.6,22.1,Intermediate,High,12890.14,645257.16,High
project_03417,SaaS,High,11,7,2,14,20,5.7,50.2,Advanced,Medium,35403.31,1751247.26,High
project_03418,E-commerce,Low,3,4,2,8,12,2.8,6.7,Basic,Medium,2192.12,77339.91,Low
project_03419,SaaS,Medium,6,5,2,10,15,5.8,27.8,Intermediate,Low,8923.03,420535.53,Medium
project_03420,Cloud System,High,8,9,2,18,24,5.0,32.0,Advanced,Medium,31082.55,1836529.89,High
project_03421,EdTech,Low,3,4,2,8,10,3.8,9.1,Basic,Low,2157.24,77333.02,Low
project_03422,FinTech,Medium,8,4,2,8,15,4.7,30.1,Basic,High,9422.8,417695.61,High
project_03423,AI Platform,High,11,7,2,14,25,5.1,44.9,Advanced,Medium,35928.18,1880074.39,High
project_03424,SaaS,Low,4,4,2,8,11,3.1,9.9,Basic,Medium,3000.01,100438.72,Low
project_03425,SaaS,Medium,7,8,2,16,19,4.0,22.4,Intermediate,High,18828.58,838497.76,High
project_03426,EdTech,High,10,7,2,14,28,7.3,58.4,Advanced,Medium,31137.15,1796237.62,High
project_03427,E-commerce,Low,3,3,2,6,15,2.1,5.0,Basic,Medium,1706.06,57218.47,Low
project_03428,EdTech,Medium,7,5,2,10,19,4.8,26.9,Intermediate,High,12388.2,530766.75,High
project_03429,FinTech,High,10,7,2,14,30,5.7,45.6,Advanced,High,36956.27,2231730.95,High
project_03430,Cloud System,Low,3,4,2,8,13,3.2,7.7,Basic,Low,2140.44,66231.88,Low
project_03431,Cloud System,Medium,6,6,2,12,15,5.0,24.0,Intermediate,High,12919.91,633383.0,High
project_03432,IoT,High,8,12,2,24,26,6.4,41.0,Intermediate,Medium,36925.36,2150031.31,High
project_03433,SaaS,Low,3,4,2,8,15,3.9,9.4,Basic,Low,2196.45,77212.63,Low
project_03434,Cloud System,Medium,6,6,2,12,15,4.2,20.2,Intermediate,Medium,11362.81,458472.88,Medium
project_03435,IoT,High,9,7,2,14,28,7.8,56.2,Advanced,High,34368.77,1779149.49,High
project_03436,AI Platform,Low,4,3,2,6,12,3.3,10.6,Basic,Low,2142.85,69808.73,Low
project_03437,Cloud System,Medium,5,7,2,14,19,5.6,22.4,Intermediate,Low,10584.63,410210.99,Medium
project_03438,SaaS,High,11,7,2,14,26,7.3,64.2,Advanced,High,41091.06,2205584.46,High
project_03439,IoT,Low,4,3,2,6,11,3.6,11.5,Basic,Medium,2394.84,80026.69,Low
project_03440,E-commerce,Medium,8,4,2,8,21,4.6,29.4,Intermediate,Medium,9855.07,452319.31,Medium
project_03441,SaaS,High,10,12,2,24,25,7.8,62.4,Advanced,High,59064.19,3273253.4,High
project_03442,FinTech,Low,5,3,2,6,10,3.6,14.4,Basic,Low,2609.94,83034.13,Low
project_03443,AI Platform,Medium,5,8,2,16,19,5.0,20.0,Intermediate,High,13822.52,706518.07,High
project_03444,IoT,High,9,9,2,18,22,5.3,38.2,Advanced,High,43597.12,2377914.93,High
project_03445,SaaS,Low,3,3,2,6,13,2.7,6.5,Basic,Low,1603.34,56703.66,Low
project_03446,IoT,Medium,7,5,2,10,20,6.0,33.6,Intermediate,Medium,10928.57,509617.7,Medium
project_03447,E-commerce,High,9,8,2,16,26,7.2,51.8,Advanced,High,37124.74,2048496.83,High
project_03448,E-commerce,Low,5,4,2,8,13,2.8,11.2,Basic,Low,3412.12,108963.87,Low
project_03449,AI Platform,Medium,5,7,2,14,15,5.7,22.8,Intermediate,Low,10501.76,409116.11,Medium
project_03450,E-commerce,High,12,7,2,14,20,7.7,73.9,Advanced,High,43181.47,2475324.34,High
project_03451,Cloud System,Low,5,4,2,8,11,2.6,10.4,Basic,Medium,3580.58,123922.73,Low
project_03452,Healthcare,Medium,8,6,2,12,16,4.3,27.5,Intermediate,Medium,14129.71,698013.99,Medium
project_03453,Cloud System,High,8,12,2,24,20,6.7,42.9,Advanced,Medium,41205.2,2682023.61,High
project_03454,Healthcare,Low,5,4,2,8,13,4.0,16.0,Basic,Medium,3565.78,156439.27,Low
project_03455,IoT,Medium,8,6,2,12,19,4.1,26.2,Intermediate,Medium,14951.34,702360.54,Medium
project_03456,FinTech,High,12,11,2,22,28,7.9,75.8,Intermediate,High,56818.81,2859507.61,High
project_03457,FinTech,Low,5,2,2,4,10,3.4,13.6,Basic,Medium,1826.84,57160.1,Low
project_03458,EdTech,Medium,6,6,2,12,16,5.4,25.9,Intermediate,High,13437.91,530521.77,High
project_03459,AI Platform,High,9,6,2,12,27,8.0,57.6,Intermediate,High,23857.47,1459268.7,High
project_03460,FinTech,Low,5,2,2,4,10,3.4,13.6,Basic,Medium,1872.52,59567.07,Low
project_03461,IoT,Medium,8,5,2,10,22,4.5,28.8,Basic,Medium,9727.45,391082.54,Medium
project_03462,Cloud System,High,9,9,2,18,23,7.1,51.1,Advanced,Medium,35335.27,2004072.93,High
project_03463,FinTech,Low,4,2,2,4,13,4.0,12.8,Basic,Low,1476.78,54732.77,Low
project_03464,Healthcare,Medium,5,6,2,12,19,5.9,23.6,Basic,High,8759.45,423824.11,High
project_03465,Healthcare,High,8,8,2,16,20,5.2,33.3,Advanced,High,33344.01,1915063.91,High
project_03466,FinTech,Low,4,3,2,6,10,2.0,6.4,Basic,Medium,2115.0,78055.88,Low
project_03467,Healthcare,Medium,6,6,2,12,21,5.0,24.0,Intermediate,Medium,11732.75,539309.5,Medium
project_03468,Cloud System,High,12,8,2,16,25,7.2,69.1,Intermediate,High,41974.98,2373446.75,High
project_03469,Healthcare,Low,4,4,2,8,10,2.5,8.0,Basic,Medium,2922.6,109771.96,Low
project_03470,SaaS,Medium,7,7,2,14,19,4.6,25.8,Basic,High,13880.58,598798.54,High
project_03471,Healthcare,High,9,12,2,24,26,6.7,48.2,Intermediate,High,46946.7,2659212.52,High
project_03472,SaaS,Low,4,4,2,8,14,2.3,7.4,Basic,Low,2670.35,83934.87,Low
project_03473,FinTech,Medium,6,8,2,16,16,4.8,23.0,Intermediate,High,17025.68,828450.49,High
project_03474,E-commerce,High,8,8,2,16,24,6.6,42.2,Advanced,Medium,30544.54,1677700.76,High
project_03475,AI Platform,Low,3,4,2,8,11,3.8,9.1,Basic,Low,1989.02,82953.03,Low
project_03476,IoT,Medium,6,6,2,12,21,5.2,25.0,Basic,Low,8173.93,410140.72,Medium
project_03477,SaaS,High,10,12,2,24,23,6.6,52.8,Advanced,High,63200.66,3408306.58,High
project_03478,Healthcare,Low,3,2,2,4,15,3.3,7.9,Basic,Medium,1324.65,42069.59,Low
project_03479,Cloud System,Medium,5,5,2,10,16,5.2,20.8,Intermediate,High,9212.6,371472.17,High
project_03480,EdTech,High,10,6,2,12,20,6.4,51.2,Advanced,Medium,27902.5,1402107.82,High
project_03481,EdTech,Low,5,4,2,8,12,3.2,12.8,Basic,Low,3505.19,130145.31,Low
project_03482,FinTech,Medium,6,6,2,12,18,5.0,24.0,Intermediate,Medium,11642.63,574501.37,Medium
project_03483,IoT,High,8,6,2,12,25,6.2,39.7,Intermediate,High,21375.95,1265867.83,High
project_03484,SaaS,Low,3,2,2,4,15,3.7,8.9,Basic,Medium,1263.75,43760.41,Low
project_03485,FinTech,Medium,7,6,2,12,19,4.8,26.9,Intermediate,Low,11603.9,592221.34,Medium
project_03486,SaaS,High,12,9,2,18,22,6.2,59.5,Advanced,High,55012.68,3107552.57,High
project_03487,E-commerce,Low,4,3,2,6,11,2.2,7.0,Basic,Medium,2207.48,82987.51,Low
project_03488,Cloud System,Medium,5,6,2,12,18,4.6,18.4,Intermediate,High,10802.28,473915.14,High
project_03489,IoT,High,9,6,2,12,22,6.5,46.8,Advanced,Medium,26061.21,1298238.18,High
project_03490,E-commerce,Low,4,4,2,8,12,3.0,9.6,Basic,Low,2641.33,83026.62,Low
project_03491,AI Platform,Medium,7,7,2,14,20,4.3,24.1,Intermediate,Medium,15447.79,724992.93,Medium
project_03492,SaaS,High,8,6,2,12,21,6.1,39.0,Advanced,High,24830.35,1315141.19,High
project_03493,IoT,Low,4,2,2,4,11,3.0,9.6,Basic,Medium,1554.08,60412.0,Low
project_03494,EdTech,Medium,5,8,2,16,20,4.1,16.4,Intermediate,Medium,11946.1,549646.93,Medium
project_03495,AI Platform,High,10,6,2,12,24,5.6,44.8,Intermediate,High,25045.77,1508382.77,High
project_03496,AI Platform,Low,5,3,2,6,14,3.5,14.0,Basic,Medium,2994.17,93103.49,Low
project_03497,AI Platform,Medium,6,8,2,16,19,4.9,23.5,Intermediate,Medium,14326.5,642446.24,Medium
project_03498,Healthcare,High,10,7,2,14,22,5.0,40.0,Intermediate,High,29891.41,1559231.39,High
project_03499,AI Platform,Low,4,3,2,6,12,3.6,11.5,Basic,Low,2195.98,68178.9,Low
project_03500,IoT,Medium,5,5,2,10,22,4.7,18.8,Intermediate,Medium,8328.19,399845.95,Medium
project_03501,EdTech,High,10,7,2,14,21,6.8,54.4,Advanced,High,36342.13,2021863.56,High
project_03502,E-commerce,Low,4,4,2,8,11,2.3,7.4,Basic,Low,2626.46,94502.06,Low
project_03503,IoT,Medium,6,5,2,10,18,4.8,23.0,Basic,Low,6934.06,341342.23,Medium
project_03504,Cloud System,High,10,6,2,12,25,5.6,44.8,Advanced,Medium,26987.22,1668246.95,High
project_03505,FinTech,Low,3,3,2,6,14,3.7,8.9,Basic,Low,1698.92,59736.68,Low
project_03506,Healthcare,Medium,7,6,2,12,21,4.0,22.4,Intermediate,Medium,13607.52,570376.71,Medium
project_03507,Healthcare,High,10,11,2,22,25,7.4,59.2,Advanced,High,56230.31,3311046.96,High
project_03508,FinTech,Low,3,4,2,8,15,2.6,6.2,Basic,Medium,2384.92,84477.23,Low
project_03509,E-commerce,Medium,6,7,2,14,17,4.2,20.2,Basic,High,11827.63,551190.49,High
project_03510,EdTech,High,8,10,2,20,22,7.5,48.0,Intermediate,Medium,29242.92,1579768.61,High
project_03511,Cloud System,Low,4,4,2,8,13,2.6,8.3,Basic,Low,2790.23,99557.77,Low
project_03512,IoT,Medium,6,8,2,16,22,4.8,23.0,Intermediate,High,16824.55,741736.99,High
project_03513,Cloud System,High,10,7,2,14,22,7.0,56.0,Intermediate,Medium,27886.98,1438895.59,High
project_03514,Cloud System,Low,5,4,2,8,12,2.8,11.2,Basic,Medium,3840.56,113093.79,Low
project_03515,Healthcare,Medium,6,8,2,16,18,5.4,25.9,Intermediate,Medium,15478.75,679200.65,Medium
project_03516,E-commerce,High,9,11,2,22,21,5.7,41.0,Advanced,High,50497.87,2793486.1,High
project_03517,FinTech,Low,5,2,2,4,11,3.2,12.8,Basic,Low,1773.1,70349.02,Low
project_03518,Healthcare,Medium,6,4,2,8,22,5.5,26.4,Intermediate,Low,7115.0,339355.13,Medium
project_03519,E-commerce,High,10,6,2,12,27,5.7,45.6,Advanced,Medium,27700.2,1560443.21,High
project_03520,E-commerce,Low,3,4,2,8,12,3.7,8.9,Basic,Low,2081.83,69008.73,Low
project_03521,FinTech,Medium,7,4,2,8,20,4.3,24.1,Intermediate,Low,8098.79,385462.43,Medium
project_03522,Healthcare,High,12,7,2,14,28,5.4,51.8,Advanced,High,44712.42,2184976.4,High
project_03523,AI Platform,Low,3,4,2,8,10,3.3,7.9,Basic,Low,1964.35,76672.07,Low
project_03524,EdTech,Medium,5,6,2,12,18,5.5,22.0,Intermediate,Medium,10081.2,426214.68,Medium
project_03525,Cloud System,High,8,8,2,16,25,6.5,41.6,Intermediate,High,27774.21,1474284.77,High
project_03526,FinTech,Low,3,2,2,4,10,2.4,5.8,Basic,Low,1064.72,31380.84,Low
project_03527,FinTech,Medium,7,7,2,14,20,4.3,24.1,Basic,High,14345.47,531454.63,High
project_03528,FinTech,High,12,11,2,22,26,5.4,51.8,Advanced,High,69683.08,3659326.44,High
project_03529,FinTech,Low,3,3,2,6,13,2.5,6.0,Basic,Low,1596.46,48500.01,Low
project_03530,IoT,Medium,7,6,2,12,21,5.0,28.0,Basic,Medium,10915.58,446546.7,Medium
project_03531,AI Platform,High,12,6,2,12,27,6.9,66.2,Advanced,High,38581.23,2343007.03,High
project_03532,SaaS,Low,4,4,2,8,13,2.6,8.3,Basic,Low,2732.8,101155.73,Low
project_03533,IoT,Medium,5,8,2,16,21,4.8,19.2,Intermediate,Medium,12185.72,581135.72,Medium
project_03534,IoT,High,12,7,2,14,28,5.6,53.8,Advanced,High,45675.21,2395062.9,High
project_03535,SaaS,Low,3,4,2,8,13,3.3,7.9,Basic,Low,1991.86,83583.74,Low
project_03536,AI Platform,Medium,8,4,2,8,20,5.5,35.2,Intermediate,Medium,9811.58,474356.57,Medium
project_03537,FinTech,High,11,11,2,22,25,6.2,54.6,Advanced,Medium,55709.32,2981176.5,High
project_03538,EdTech,Low,4,2,2,4,11,3.2,10.2,Basic,Low,1410.53,53571.95,Low
project_03539,SaaS,Medium,5,4,2,8,16,4.2,16.8,Intermediate,Medium,6470.19,331348.18,Medium
project_03540,IoT,High,11,7,2,14,21,7.6,66.9,Advanced,High,41423.11,2165287.23,High
project_03541,FinTech,Low,5,3,2,6,13,2.1,8.4,Basic,Medium,2873.59,97651.75,Low
project_03542,E-commerce,Medium,8,6,2,12,15,4.7,30.1,Intermediate,Medium,15159.25,670068.49,Medium
project_03543,SaaS,High,12,12,2,24,29,7.3,70.1,Intermediate,Medium,56633.74,2867325.36,High
project_03544,AI Platform,Low,4,4,2,8,15,3.5,11.2,Basic,Medium,3050.88,108881.89,Low
project_03545,Cloud System,Medium,6,5,2,10,22,4.3,20.6,Basic,High,8472.93,417720.27,High
project_03546,Healthcare,High,11,6,2,12,25,6.5,57.2,Advanced,High,35623.56,1997382.58,High
project_03547,SaaS,Low,5,3,2,6,11,2.5,10.0,Basic,Medium,2746.14,94019.45,Low
project_03548,E-commerce,Medium,6,5,2,10,20,4.5,21.6,Intermediate,High,10791.98,442008.38,High
project_03549,Cloud System,High,11,9,2,18,29,8.0,70.4,Advanced,High,50746.94,2922768.18,High
project_03550,E-commerce,Low,4,3,2,6,14,2.9,9.3,Basic,Medium,2332.64,79400.05,Low
project_03551,IoT,Medium,6,5,2,10,22,4.2,20.2,Intermediate,High,11065.75,553440.92,High
project_03552,AI Platform,High,8,6,2,12,21,8.0,51.2,Intermediate,Medium,19072.53,1019404.54,High
project_03553,SaaS,Low,5,3,2,6,11,3.3,13.2,Basic,Low,2644.2,99994.4,Low
project_03554,SaaS,Medium,5,4,2,8,21,4.8,19.2,Basic,Medium,5558.48,221000.95,Medium
project_03555,SaaS,High,10,6,2,12,24,6.4,51.2,Advanced,High,32058.93,1563051.6,High
project_03556,E-commerce,Low,3,3,2,6,13,2.2,5.3,Basic,Low,1620.35,52140.07,Low
project_03557,EdTech,Medium,8,6,2,12,20,5.6,35.8,Basic,Medium,11984.6,471015.13,Medium
project_03558,FinTech,High,10,11,2,22,24,5.7,45.6,Intermediate,Medium,39382.4,2102108.31,High
project_03559,AI Platform,Low,3,4,2,8,12,3.3,7.9,Basic,Low,2153.52,80570.13,Low
project_03560,SaaS,Medium,6,8,2,16,15,5.8,27.8,Basic,High,12950.13,585898.34,High
project_03561,EdTech,High,12,9,2,18,25,5.8,55.7,Intermediate,High,44991.48,2487283.06,High
project_03562,FinTech,Low,5,3,2,6,14,3.6,14.4,Basic,Medium,2824.58,108441.61,Low
project_03563,Healthcare,Medium,8,5,2,10,16,5.1,32.6,Basic,High,11421.1,463379.66,High
project_03564,FinTech,High,11,10,2,20,24,5.4,47.5,Advanced,Medium,50966.44,2495076.98,High
project_03565,AI Platform,Low,4,3,2,6,15,2.9,9.3,Basic,Low,2197.16,78668.25,Low
project_03566,Cloud System,Medium,5,8,2,16,16,6.0,24.0,Basic,Low,9490.07,370540.36,Medium
project_03567,E-commerce,High,10,9,2,18,25,6.4,51.2,Advanced,Medium,42735.97,2342200.7,High
project_03568,FinTech,Low,5,3,2,6,14,2.8,11.2,Basic,Low,2676.81,96758.78,Low
project_03569,SaaS,Medium,6,7,2,14,16,5.8,27.8,Intermediate,Medium,13193.18,653039.29,Medium
project_03570,SaaS,High,8,11,2,22,20,7.3,46.7,Intermediate,High,38979.44,2006007.76,High
project_03571,E-commerce,Low,5,4,2,8,12,3.5,14.0,Basic,Medium,3858.22,113020.27,Low
project_03572,IoT,Medium,6,7,2,14,15,4.2,20.2,Basic,Medium,10382.58,465374.72,Medium
project_03573,SaaS,High,10,10,2,20,24,7.0,56.0,Intermediate,High,44315.82,2315854.16,High
project_03574,IoT,Low,4,2,2,4,15,3.8,12.2,Basic,Low,1546.74,50040.29,Low
project_03575,IoT,Medium,5,6,2,12,22,5.4,21.6,Intermediate,Low,9151.71,365109.33,Medium
project_03576,E-commerce,High,12,9,2,18,26,5.6,53.8,Advanced,High,54944.54,2933056.84,High
project_03577,FinTech,Low,5,4,2,8,14,2.8,11.2,Basic,Low,3425.43,104956.87,Low
project_03578,E-commerce,Medium,8,4,2,8,16,4.3,27.5,Intermediate,High,11315.74,520683.2,High
project_03579,FinTech,High,11,8,2,16,26,5.0,44.0,Intermediate,High,36894.99,2144735.28,High
project_03580,AI Platform,Low,4,2,2,4,12,2.6,8.3,Basic,Low,1401.57,46992.91,Low
project_03581,FinTech,Medium,5,8,2,16,15,5.9,23.6,Intermediate,High,14617.39,623510.73,High
project_03582,SaaS,High,10,6,2,12,21,6.5,52.0,Advanced,Medium,28015.2,1396830.92,High
project_03583,IoT,Low,3,2,2,4,15,3.7,8.9,Basic,Low,1170.0,41020.89,Low
project_03584,E-commerce,Medium,6,7,2,14,21,4.4,21.1,Intermediate,Low,12469.57,565706.06,Medium
project_03585,FinTech,High,8,12,2,24,30,7.8,49.9,Advanced,High,51530.24,2972972.2,High
project_03586,Cloud System,Low,5,2,2,4,10,2.9,11.6,Basic,Low,1690.16,66725.02,Low
project_03587,Healthcare,Medium,5,8,2,16,19,5.9,23.6,Intermediate,Low,11664.9,482294.13,Medium
project_03588,EdTech,High,11,12,2,24,23,5.8,51.0,Advanced,Medium,60893.36,3147390.28,High
project_03589,EdTech,Low,5,4,2,8,12,2.2,8.8,Basic,Medium,3734.38,108304.8,Low
project_03590,AI Platform,Medium,8,5,2,10,18,5.3,33.9,Intermediate,Medium,12101.71,558669.63,Medium
project_03591,E-commerce,High,11,10,2,20,26,6.5,57.2,Intermediate,Medium,43362.75,2274985.97,High
project_03592,AI Platform,Low,3,4,2,8,14,2.9,7.0,Basic,Medium,2400.41,70539.97,Low
project_03593,Healthcare,Medium,8,7,2,14,21,5.0,32.0,Intermediate,Low,15831.68,676393.36,Medium
project_03594,E-commerce,High,11,8,2,16,26,7.3,64.2,Advanced,High,46721.44,2467680.66,High
project_03595,FinTech,Low,3,2,2,4,14,2.6,6.2,Basic,Low,1131.67,38526.21,Low
project_03596,AI Platform,Medium,7,6,2,12,21,4.1,23.0,Basic,Medium,10200.19,444466.85,Medium
project_03597,Cloud System,High,9,10,2,20,24,6.6,47.5,Intermediate,High,36882.26,2265868.9,High
project_03598,Cloud System,Low,3,4,2,8,12,2.9,7.0,Basic,Low,2114.33,74100.08,Low
project_03599,Healthcare,Medium,8,7,2,14,16,4.5,28.8,Basic,Medium,14234.81,637043.19,Medium
project_03600,FinTech,High,9,6,2,12,24,5.6,40.3,Advanced,High,29196.46,1616289.64,High
project_03601,IoT,Low,4,3,2,6,14,3.6,11.5,Basic,Medium,2367.03,75953.94,Low
project_03602,E-commerce,Medium,6,8,2,16,18,4.0,19.2,Intermediate,High,17249.99,741669.67,High
project_03603,Healthcare,High,9,8,2,16,26,7.4,53.3,Intermediate,Medium,28132.97,1458930.45,High
project_03604,EdTech,Low,3,3,2,6,14,3.2,7.7,Basic,Low,1567.62,63064.22,Low
project_03605,FinTech,Medium,5,7,2,14,20,4.8,19.2,Intermediate,Low,9799.36,506357.81,Medium
project_03606,E-commerce,High,11,10,2,20,22,6.6,58.1,Intermediate,High,44614.57,2315606.61,High
project_03607,SaaS,Low,5,2,2,4,13,2.5,10.0,Basic,Medium,1819.57,61262.63,Low
project_03608,FinTech,Medium,8,5,2,10,16,4.3,27.5,Intermediate,High,13556.03,591567.38,High
project_03609,Cloud System,High,11,7,2,14,30,5.3,46.6,Advanced,Medium,35924.59,2158413.28,High
project_03610,IoT,Low,4,3,2,6,14,2.2,7.0,Basic,Medium,2316.5,93350.71,Low
project_03611,EdTech,Medium,5,8,2,16,16,5.3,21.2,Intermediate,Medium,12719.8,593668.67,Medium
project_03612,E-commerce,High,10,11,2,22,24,5.5,44.0,Advanced,High,56426.04,3333986.86,High
project_03613,EdTech,Low,4,4,2,8,12,2.3,7.4,Basic,Low,2694.39,83955.86,Low
project_03614,Healthcare,Medium,5,8,2,16,17,5.8,23.2,Intermediate,Medium,12393.62,653036.25,Medium
project_03615,Healthcare,High,12,7,2,14,27,5.0,48.0,Advanced,High,42048.57,2253609.81,High
project_03616,AI Platform,Low,5,3,2,6,15,3.2,12.8,Basic,Medium,2889.81,102384.85,Low
project_03617,IoT,Medium,7,7,2,14,18,5.6,31.4,Basic,Medium,11760.82,588403.24,Medium
project_03618,FinTech,High,9,11,2,22,20,7.1,51.1,Advanced,High,52720.03,2824717.87,High
project_03619,EdTech,Low,5,3,2,6,15,3.2,12.8,Basic,Medium,2791.92,108066.79,Low
project_03620,FinTech,Medium,7,6,2,12,18,4.7,26.3,Basic,Medium,10160.22,467035.42,Medium
project_03621,Cloud System,High,12,12,2,24,26,5.7,54.7,Advanced,High,73625.25,4490169.59,High
project_03622,EdTech,Low,3,3,2,6,10,3.6,8.6,Basic,Low,1581.62,62512.29,Low
project_03623,Cloud System,Medium,5,4,2,8,22,4.5,18.0,Intermediate,Low,5924.09,245864.48,Medium
project_03624,AI Platform,High,11,11,2,22,25,7.5,66.0,Intermediate,High,51836.42,2848938.73,High
project_03625,Cloud System,Low,3,3,2,6,13,2.7,6.5,Basic,Medium,1712.29,57141.9,Low
project_03626,AI Platform,Medium,7,5,2,10,18,5.5,30.8,Intermediate,Medium,10972.85,504397.76,Medium
project_03627,AI Platform,High,11,9,2,18,26,6.1,53.7,Intermediate,High,44445.32,2179571.65,High
project_03628,FinTech,Low,3,4,2,8,15,2.1,5.0,Basic,Low,2085.55,68549.84,Low
project_03629,AI Platform,Medium,5,6,2,12,21,4.7,18.8,Basic,Medium,7352.33,311268.68,Medium
project_03630,IoT,High,8,11,2,22,29,7.1,45.4,Advanced,High,45852.63,2651627.43,High
project_03631,Healthcare,Low,4,3,2,6,15,2.4,7.7,Basic,Low,2125.94,62685.2,Low
project_03632,Healthcare,Medium,6,5,2,10,18,5.9,28.3,Basic,Medium,7475.09,316921.09,Medium
project_03633,SaaS,High,12,12,2,24,27,5.2,49.9,Intermediate,High,60151.6,3313365.78,High
project_03634,SaaS,Low,4,3,2,6,14,3.0,9.6,Basic,Medium,2291.82,90311.53,Low
project_03635,E-commerce,Medium,5,7,2,14,17,4.2,16.8,Intermediate,High,11976.23,597548.8,High
project_03636,SaaS,High,11,12,2,24,29,7.9,69.5,Intermediate,Medium,47606.21,2538884.25,High
project_03637,EdTech,Low,4,4,2,8,15,3.8,12.2,Basic,Medium,3051.76,98383.08,Low
project_03638,AI Platform,Medium,7,8,2,16,20,4.8,26.9,Intermediate,Medium,17671.44,735351.61,Medium
project_03639,EdTech,High,12,8,2,16,23,6.2,59.5,Advanced,High,47700.12,2781442.15,High
project_03640,IoT,Low,4,4,2,8,12,2.9,9.3,Basic,Low,2576.24,108065.12,Low
project_03641,SaaS,Medium,8,6,2,12,22,4.7,30.1,Intermediate,Low,13797.27,682799.81,Medium
project_03642,E-commerce,High,8,10,2,20,23,5.8,37.1,Advanced,High,39797.05,2140655.41,High
project_03643,E-commerce,Low,3,3,2,6,10,2.5,6.0,Basic,Low,1554.43,57454.59,Low
project_03644,E-commerce,Medium,8,7,2,14,19,4.1,26.2,Intermediate,Low,16313.22,664977.09,Medium
project_03645,SaaS,High,8,9,2,18,21,7.6,48.6,Advanced,High,39049.77,1935792.51,High
project_03646,IoT,Low,4,4,2,8,13,3.1,9.9,Basic,Low,2718.98,80994.58,Low
project_03647,FinTech,Medium,5,8,2,16,22,5.6,22.4,Basic,High,11407.63,522814.55,High
project_03648,Healthcare,High,8,9,2,18,20,6.3,40.3,Advanced,High,35493.43,2047781.39,High
project_03649,AI Platform,Low,3,3,2,6,14,3.6,8.6,Basic,Low,1717.89,59846.61,Low
project_03650,Healthcare,Medium,5,5,2,10,16,4.8,19.2,Intermediate,Medium,7877.54,350140.67,Medium
project_03651,AI Platform,High,11,7,2,14,25,5.5,48.4,Advanced,High,37831.25,2145681.56,High
project_03652,E-commerce,Low,5,4,2,8,15,2.8,11.2,Basic,Medium,3606.44,125860.33,Low
project_03653,E-commerce,Medium,5,6,2,12,15,4.5,18.0,Basic,High,8406.19,400584.05,High
project_03654,Cloud System,High,9,9,2,18,23,7.9,56.9,Advanced,High,42021.71,2236861.33,High
project_03655,EdTech,Low,4,3,2,6,14,2.2,7.0,Basic,Low,2126.73,76949.09,Low
project_03656,AI Platform,Medium,6,8,2,16,15,5.8,27.8,Basic,Medium,12325.7,598850.3,Medium
project_03657,Healthcare,High,10,11,2,22,26,7.4,59.2,Intermediate,Medium,41573.53,2020341.58,High
project_03658,EdTech,Low,5,4,2,8,12,2.3,9.2,Basic,Low,3283.45,121529.35,Low
project_03659,Healthcare,Medium,5,4,2,8,15,5.9,23.6,Basic,Medium,5450.68,211002.83,Medium
project_03660,IoT,High,11,9,2,18,27,5.0,44.0,Advanced,Medium,46029.65,2450062.59,High
project_03661,E-commerce,Low,3,3,2,6,13,3.7,8.9,Basic,Low,1664.25,64413.26,Low
project_03662,SaaS,Medium,8,6,2,12,16,4.6,29.4,Basic,Medium,12283.43,529465.82,Medium
project_03663,E-commerce,High,12,10,2,20,29,5.8,55.7,Advanced,High,62787.35,3496388.13,High
project_03664,FinTech,Low,4,4,2,8,14,3.8,12.2,Basic,Medium,2901.17,109393.7,Low
project_03665,FinTech,Medium,5,7,2,14,15,4.1,16.4,Intermediate,Medium,10318.86,450122.51,Medium
project_03666,FinTech,High,10,9,2,18,21,5.2,41.6,Advanced,High,45288.12,2602131.04,High
project_03667,E-commerce,Low,5,4,2,8,14,3.2,12.8,Basic,Low,3334.02,111888.96,Low
project_03668,E-commerce,Medium,5,7,2,14,17,5.1,20.4,Intermediate,Medium,10547.66,481384.92,Medium
project_03669,Cloud System,High,11,7,2,14,29,7.6,66.9,Advanced,High,39367.68,2367071.23,High
project_03670,EdTech,Low,4,2,2,4,15,3.8,12.2,Basic,Medium,1640.44,68320.14,Low
project_03671,Cloud System,Medium,8,4,2,8,21,5.9,37.8,Basic,Low,7927.76,369514.09,Medium
project_03672,E-commerce,High,8,12,2,24,20,7.6,48.6,Advanced,High,49434.33,2776135.38,High
project_03673,SaaS,Low,4,2,2,4,15,2.8,9.0,Basic,Medium,1595.31,55949.22,Low
project_03674,IoT,Medium,8,5,2,10,19,5.0,32.0,Intermediate,Low,10992.21,501441.03,Medium
project_03675,SaaS,High,9,8,2,16,22,7.0,50.4,Advanced,Medium,33489.36,1883724.74,High
project_03676,EdTech,Low,3,3,2,6,10,2.6,6.2,Basic,Low,1562.23,58066.45,Low
project_03677,Healthcare,Medium,5,8,2,16,17,5.6,22.4,Intermediate,Medium,12116.49,554174.2,Medium
project_03678,Healthcare,High,8,12,2,24,28,5.7,36.5,Advanced,High,51745.53,2804609.63,High
project_03679,AI Platform,Low,4,3,2,6,10,4.0,12.8,Basic,Low,2157.73,64560.96,Low
project_03680,SaaS,Medium,5,5,2,10,15,4.8,19.2,Intermediate,Medium,8095.77,380337.84,Medium
project_03681,EdTech,High,9,7,2,14,23,7.7,55.4,Advanced,High,33378.95,1623875.31,High
project_03682,IoT,Low,3,2,2,4,10,3.3,7.9,Basic,Medium,1214.02,44095.03,Low
project_03683,Cloud System,Medium,7,7,2,14,19,6.0,33.6,Intermediate,High,17252.19,742266.11,High
project_03684,Cloud System,High,9,6,2,12,20,7.1,51.1,Advanced,High,27784.75,1582778.31,High
project_03685,Cloud System,Low,5,3,2,6,14,3.4,13.6,Basic,Medium,2812.77,98790.11,Low
project_03686,SaaS,Medium,8,7,2,14,15,4.2,26.9,Intermediate,Low,16104.23,723923.73,Medium
project_03687,AI Platform,High,10,8,2,16,28,5.9,47.2,Intermediate,Medium,29614.04,1569928.48,High
project_03688,FinTech,Low,5,2,2,4,12,2.1,8.4,Basic,Low,1727.28,69249.19,Low
project_03689,Cloud System,Medium,5,4,2,8,16,5.9,23.6,Intermediate,Medium,6884.99,287447.31,Medium
project_03690,Healthcare,High,9,10,2,20,28,7.1,51.1,Intermediate,High,37883.15,2308299.88,High
project_03691,EdTech,Low,4,3,2,6,13,2.1,6.7,Basic,Low,2046.54,68685.2,Low
project_03692,SaaS,Medium,5,4,2,8,19,4.8,19.2,Basic,Medium,5441.6,228076.32,Medium
project_03693,Cloud System,High,12,9,2,18,28,6.5,62.4,Intermediate,High,45975.56,2385939.39,High
project_03694,AI Platform,Low,3,4,2,8,11,2.1,5.0,Basic,Medium,2155.66,70170.11,Low
project_03695,Healthcare,Medium,8,5,2,10,18,4.4,28.2,Intermediate,Low,11257.98,488693.59,Medium
project_03696,Cloud System,High,11,12,2,24,29,5.8,51.0,Advanced,Medium,60890.09,3096373.06,High
project_03697,FinTech,Low,5,4,2,8,14,3.6,14.4,Basic,Low,3381.11,130027.93,Low
project_03698,SaaS,Medium,5,5,2,10,16,5.8,23.2,Basic,Medium,6183.81,280793.73,Medium
project_03699,SaaS,High,10,10,2,20,23,6.2,49.6,Advanced,High,52064.5,2742066.64,High
project_03700,Healthcare,Low,4,2,2,4,11,3.7,11.8,Basic,Low,1479.17,49621.89,Low
project_03701,AI Platform,Medium,7,7,2,14,18,4.2,23.5,Basic,Medium,11938.64,485446.08,Medium
project_03702,E-commerce,High,8,10,2,20,21,5.2,33.3,Advanced,Medium,37809.76,1840774.42,High
project_03703,FinTech,Low,3,4,2,8,12,3.5,8.4,Basic,Medium,2333.35,69903.0,Low
project_03704,IoT,Medium,5,8,2,16,22,4.9,19.6,Basic,Low,9337.78,431288.93,Medium
project_03705,FinTech,High,12,6,2,12,29,5.9,56.6,Advanced,High,37519.61,1984076.96,High
project_03706,EdTech,Low,3,2,2,4,12,2.7,6.5,Basic,Low,1072.88,40124.73,Low
project_03707,Cloud System,Medium,6,6,2,12,15,5.4,25.9,Basic,High,10412.26,399094.16,High
project_03708,E-commerce,High,12,11,2,22,20,7.7,73.9,Advanced,Medium,60211.51,3331006.95,High
project_03709,SaaS,Low,3,3,2,6,12,2.6,6.2,Basic,Medium,1669.01,65908.72,Low
project_03710,IoT,Medium,5,8,2,16,21,4.6,18.4,Intermediate,High,14476.06,714159.45,High
project_03711,FinTech,High,11,8,2,16,26,5.9,51.9,Advanced,High,44717.79,2529313.5,High
project_03712,Cloud System,Low,5,4,2,8,11,2.6,10.4,Basic,Medium,3618.26,121051.97,Low
project_03713,Healthcare,Medium,5,7,2,14,22,5.0,20.0,Intermediate,High,12702.32,557756.74,High
project_03714,EdTech,High,10,9,2,18,20,6.2,49.6,Advanced,Medium,40584.33,2231836.83,High
project_03715,E-commerce,Low,4,3,2,6,12,3.3,10.6,Basic,Medium,2289.47,71968.8,Low
project_03716,EdTech,Medium,5,5,2,10,19,5.0,20.0,Intermediate,High,9384.45,419076.41,High
project_03717,EdTech,High,10,12,2,24,25,6.8,54.4,Advanced,High,61269.14,3670598.8,High
project_03718,E-commerce,Low,5,4,2,8,10,2.1,8.4,Basic,Low,3184.62,117742.11,Low
project_03719,E-commerce,Medium,5,8,2,16,15,5.9,23.6,Intermediate,Low,11227.64,545237.05,Medium
project_03720,IoT,High,9,12,2,24,30,5.2,37.4,Intermediate,High,47377.39,2661415.9,High
project_03721,AI Platform,Low,4,2,2,4,11,3.2,10.2,Basic,Low,1418.96,42828.94,Low
project_03722,FinTech,Medium,6,8,2,16,16,4.4,21.1,Intermediate,Medium,14897.84,633416.32,Medium
project_03723,E-commerce,High,8,8,2,16,30,5.7,36.5,Advanced,Medium,28951.85,1683328.88,High
project_03724,Cloud System,Low,4,4,2,8,12,2.2,7.0,Basic,Low,2731.24,97686.79,Low
project_03725,FinTech,Medium,5,6,2,12,20,5.9,23.6,Basic,High,9206.52,397607.68,High
project_03726,SaaS,High,12,9,2,18,27,7.2,69.1,Advanced,High,53084.36,3393426.55,High
project_03727,Healthcare,Low,5,3,2,6,12,2.6,10.4,Basic,Low,2442.37,78566.4,Low
project_03728,AI Platform,Medium,5,4,2,8,15,4.5,18.0,Intermediate,High,7157.25,353083.64,High
project_03729,EdTech,High,10,8,2,16,28,7.2,57.6,Advanced,High,41105.07,2266377.27,High
project_03730,Cloud System,Low,3,4,2,8,11,2.0,4.8,Basic,Low,1968.98,72666.28,Low
project_03731,E-commerce,Medium,7,5,2,10,19,5.1,28.6,Basic,Low,8375.17,353978.63,Medium
project_03732,Healthcare,High,11,12,2,24,29,7.4,65.1,Intermediate,Medium,49350.09,2520653.18,High
project_03733,SaaS,Low,3,3,2,6,12,3.2,7.7,Basic,Low,1526.87,64601.94,Low
project_03734,Cloud System,Medium,5,6,2,12,17,5.7,22.8,Intermediate,Medium,9599.78,403747.23,Medium
project_03735,AI Platform,High,9,9,2,18,24,6.5,46.8,Advanced,High,42955.64,2267972.82,High
project_03736,Cloud System,Low,4,2,2,4,12,2.9,9.3,Basic,Medium,1541.48,60641.92,Low
project_03737,SaaS,Medium,7,8,2,16,15,4.6,25.8,Basic,Medium,13365.39,559830.52,Medium
project_03738,AI Platform,High,12,8,2,16,29,6.2,59.5,Advanced,Medium,45807.86,2386004.06,High
project_03739,IoT,Low,5,2,2,4,11,3.0,12.0,Basic,Low,1774.32,62552.65,Low
project_03740,SaaS,Medium,8,7,2,14,20,5.9,37.8,Basic,Medium,14409.37,699195.25,Medium
project_03741,Cloud System,High,9,7,2,14,21,6.8,49.0,Advanced,Medium,28534.29,1581349.61,High
project_03742,Healthcare,Low,5,3,2,6,13,3.1,12.4,Basic,Low,2547.84,86868.48,Low
project_03743,EdTech,Medium,6,8,2,16,18,5.3,25.4,Intermediate,Medium,14848.95,689914.61,Medium
project_03744,SaaS,High,12,10,2,20,30,6.2,59.5,Advanced,High,59519.07,3586322.76,High
project_03745,Cloud System,Low,3,4,2,8,10,2.2,5.3,Basic,Low,2070.46,66964.79,Low
project_03746,EdTech,Medium,7,8,2,16,19,5.1,28.6,Intermediate,Medium,17939.17,831234.42,Medium
project_03747,FinTech,High,12,12,2,24,20,5.4,51.8,Advanced,High,76090.65,4335212.27,High
project_03748,Healthcare,Low,4,2,2,4,11,3.0,9.6,Basic,Low,1415.74,51197.98,Low
project_03749,Healthcare,Medium,7,8,2,16,19,4.0,22.4,Basic,High,16136.95,668175.17,High
project_03750,Cloud System,High,8,8,2,16,29,6.7,42.9,Advanced,Medium,29212.14,1633433.87,High
project_03751,FinTech,Low,4,3,2,6,13,3.4,10.9,Basic,Medium,2307.34,84409.02,Low
project_03752,AI Platform,Medium,6,8,2,16,19,4.0,19.2,Intermediate,Low,13381.43,649735.62,Medium
project_03753,IoT,High,10,9,2,18,28,6.6,52.8,Advanced,High,48201.32,2701799.57,High
project_03754,AI Platform,Low,4,3,2,6,14,3.3,10.6,Basic,Low,2099.41,64621.6,Low
project_03755,FinTech,Medium,8,8,2,16,22,5.7,36.5,Basic,High,18306.11,807807.58,High
project_03756,E-commerce,High,8,11,2,22,25,6.0,38.4,Advanced,High,46283.24,2784418.57,High
project_03757,FinTech,Low,5,2,2,4,15,2.9,11.6,Basic,Low,1770.73,54782.45,Low
project_03758,FinTech,Medium,5,5,2,10,18,5.2,20.8,Intermediate,Low,7345.17,332173.13,Medium
project_03759,Cloud System,High,10,6,2,12,23,5.7,45.6,Advanced,High,32818.91,1625163.09,High
project_03760,AI Platform,Low,5,4,2,8,10,2.6,10.4,Basic,Low,3326.65,99071.42,Low
project_03761,SaaS,Medium,6,8,2,16,16,5.2,25.0,Basic,Medium,11860.72,590491.38,Medium
project_03762,FinTech,High,11,9,2,18,23,7.9,69.5,Intermediate,High,44731.7,2591047.56,High
project_03763,IoT,Low,3,3,2,6,12,3.4,8.2,Basic,Low,1565.97,53297.78,Low
project_03764,IoT,Medium,5,4,2,8,21,5.5,22.0,Intermediate,Low,6015.05,297073.58,Medium
project_03765,Cloud System,High,8,11,2,22,22,6.6,42.2,Advanced,High,47196.93,2614438.22,High
project_03766,AI Platform,Low,3,4,2,8,15,3.5,8.4,Basic,Low,2048.0,71747.58,Low
project_03767,FinTech,Medium,5,8,2,16,19,5.0,20.0,Intermediate,Medium,12182.97,526676.78,Medium
project_03768,EdTech,High,9,11,2,22,26,5.4,38.9,Advanced,Medium,43588.86,2462562.31,High
project_03769,EdTech,Low,3,3,2,6,13,2.4,5.8,Basic,Low,1587.25,60820.71,Low
project_03770,E-commerce,Medium,7,5,2,10,19,4.8,26.9,Basic,Medium,8936.39,381369.07,Medium
project_03771,AI Platform,High,8,9,2,18,20,6.7,42.9,Advanced,High,38447.63,1902215.03,High
project_03772,E-commerce,Low,5,3,2,6,10,3.4,13.6,Basic,Medium,2926.43,115723.32,Low
project_03773,EdTech,Medium,7,5,2,10,15,5.6,31.4,Intermediate,Medium,10574.52,473822.74,Medium
project_03774,IoT,High,8,8,2,16,23,5.6,35.8,Advanced,High,34348.52,2048818.7,High
project_03775,FinTech,Low,4,2,2,4,11,2.3,7.4,Basic,Medium,1567.79,46893.17,Low
project_03776,Healthcare,Medium,5,7,2,14,20,5.5,22.0,Intermediate,High,12512.21,653851.88,High
project_03777,AI Platform,High,8,7,2,14,28,5.4,34.6,Advanced,High,28407.88,1737491.16,High
project_03778,Healthcare,Low,5,2,2,4,10,2.0,8.0,Basic,Medium,1805.54,62943.13,Low
project_03779,E-commerce,Medium,8,7,2,14,20,5.3,33.9,Basic,Low,12445.15,569571.37,Medium
project_03780,IoT,High,11,9,2,18,30,5.4,47.5,Advanced,High,51594.06,2904229.07,High
project_03781,SaaS,Low,4,2,2,4,10,3.2,10.2,Basic,Medium,1591.99,54287.89,Low
project_03782,Healthcare,Medium,5,6,2,12,19,5.0,20.0,Basic,High,9112.1,392224.26,High
project_03783,IoT,High,8,9,2,18,22,5.0,32.0,Advanced,High,35815.86,1913765.49,High
project_03784,Cloud System,Low,4,3,2,6,10,3.5,11.2,Basic,Low,2026.48,75470.87,Low
project_03785,Healthcare,Medium,7,7,2,14,15,5.3,29.7,Intermediate,Low,13687.29,695194.88,Medium
project_03786,Cloud System,High,9,6,2,12,22,6.8,49.0,Advanced,High,28548.6,1653393.95,High
project_03787,Cloud System,Low,5,3,2,6,12,2.8,11.2,Basic,Medium,2683.8,84155.54,Low
project_03788,Healthcare,Medium,8,5,2,10,15,5.0,32.0,Basic,Low,9096.13,437820.04,Medium
project_03789,E-commerce,High,12,12,2,24,28,5.8,55.7,Advanced,High,76869.95,4420762.41,High
project_03790,EdTech,Low,4,2,2,4,13,4.0,12.8,Basic,Low,1433.2,50292.3,Low
project_03791,EdTech,Medium,6,6,2,12,17,5.0,24.0,Basic,Medium,9295.04,411446.94,Medium
project_03792,EdTech,High,11,7,2,14,24,7.8,68.6,Intermediate,Medium,28651.57,1603996.33,High
project_03793,FinTech,Low,4,3,2,6,14,3.3,10.6,Basic,Low,2030.41,70407.11,Low
project_03794,SaaS,Medium,5,5,2,10,21,5.4,21.6,Basic,High,7865.06,350856.4,High
project_03795,FinTech,High,8,11,2,22,30,7.6,48.6,Advanced,High,48411.98,2424600.89,High
project_03796,FinTech,Low,5,4,2,8,13,2.7,10.8,Basic,Medium,3842.06,150518.47,Low
project_03797,AI Platform,Medium,6,6,2,12,16,4.7,22.6,Intermediate,Medium,10693.61,440790.13,Medium
project_03798,AI Platform,High,9,7,2,14,28,7.0,50.4,Advanced,Medium,29020.68,1779475.07,High
project_03799,Cloud System,Low,4,4,2,8,15,3.8,12.2,Basic,Low,2767.43,102272.08,Low
project_03800,E-commerce,Medium,6,8,2,16,22,5.1,24.5,Intermediate,Medium,15408.62,740917.06,Medium
project_03801,FinTech,High,10,6,2,12,25,8.0,64.0,Intermediate,Medium,23940.33,1282957.48,High
project_03802,IoT,Low,4,3,2,6,10,2.8,9.0,Basic,Low,2115.91,77715.52,Low
project_03803,E-commerce,Medium,7,6,2,12,17,5.2,29.1,Intermediate,Medium,12668.2,592131.13,Medium
project_03804,Healthcare,High,8,6,2,12,26,6.7,42.9,Advanced,High,25863.73,1422226.22,High
project_03805,AI Platform,Low,5,2,2,4,11,2.5,10.0,Basic,Medium,1873.51,71575.04,Low
project_03806,EdTech,Medium,5,6,2,12,20,4.1,16.4,Basic,Medium,7879.43,344859.8,Medium
project_03807,Healthcare,High,11,12,2,24,20,5.5,48.4,Intermediate,High,53468.67,2975404.59,High
project_03808,Healthcare,Low,3,2,2,4,10,2.8,6.7,Basic,Low,1040.22,35710.71,Low
project_03809,EdTech,Medium,6,6,2,12,15,5.0,24.0,Basic,Medium,9121.02,380226.05,Medium
project_03810,AI Platform,High,12,9,2,18,28,5.1,49.0,Intermediate,High,44378.52,2433273.76,High
project_03811,E-commerce,Low,4,4,2,8,14,3.8,12.2,Basic,Low,2777.72,82841.34,Low
project_03812,E-commerce,Medium,6,5,2,10,19,5.3,25.4,Intermediate,Low,9096.99,391716.7,Medium
project_03813,IoT,High,11,7,2,14,22,6.2,54.6,Advanced,High,39483.48,2023117.56,High
project_03814,IoT,Low,4,4,2,8,12,2.7,8.6,Basic,Medium,2989.32,115895.68,Low
project_03815,Cloud System,Medium,5,5,2,10,16,5.0,20.0,Basic,High,7545.87,347471.06,High
project_03816,Healthcare,High,9,10,2,20,23,5.8,41.8,Intermediate,High,37069.84,2293008.8,High
project_03817,EdTech,Low,3,2,2,4,15,3.7,8.9,Basic,Medium,1244.44,48860.81,Low
project_03818,SaaS,Medium,6,5,2,10,20,5.9,28.3,Basic,High,9135.04,362028.33,High
project_03819,E-commerce,High,10,8,2,16,20,5.6,44.8,Intermediate,High,34168.75,1823593.33,High
project_03820,E-commerce,Low,5,3,2,6,11,3.3,13.2,Basic,Low,2667.04,74163.77,Low
project_03821,FinTech,Medium,5,7,2,14,19,4.5,18.0,Basic,Low,8135.33,322904.63,Medium
project_03822,EdTech,High,8,8,2,16,24,7.8,49.9,Intermediate,Medium,25314.49,1318554.48,High
project_03823,FinTech,Low,3,4,2,8,14,3.8,9.1,Basic,Low,2193.39,65548.52,Low
project_03824,FinTech,Medium,7,6,2,12,21,4.1,23.0,Basic,Medium,10139.0,491908.47,Medium
project_03825,Healthcare,High,9,11,2,22,28,5.4,38.9,Intermediate,High,43819.59,2268878.04,High
project_03826,Cloud System,Low,4,2,2,4,11,3.8,12.2,Basic,Low,1457.58,43653.47,Low
project_03827,FinTech,Medium,6,6,2,12,21,4.3,20.6,Basic,Medium,8688.45,435764.08,Medium
project_03828,E-commerce,High,8,9,2,18,27,7.2,46.1,Advanced,High,37747.99,2010141.45,High
project_03829,AI Platform,Low,4,3,2,6,12,3.2,10.2,Basic,Low,2121.24,66389.37,Low
project_03830,AI Platform,Medium,5,6,2,12,16,4.1,16.4,Intermediate,High,11144.98,504754.01,High
project_03831,AI Platform,High,12,10,2,20,20,6.6,63.4,Intermediate,High,50064.08,2542265.43,High
project_03832,IoT,Low,3,2,2,4,14,2.7,6.5,Basic,Medium,1221.69,37566.69,Low
project_03833,Healthcare,Medium,7,6,2,12,15,5.8,32.5,Intermediate,Low,12084.08,567431.74,Medium
project_03834,Cloud System,High,11,7,2,14,24,6.9,60.7,Advanced,Medium,34471.79,1997271.48,High
project_03835,IoT,Low,3,4,2,8,12,2.6,6.2,Basic,Medium,2300.87,67147.45,Low
project_03836,AI Platform,Medium,7,4,2,8,19,5.1,28.6,Basic,Low,6641.24,300932.01,Medium
project_03837,AI Platform,High,8,11,2,22,20,7.5,48.0,Advanced,High,46905.18,2428047.48,High
project_03838,AI Platform,Low,4,4,2,8,10,3.8,12.2,Basic,Medium,2860.21,109215.79,Low
project_03839,FinTech,Medium,8,7,2,14,17,4.4,28.2,Intermediate,High,18637.15,883295.26,High
project_03840,Healthcare,High,11,12,2,24,30,6.9,60.7,Intermediate,High,59265.21,2772557.91,High
project_03841,E-commerce,Low,4,3,2,6,15,2.7,8.6,Basic,Medium,2272.24,74816.1,Low
project_03842,AI Platform,Medium,7,8,2,16,15,4.7,26.3,Intermediate,Medium,16719.01,761330.37,Medium
project_03843,EdTech,High,11,9,2,18,24,5.4,47.5,Advanced,High,50016.65,2814730.45,High
project_03844,Cloud System,Low,5,2,2,4,11,2.8,11.2,Basic,Low,1717.74,63326.03,Low
project_03845,Healthcare,Medium,6,4,2,8,19,5.8,27.8,Intermediate,Medium,7730.08,410667.28,Medium
project_03846,EdTech,High,8,8,2,16,30,5.5,35.2,Advanced,Medium,29562.48,1576835.62,High
project_03847,E-commerce,Low,5,2,2,4,11,3.0,12.0,Basic,Low,1794.43,65859.6,Low
project_03848,EdTech,Medium,8,8,2,16,16,4.4,28.2,Basic,High,18250.96,825457.26,High
project_03849,FinTech,High,9,12,2,24,26,7.0,50.4,Advanced,Medium,47930.23,2710044.25,High
project_03850,Cloud System,Low,5,2,2,4,10,2.3,9.2,Basic,Low,1755.83,49426.51,Low
project_03851,AI Platform,Medium,8,4,2,8,15,4.5,28.8,Basic,Low,7120.4,309828.28,Medium
project_03852,Healthcare,High,8,8,2,16,24,5.9,37.8,Intermediate,Medium,24040.64,1264947.84,High
project_03853,IoT,Low,3,2,2,4,13,3.8,9.1,Basic,Low,1109.41,43655.62,Low
project_03854,IoT,Medium,8,4,2,8,16,4.7,30.1,Intermediate,Medium,9742.19,432373.59,Medium
project_03855,Cloud System,High,10,6,2,12,27,5.2,41.6,Advanced,Medium,28800.5,1482645.3,High
project_03856,IoT,Low,4,2,2,4,12,4.0,12.8,Basic,Medium,1586.69,64022.21,Low
project_03857,EdTech,Medium,6,4,2,8,21,4.1,19.7,Basic,High,7015.46,306926.68,High
project_03858,Cloud System,High,8,12,2,24,28,5.3,33.9,Intermediate,High,42592.01,2307513.5,High
project_03859,EdTech,Low,5,2,2,4,11,3.6,14.4,Basic,Medium,1877.1,68574.08,Low
project_03860,AI Platform,Medium,8,5,2,10,17,4.4,28.2,Intermediate,Medium,12758.98,608153.95,Medium
project_03861,EdTech,High,11,6,2,12,26,5.8,51.0,Advanced,Medium,29519.71,1658764.49,High
project_03862,AI Platform,Low,5,4,2,8,10,3.2,12.8,Basic,Low,3246.56,114392.22,Low
project_03863,AI Platform,Medium,8,6,2,12,22,4.7,30.1,Basic,Medium,11441.78,547239.85,Medium
project_03864,IoT,High,8,8,2,16,29,6.6,42.2,Intermediate,High,28304.89,1502587.85,High
project_03865,Healthcare,Low,3,2,2,4,12,2.3,5.5,Basic,Medium,1205.55,44208.93,Low
project_03866,Healthcare,Medium,6,8,2,16,15,5.4,25.9,Intermediate,Medium,14207.95,617031.85,Medium
project_03867,AI Platform,High,10,10,2,20,26,5.2,41.6,Advanced,High,53341.17,2889126.82,High
project_03868,IoT,Low,5,3,2,6,12,3.1,12.4,Basic,Low,2643.72,95211.11,Low
project_03869,Healthcare,Medium,7,8,2,16,17,4.5,25.2,Intermediate,Medium,17674.86,684993.11,Medium
project_03870,Cloud System,High,11,8,2,16,20,7.9,69.5,Advanced,High,46378.33,2404595.99,High
project_03871,AI Platform,Low,4,4,2,8,13,3.3,10.6,Basic,Low,2615.34,107551.95,Low
project_03872,IoT,Medium,5,5,2,10,21,4.9,19.6,Intermediate,High,9264.24,439731.27,High
project_03873,Healthcare,High,9,12,2,24,24,6.8,49.0,Intermediate,High,45964.02,2607758.91,High
project_03874,IoT,Low,4,4,2,8,10,2.5,8.0,Basic,Low,2788.31,82343.75,Low
project_03875,Cloud System,Medium,6,6,2,12,18,4.6,22.1,Basic,Medium,8758.89,376479.04,Medium
project_03876,AI Platform,High,12,8,2,16,22,7.2,69.1,Intermediate,High,43239.23,2122796.76,High
project_03877,E-commerce,Low,3,3,2,6,14,2.9,7.0,Basic,Low,1612.93,53498.81,Low
project_03878,EdTech,Medium,7,7,2,14,18,4.3,24.1,Intermediate,Medium,14810.44,660159.84,Medium
project_03879,SaaS,High,10,12,2,24,29,7.9,63.2,Advanced,Medium,52709.05,2889150.48,High
project_03880,E-commerce,Low,3,4,2,8,14,2.3,5.5,Basic,Medium,2214.25,87374.89,Low
project_03881,AI Platform,Medium,6,6,2,12,22,4.4,21.1,Basic,High,10723.84,502675.65,High
project_03882,AI Platform,High,10,6,2,12,27,5.8,46.4,Advanced,High,31863.81,1818325.8,High
project_03883,EdTech,Low,5,3,2,6,12,2.1,8.4,Basic,Low,2590.86,95941.08,Low
project_03884,FinTech,Medium,8,6,2,12,16,4.5,28.8,Intermediate,Medium,14798.14,635211.11,Medium
project_03885,SaaS,High,12,11,2,22,27,8.0,76.8,Advanced,High,68932.74,3515286.85,High
project_03886,Cloud System,Low,4,3,2,6,15,2.0,6.4,Basic,Medium,2251.95,81692.53,Low
project_03887,AI Platform,Medium,7,7,2,14,21,5.7,31.9,Intermediate,High,18383.84,780047.14,High
project_03888,E-commerce,High,9,8,2,16,30,7.9,56.9,Advanced,Medium,34305.06,2063685.38,High
project_03889,EdTech,Low,3,2,2,4,14,2.6,6.2,Basic,Low,1079.07,36284.71,Low
project_03890,EdTech,Medium,8,6,2,12,16,5.1,32.6,Intermediate,Medium,15172.16,615236.53,Medium
project_03891,E-commerce,High,8,12,2,24,25,7.7,49.3,Intermediate,High,42637.55,2188224.21,High
project_03892,Cloud System,Low,4,4,2,8,14,2.8,9.0,Basic,Low,2681.86,98178.92,Low
project_03893,SaaS,Medium,8,4,2,8,16,5.2,33.3,Intermediate,Medium,10459.21,385619.62,Medium
project_03894,EdTech,High,8,8,2,16,26,7.8,49.9,Advanced,High,33380.84,1756380.05,High
project_03895,Cloud System,Low,3,2,2,4,10,3.2,7.7,Basic,Medium,1138.95,35278.02,Low
project_03896,SaaS,Medium,5,6,2,12,16,4.6,18.4,Intermediate,Medium,9161.44,413797.98,Medium
project_03897,IoT,High,11,11,2,22,20,6.6,58.1,Advanced,High,58816.11,3205341.31,High
project_03898,E-commerce,Low,3,3,2,6,12,2.4,5.8,Basic,Low,1547.72,50478.97,Low
project_03899,Healthcare,Medium,8,4,2,8,20,4.6,29.4,Intermediate,Medium,10586.63,429650.83,Medium
project_03900,SaaS,High,11,6,2,12,26,7.9,69.5,Intermediate,High,29570.99,1443279.39,High
project_03901,AI Platform,Low,5,3,2,6,12,3.6,14.4,Basic,Low,2506.98,90068.65,Low
project_03902,Cloud System,Medium,7,6,2,12,21,5.1,28.6,Basic,Medium,10833.6,501611.89,Medium
project_03903,IoT,High,8,7,2,14,28,6.8,43.5,Intermediate,Medium,21146.47,1243130.73,High
project_03904,SaaS,Low,4,4,2,8,15,3.3,10.6,Basic,Low,2654.14,102356.47,Low
project_03905,IoT,Medium,7,5,2,10,18,4.3,24.1,Intermediate,High,12574.0,509129.72,High
project_03906,EdTech,High,10,10,2,20,22,5.3,42.4,Advanced,High,49387.28,3045341.51,High
project_03907,FinTech,Low,4,4,2,8,14,3.7,11.8,Basic,Low,2798.69,85526.11,Low
project_03908,Healthcare,Medium,7,6,2,12,21,5.1,28.6,Basic,Medium,10803.78,533674.07,Medium
project_03909,FinTech,High,10,11,2,22,21,8.0,64.0,Advanced,Medium,50247.77,2857320.95,High
project_03910,Healthcare,Low,5,2,2,4,13,2.2,8.8,Basic,Low,1661.55,54014.06,Low
project_03911,Cloud System,Medium,8,6,2,12,21,4.9,31.4,Intermediate,Medium,15094.48,635895.4,Medium
project_03912,FinTech,High,10,6,2,12,30,6.5,52.0,Advanced,Medium,29043.36,1623761.34,High
project_03913,E-commerce,Low,5,4,2,8,14,2.8,11.2,Basic,Medium,3712.22,145493.88,Low
project_03914,Cloud System,Medium,8,7,2,14,21,5.3,33.9,Intermediate,Medium,18278.13,829031.67,Medium
project_03915,Healthcare,High,8,6,2,12,25,5.8,37.1,Advanced,High,24563.98,1440410.16,High
project_03916,Cloud System,Low,3,3,2,6,14,2.8,6.7,Basic,Low,1672.89,46853.18,Low
project_03917,Cloud System,Medium,8,8,2,16,22,5.8,37.1,Intermediate,Low,17403.02,883292.44,Medium
project_03918,Healthcare,High,11,12,2,24,21,7.7,67.8,Intermediate,High,57484.59,3358421.05,High
project_03919,AI Platform,Low,3,2,2,4,13,2.2,5.3,Basic,Low,1020.72,34761.51,Low
project_03920,E-commerce,Medium,5,6,2,12,19,5.7,22.8,Basic,High,8555.79,397649.13,High
project_03921,Cloud System,High,10,6,2,12,28,7.5,60.0,Advanced,High,31400.51,1744118.63,High
project_03922,Cloud System,Low,4,4,2,8,14,3.2,10.2,Basic,Medium,3145.27,119463.7,Low
project_03923,EdTech,Medium,7,7,2,14,18,4.8,26.9,Intermediate,Low,13550.78,615020.03,Medium
project_03924,SaaS,High,12,6,2,12,27,5.6,53.8,Advanced,High,38657.13,2033636.52,High
project_03925,AI Platform,Low,5,4,2,8,12,3.7,14.8,Basic,Low,3376.83,121877.54,Low
project_03926,IoT,Medium,8,5,2,10,19,5.9,37.8,Intermediate,Medium,12474.15,564571.1,Medium
project_03927,Healthcare,High,9,12,2,24,20,7.4,53.3,Advanced,High,56231.9,2854679.59,High
project_03928,E-commerce,Low,4,4,2,8,14,3.7,11.8,Basic,Low,2661.69,91167.44,Low
project_03929,AI Platform,Medium,8,6,2,12,16,5.3,33.9,Intermediate,High,17230.86,663456.62,High
project_03930,Healthcare,High,9,8,2,16,25,6.5,46.8,Advanced,Medium,31519.74,1888415.28,High
project_03931,Healthcare,Low,5,3,2,6,13,2.5,10.0,Basic,Low,2420.57,77802.0,Low
project_03932,SaaS,Medium,5,8,2,16,22,5.4,21.6,Intermediate,High,15192.76,589356.3,High
project_03933,SaaS,High,12,11,2,22,27,6.7,64.3,Advanced,Medium,61592.76,3373930.58,High
project_03934,IoT,Low,5,4,2,8,11,3.2,12.8,Basic,Low,3304.91,121747.83,Low
project_03935,E-commerce,Medium,6,5,2,10,18,4.9,23.5,Intermediate,Medium,9827.69,461918.59,Medium
project_03936,SaaS,High,12,7,2,14,26,7.7,73.9,Advanced,High,45084.89,2231328.93,High
project_03937,EdTech,Low,3,3,2,6,10,2.9,7.0,Basic,Low,1557.69,52607.64,Low
project_03938,Cloud System,Medium,5,7,2,14,16,4.1,16.4,Intermediate,High,11884.02,529819.15,High
project_03939,IoT,High,9,9,2,18,26,7.9,56.9,Advanced,High,42794.76,2533601.99,High
project_03940,FinTech,Low,5,3,2,6,15,3.7,14.8,Basic,Low,2527.12,102476.38,Low
project_03941,E-commerce,Medium,5,5,2,10,20,5.1,20.4,Intermediate,Medium,8423.45,333572.85,Medium
project_03942,E-commerce,High,12,9,2,18,27,5.8,55.7,Advanced,High,57632.82,3358673.47,High
project_03943,Cloud System,Low,5,4,2,8,14,3.1,12.4,Basic,Medium,3613.52,148676.91,Low
project_03944,IoT,Medium,8,6,2,12,15,4.8,30.7,Intermediate,Medium,15246.88,756840.29,Medium
project_03945,E-commerce,High,8,7,2,14,28,7.6,48.6,Advanced,High,31863.65,1835063.07,High
project_03946,AI Platform,Low,4,2,2,4,11,2.2,7.0,Basic,Medium,1494.47,55806.28,Low
project_03947,EdTech,Medium,6,4,2,8,19,5.4,25.9,Intermediate,High,9241.52,368050.84,High
project_03948,IoT,High,11,10,2,20,23,8.0,70.4,Intermediate,High,46812.29,2838618.62,High
project_03949,Cloud System,Low,3,3,2,6,11,3.7,8.9,Basic,Medium,1849.42,60069.34,Low
project_03950,AI Platform,Medium,5,6,2,12,22,5.8,23.2,Intermediate,Medium,10193.18,420472.89,Medium
project_03951,FinTech,High,10,6,2,12,22,7.1,56.8,Advanced,High,31235.4,1810382.23,High
project_03952,FinTech,Low,4,3,2,6,12,2.7,8.6,Basic,Medium,2184.55,73972.27,Low
project_03953,Cloud System,Medium,7,8,2,16,15,4.4,24.6,Intermediate,Medium,17174.64,814727.53,Medium
project_03954,IoT,High,9,8,2,16,21,6.1,43.9,Advanced,Medium,32229.76,1638676.81,High
project_03955,SaaS,Low,4,2,2,4,12,2.4,7.7,Basic,Low,1374.81,52637.44,Low
project_03956,Healthcare,Medium,5,7,2,14,22,5.9,23.6,Intermediate,High,12725.97,589658.89,High
project_03957,Healthcare,High,10,12,2,24,30,6.7,53.6,Advanced,Medium,53387.81,3023661.74,High
project_03958,E-commerce,Low,3,2,2,4,13,3.7,8.9,Basic,Low,1187.13,40581.06,Low
project_03959,FinTech,Medium,7,8,2,16,20,4.1,23.0,Basic,Low,12165.14,497528.49,Medium
project_03960,AI Platform,High,11,11,2,22,20,5.6,49.3,Advanced,High,62819.58,3145049.0,High
project_03961,AI Platform,Low,5,3,2,6,10,3.4,13.6,Basic,Low,2461.68,89070.22,Low
project_03962,FinTech,Medium,7,5,2,10,22,5.4,30.2,Intermediate,High,12784.05,625514.78,High
project_03963,Cloud System,High,11,8,2,16,20,6.2,54.6,Advanced,High,45462.63,2771248.46,High
project_03964,EdTech,Low,3,3,2,6,14,2.3,5.5,Basic,Low,1640.7,58407.95,Low
project_03965,AI Platform,Medium,6,5,2,10,15,4.8,23.0,Basic,High,8389.16,406839.05,High
project_03966,Cloud System,High,8,11,2,22,29,7.6,48.6,Advanced,High,46988.77,2571863.84,High
project_03967,E-commerce,Low,5,3,2,6,13,3.0,12.0,Basic,Low,2660.41,80479.55,Low
project_03968,EdTech,Medium,8,5,2,10,19,4.4,28.2,Basic,Low,8751.68,390805.99,Medium
project_03969,SaaS,High,10,12,2,24,22,6.9,55.2,Intermediate,High,48876.14,2955237.37,High
project_03970,FinTech,Low,3,2,2,4,15,2.9,7.0,Basic,Low,1147.05,40448.1,Low
project_03971,Cloud System,Medium,7,5,2,10,20,4.6,25.8,Intermediate,High,11972.12,617626.47,High
project_03972,EdTech,High,12,7,2,14,21,7.3,70.1,Advanced,High,43572.07,2263711.98,High
project_03973,IoT,Low,3,4,2,8,12,3.1,7.4,Basic,Medium,2317.26,70549.99,Low
project_03974,FinTech,Medium,8,5,2,10,15,5.1,32.6,Basic,Low,9331.51,392252.6,Medium
project_03975,AI Platform,High,10,8,2,16,22,5.4,43.2,Advanced,High,40888.54,2262139.72,High
project_03976,Healthcare,Low,5,2,2,4,10,3.3,13.2,Basic,Low,1786.66,57328.64,Low
project_03977,IoT,Medium,5,7,2,14,16,5.8,23.2,Intermediate,Medium,11265.32,538577.68,Medium
project_03978,Healthcare,High,11,7,2,14,22,6.2,54.6,Advanced,Medium,33915.87,1899915.95,High
project_03979,SaaS,Low,3,4,2,8,15,3.0,7.2,Basic,Low,2126.62,67803.47,Low
project_03980,IoT,Medium,6,5,2,10,15,4.7,22.6,Intermediate,Medium,9025.38,438822.73,Medium
project_03981,Healthcare,High,9,12,2,24,20,6.7,48.2,Intermediate,Medium,42332.97,2357926.68,High
project_03982,FinTech,Low,3,3,2,6,15,2.2,5.3,Basic,Low,1617.32,59242.3,Low
project_03983,SaaS,Medium,7,8,2,16,18,4.5,25.2,Intermediate,Medium,17684.72,710386.23,Medium
project_03984,Healthcare,High,10,11,2,22,28,7.0,56.0,Advanced,Medium,48675.52,2512538.82,High
project_03985,E-commerce,Low,3,3,2,6,15,3.0,7.2,Basic,Low,1671.5,59283.24,Low
project_03986,Healthcare,Medium,7,4,2,8,19,4.8,26.9,Intermediate,Medium,9413.9,441728.6,Medium
project_03987,SaaS,High,11,10,2,20,30,7.7,67.8,Intermediate,Medium,43458.35,2368431.49,High
project_03988,E-commerce,Low,5,3,2,6,11,2.7,10.8,Basic,Low,2539.68,83621.49,Low
project_03989,Healthcare,Medium,6,4,2,8,19,4.9,23.5,Basic,Low,5906.52,246191.8,Medium
project_03990,AI Platform,High,9,10,2,20,25,5.9,42.5,Intermediate,High,39210.54,2228939.3,High
project_03991,AI Platform,Low,3,2,2,4,10,2.4,5.8,Basic,Low,1034.76,43323.85,Low
project_03992,SaaS,Medium,8,6,2,12,16,5.8,37.1,Intermediate,High,17307.72,730811.58,High
project_03993,AI Platform,High,11,8,2,16,22,7.9,69.5,Advanced,High,47360.62,2538653.48,High
project_03994,SaaS,Low,5,4,2,8,13,3.8,15.2,Basic,Medium,3599.79,120748.06,Low
project_03995,AI Platform,Medium,5,6,2,12,15,4.6,18.4,Basic,Low,6808.52,321466.52,Medium
project_03996,AI Platform,High,10,8,2,16,30,5.4,43.2,Advanced,High,43236.39,2139720.8,High
project_03997,SaaS,Low,3,2,2,4,11,3.9,9.4,Basic,Low,1094.57,39826.64,Low
project_03998,Cloud System,Medium,7,5,2,10,19,4.0,22.4,Basic,Low,7713.39,321742.5,Medium
project_03999,FinTech,High,8,7,2,14,23,5.2,33.3,Intermediate,High,25357.87,1256421.97,High
project_04000,AI Platform,Low,4,3,2,6,10,2.7,8.6,Basic,Low,2075.1,80531.19,Low
project_04001,SaaS,Medium,6,6,2,12,21,4.6,22.1,Intermediate,Low,10211.01,495973.81,Medium
project_04002,AI Platform,High,12,12,2,24,24,7.1,68.2,Advanced,High,74943.6,3845790.82,High
project_04003,FinTech,Low,5,4,2,8,10,4.0,16.0,Basic,Medium,3725.81,127621.23,Low
project_04004,Cloud System,Medium,5,5,2,10,15,5.6,22.4,Intermediate,Medium,8083.97,391081.37,Medium
project_04005,E-commerce,High,10,9,2,18,30,5.4,43.2,Advanced,High,44416.0,2704939.02,High
project_04006,E-commerce,Low,3,4,2,8,15,3.2,7.7,Basic,Medium,2316.32,88253.98,Low
project_04007,Cloud System,Medium,5,8,2,16,21,5.1,20.4,Intermediate,High,13936.06,710076.12,High
project_04008,FinTech,High,11,8,2,16,28,7.3,64.2,Advanced,High,47754.09,2550617.89,High
project_04009,SaaS,Low,3,4,2,8,10,3.1,7.4,Basic,Low,2058.59,68057.21,Low
project_04010,IoT,Medium,8,7,2,14,17,4.4,28.2,Intermediate,High,18859.33,774966.94,High
project_04011,SaaS,High,9,7,2,14,25,7.0,50.4,Advanced,High,34248.87,1795418.98,High
project_04012,FinTech,Low,4,3,2,6,10,2.8,9.0,Basic,Low,2003.08,82040.14,Low
project_04013,SaaS,Medium,7,4,2,8,19,5.1,28.6,Intermediate,Low,8115.64,381909.52,Medium
project_04014,FinTech,High,9,8,2,16,26,6.2,44.6,Intermediate,Medium,28437.93,1353065.16,High
project_04015,SaaS,Low,3,4,2,8,10,2.4,5.8,Basic,Medium,2148.7,80528.73,Low
project_04016,Healthcare,Medium,6,7,2,14,19,4.6,22.1,Intermediate,Medium,13432.4,658892.95,Medium
project_04017,Healthcare,High,10,6,2,12,26,5.9,47.2,Intermediate,High,27393.69,1424120.99,High
project_04018,AI Platform,Low,3,2,2,4,10,3.0,7.2,Basic,Low,1092.26,43605.15,Low
project_04019,E-commerce,Medium,8,7,2,14,20,5.3,33.9,Intermediate,Low,16193.3,736125.66,Medium
project_04020,E-commerce,High,10,7,2,14,25,5.1,40.8,Advanced,High,38024.01,2069478.23,High
project_04021,IoT,Low,5,2,2,4,11,3.5,14.0,Basic,Low,1817.99,59716.27,Low
project_04022,SaaS,Medium,5,6,2,12,20,4.4,17.6,Intermediate,Low,8867.27,433210.75,Medium
project_04023,FinTech,High,12,8,2,16,28,5.3,50.9,Intermediate,Medium,35376.87,1819449.95,High
project_04024,AI Platform,Low,4,2,2,4,12,2.5,8.0,Basic,Low,1331.74,55811.05,Low
project_04025,IoT,Medium,8,7,2,14,18,4.9,31.4,Intermediate,Medium,17840.65,831616.63,Medium
project_04026,AI Platform,High,9,6,2,12,21,6.6,47.5,Advanced,Medium,24460.05,1362438.31,High
project_04027,E-commerce,Low,4,4,2,8,13,3.5,11.2,Basic,Low,2655.79,95394.35,Low
project_04028,IoT,Medium,5,7,2,14,19,4.8,19.2,Intermediate,High,12054.41,525800.33,High
project_04029,EdTech,High,8,6,2,12,24,6.7,42.9,Advanced,Medium,21656.23,1162875.49,High
project_04030,AI Platform,Low,5,3,2,6,15,2.8,11.2,Basic,Low,2596.8,90597.0,Low
project_04031,IoT,Medium,8,5,2,10,21,5.6,35.8,Intermediate,Medium,13008.41,555354.46,Medium
project_04032,Healthcare,High,12,12,2,24,25,6.7,64.3,Advanced,High,74037.06,4561487.81,High
project_04033,Cloud System,Low,5,3,2,6,11,3.0,12.0,Basic,Medium,2891.29,100375.46,Low
project_04034,E-commerce,Medium,8,4,2,8,16,5.5,35.2,Basic,Medium,8369.87,390070.95,Medium
project_04035,Cloud System,High,12,9,2,18,29,7.9,75.8,Intermediate,High,48267.58,2645583.4,High
project_04036,E-commerce,Low,4,3,2,6,15,2.5,8.0,Basic,Low,2026.03,66131.02,Low
project_04037,Healthcare,Medium,7,8,2,16,19,4.0,22.4,Intermediate,High,20124.39,998725.69,High
project_04038,AI Platform,High,8,9,2,18,23,7.0,44.8,Intermediate,High,29996.12,1742169.23,High
project_04039,FinTech,Low,4,3,2,6,10,3.6,11.5,Basic,Medium,2313.02,80867.67,Low
project_04040,E-commerce,Medium,6,6,2,12,19,4.1,19.7,Basic,Low,7797.95,377547.91,Medium
project_04041,Cloud System,High,11,9,2,18,23,5.7,50.2,Advanced,Medium,45580.93,2553456.16,High
project_04042,FinTech,Low,5,2,2,4,13,3.6,14.4,Basic,Low,1866.31,69443.29,Low
project_04043,Cloud System,Medium,6,5,2,10,22,5.9,28.3,Intermediate,High,11633.31,480416.72,High
project_04044,Cloud System,High,10,11,2,22,23,5.1,40.8,Advanced,Medium,47294.02,2992026.32,High
project_04045,Healthcare,Low,5,2,2,4,11,2.3,9.2,Basic,Low,1680.12,63492.27,Low
project_04046,E-commerce,Medium,8,6,2,12,21,4.8,30.7,Basic,Medium,12530.77,579637.72,Medium
project_04047,E-commerce,High,9,8,2,16,22,7.8,56.2,Intermediate,High,31819.42,1899424.07,High
project_04048,Healthcare,Low,5,3,2,6,10,2.2,8.8,Basic,Medium,2604.85,99168.37,Low
project_04049,IoT,Medium,8,6,2,12,21,5.8,37.1,Intermediate,Low,14112.68,684318.11,Medium
project_04050,AI Platform,High,12,11,2,22,29,7.9,75.8,Intermediate,Medium,51679.28,2621457.12,High
project_04051,AI Platform,Low,3,3,2,6,13,3.4,8.2,Basic,Low,1602.94,55853.71,Low
project_04052,SaaS,Medium,7,7,2,14,15,5.2,29.1,Intermediate,Medium,15684.56,712164.41,Medium
project_04053,IoT,High,9,12,2,24,28,7.6,54.7,Intermediate,Medium,41707.1,2183129.12,High
project_04054,Cloud System,Low,5,4,2,8,13,2.1,8.4,Basic,Low,3375.5,102545.02,Low
project_04055,Cloud System,Medium,5,7,2,14,19,4.7,18.8,Basic,Medium,8530.01,364670.54,Medium
project_04056,AI Platform,High,12,12,2,24,21,8.0,76.8,Advanced,Medium,66905.42,3315358.59,High
project_04057,FinTech,Low,5,4,2,8,12,2.1,8.4,Basic,Low,3189.43,103930.49,Low
project_04058,EdTech,Medium,6,7,2,14,22,5.3,25.4,Basic,Medium,10559.2,435242.81,Medium
project_04059,Healthcare,High,11,12,2,24,28,5.1,44.9,Advanced,High,67590.54,3676621.64,High
project_04060,AI Platform,Low,5,3,2,6,14,2.8,11.2,Basic,Low,2613.05,98378.39,Low
project_04061,IoT,Medium,7,6,2,12,16,4.7,26.3,Intermediate,Low,12276.13,563491.6,Medium
project_04062,AI Platform,High,9,6,2,12,27,5.0,36.0,Intermediate,Medium,21099.56,1173047.18,High
project_04063,FinTech,Low,3,4,2,8,15,2.8,6.7,Basic,Medium,2258.41,83736.31,Low
project_04064,FinTech,Medium,5,8,2,16,17,4.4,17.6,Intermediate,Medium,12470.27,558710.15,Medium
project_04065,IoT,High,12,7,2,14,23,7.7,73.9,Intermediate,High,37676.07,2099423.44,High
project_04066,Cloud System,Low,3,4,2,8,11,3.6,8.6,Basic,Low,1987.8,80516.35,Low
project_04067,Cloud System,Medium,7,7,2,14,16,4.1,23.0,Intermediate,Medium,15267.86,706273.24,Medium
project_04068,EdTech,High,9,10,2,20,27,5.6,40.3,Intermediate,High,38972.27,2183458.43,High
project_04069,Cloud System,Low,3,3,2,6,11,3.6,8.6,Basic,Low,1583.85,52545.1,Low
project_04070,AI Platform,Medium,8,5,2,10,19,4.1,26.2,Basic,Low,8904.89,409749.29,Medium
project_04071,AI Platform,High,12,6,2,12,22,6.0,57.6,Advanced,Medium,33021.38,1901859.58,High
project_04072,SaaS,Low,5,3,2,6,15,2.4,9.6,Basic,Low,2670.57,97959.49,Low
project_04073,Healthcare,Medium,7,7,2,14,19,4.0,22.4,Basic,Medium,12088.36,504276.98,Medium
project_04074,IoT,High,8,12,2,24,21,7.7,49.3,Advanced,High,51352.72,2752994.44,High
project_04075,E-commerce,Low,3,2,2,4,14,2.1,5.0,Basic,Low,1112.08,39665.25,Low
project_04076,SaaS,Medium,5,6,2,12,21,4.0,16.0,Basic,Medium,7765.83,311398.58,Medium
project_04077,E-commerce,High,11,6,2,12,26,5.6,49.3,Advanced,High,33744.87,1803364.75,High
project_04078,Cloud System,Low,3,3,2,6,14,2.0,4.8,Basic,Medium,1624.52,55791.51,Low
project_04079,AI Platform,Medium,6,5,2,10,17,5.0,24.0,Intermediate,Medium,9087.21,480426.04,Medium
project_04080,SaaS,High,9,12,2,24,21,6.8,49.0,Advanced,Medium,50768.63,2560371.95,High
project_04081,SaaS,Low,3,4,2,8,11,2.0,4.8,Basic,Low,2025.77,64560.52,Low
project_04082,IoT,Medium,8,4,2,8,21,5.3,33.9,Basic,Medium,8289.87,366978.82,Medium
project_04083,AI Platform,High,9,10,2,20,28,7.3,52.6,Advanced,High,49296.03,2414075.63,High
project_04084,E-commerce,Low,5,3,2,6,11,3.3,13.2,Basic,Low,2480.92,80645.96,Low
project_04085,FinTech,Medium,5,5,2,10,20,5.8,23.2,Basic,Medium,6837.16,330458.07,Medium
project_04086,E-commerce,High,11,9,2,18,28,5.5,48.4,Intermediate,High,43985.48,2177838.34,High
project_04087,EdTech,Low,4,2,2,4,14,3.4,10.9,Basic,Medium,1582.93,57943.39,Low
project_04088,Healthcare,Medium,7,7,2,14,15,4.1,23.0,Intermediate,High,17484.64,707414.75,High
project_04089,Cloud System,High,11,7,2,14,20,5.5,48.4,Advanced,High,37933.53,2055850.2,High
project_04090,Healthcare,Low,3,3,2,6,14,3.3,7.9,Basic,Medium,1753.05,67168.24,Low
project_04091,AI Platform,Medium,5,8,2,16,20,5.6,22.4,Intermediate,High,13881.38,595186.68,High
project_04092,EdTech,High,9,6,2,12,26,5.3,38.2,Advanced,High,29180.99,1751975.87,High
project_04093,AI Platform,Low,3,2,2,4,15,2.0,4.8,Basic,Low,1099.87,39132.46,Low
project_04094,E-commerce,Medium,6,4,2,8,15,5.8,27.8,Intermediate,High,9226.13,393240.15,High
project_04095,EdTech,High,10,10,2,20,24,7.2,57.6,Advanced,High,53351.73,2493259.3,High
project_04096,FinTech,Low,5,2,2,4,11,2.3,9.2,Basic,Low,1690.4,58924.25,Low
project_04097,IoT,Medium,5,7,2,14,16,4.7,18.8,Basic,Medium,8736.93,446663.4,Medium
project_04098,SaaS,High,9,9,2,18,20,6.9,49.7,Advanced,Medium,38067.59,1865917.19,High
project_04099,IoT,Low,3,2,2,4,14,3.5,8.4,Basic,Medium,1235.61,39597.16,Low
project_04100,Healthcare,Medium,8,6,2,12,19,5.6,35.8,Intermediate,Low,13379.56,640818.03,Medium
project_04101,FinTech,High,11,7,2,14,23,6.2,54.6,Intermediate,High,31858.67,1781498.32,High
project_04102,FinTech,Low,4,4,2,8,12,3.6,11.5,Basic,Medium,3149.91,105618.81,Low
project_04103,E-commerce,Medium,5,6,2,12,21,5.5,22.0,Basic,Medium,7676.98,339199.52,Medium
project_04104,Cloud System,High,10,7,2,14,20,5.6,44.8,Intermediate,High,30477.36,1518246.91,High
project_04105,Healthcare,Low,3,2,2,4,15,3.8,9.1,Basic,Low,1175.24,46880.87,Low
project_04106,E-commerce,Medium,6,6,2,12,17,4.9,23.5,Intermediate,Low,10164.46,480984.45,Medium
project_04107,Healthcare,High,12,6,2,12,29,7.6,73.0,Intermediate,High,30825.55,1705866.62,High
project_04108,EdTech,Low,5,2,2,4,12,2.7,10.8,Basic,Medium,1856.12,70558.11,Low
project_04109,Cloud System,Medium,7,6,2,12,18,5.3,29.7,Intermediate,High,14487.37,602541.59,High
project_04110,Cloud System,High,10,9,2,18,24,6.2,49.6,Advanced,High,47988.69,2455525.94,High
project_04111,AI Platform,Low,4,3,2,6,12,3.1,9.9,Basic,Low,1972.86,68030.46,Low
project_04112,SaaS,Medium,5,6,2,12,17,4.4,17.6,Basic,Medium,7669.63,351919.31,Medium
project_04113,E-commerce,High,8,10,2,20,23,5.1,32.6,Intermediate,Medium,29755.55,1727583.2,High
project_04114,AI Platform,Low,5,2,2,4,10,3.7,14.8,Basic,Medium,1899.13,63716.18,Low
project_04115,FinTech,Medium,7,5,2,10,15,6.0,33.6,Intermediate,Medium,11400.36,491762.71,Medium
project_04116,FinTech,High,12,6,2,12,23,5.9,56.6,Advanced,High,37831.77,1966341.8,High
project_04117,SaaS,Low,4,4,2,8,14,2.1,6.7,Basic,Low,2757.47,96252.77,Low
project_04118,FinTech,Medium,7,5,2,10,20,4.4,24.6,Intermediate,Medium,11534.45,544295.63,Medium
project_04119,FinTech,High,9,8,2,16,22,5.3,38.2,Advanced,High,35879.87,2167884.25,High
project_04120,EdTech,Low,5,4,2,8,10,3.8,15.2,Basic,Medium,3715.73,115847.66,Low
project_04121,EdTech,Medium,5,5,2,10,15,5.6,22.4,Intermediate,High,8837.43,365182.65,High
project_04122,EdTech,High,8,11,2,22,21,6.6,42.2,Advanced,High,44682.69,2386753.19,High
project_04123,Healthcare,Low,5,2,2,4,12,3.5,14.0,Basic,Medium,1889.3,81318.96,Low
project_04124,FinTech,Medium,5,5,2,10,20,4.9,19.6,Basic,Medium,6208.69,288858.33,Medium
project_04125,E-commerce,High,11,7,2,14,24,7.5,66.0,Intermediate,Medium,28527.74,1649309.66,High
project_04126,Healthcare,Low,5,4,2,8,12,2.1,8.4,Basic,Low,3365.8,118361.05,Low
project_04127,AI Platform,Medium,7,7,2,14,18,4.0,22.4,Intermediate,High,16539.63,843174.07,High
project_04128,EdTech,High,9,10,2,20,24,7.2,51.8,Advanced,High,47886.05,2453105.28,High
project_04129,IoT,Low,5,2,2,4,14,2.3,9.2,Basic,Low,1753.17,56282.43,Low
project_04130,EdTech,Medium,5,6,2,12,15,5.6,22.4,Intermediate,High,10658.61,520301.34,High
project_04131,IoT,High,11,11,2,22,28,7.9,69.5,Advanced,High,65129.65,3744070.45,High
project_04132,EdTech,Low,5,4,2,8,10,3.1,12.4,Basic,Low,3195.75,110786.25,Low
project_04133,FinTech,Medium,8,8,2,16,17,4.5,28.8,Basic,Low,14316.28,663265.59,Medium
project_04134,E-commerce,High,10,6,2,12,21,8.0,64.0,Intermediate,Medium,23991.49,1396041.23,High
project_04135,FinTech,Low,5,2,2,4,14,2.0,8.0,Basic,Low,1690.33,59537.59,Low
project_04136,IoT,Medium,6,5,2,10,17,5.2,25.0,Intermediate,High,10528.62,491196.01,High
project_04137,FinTech,High,11,11,2,22,21,5.6,49.3,Advanced,High,63667.93,3410473.67,High
project_04138,AI Platform,Low,3,3,2,6,13,2.2,5.3,Basic,Low,1584.74,45176.37,Low
project_04139,FinTech,Medium,5,8,2,16,21,4.2,16.8,Basic,Low,9530.24,382050.24,Medium
project_04140,FinTech,High,9,9,2,18,20,6.1,43.9,Intermediate,Medium,29955.22,1665710.18,High
project_04141,Healthcare,Low,5,2,2,4,14,2.8,11.2,Basic,Low,1821.16,62149.91,Low
project_04142,SaaS,Medium,5,7,2,14,15,5.3,21.2,Basic,Medium,8777.07,392802.08,Medium
project_04143,E-commerce,High,8,7,2,14,29,5.4,34.6,Advanced,Medium,26284.8,1527743.24,High
project_04144,IoT,Low,5,2,2,4,15,2.9,11.6,Basic,Low,1702.44,63278.18,Low
project_04145,EdTech,Medium,6,6,2,12,19,5.1,24.5,Intermediate,Medium,11791.66,470575.13,Medium
project_04146,Healthcare,High,8,11,2,22,20,5.9,37.8,Advanced,Medium,41466.79,2242138.26,High
project_04147,E-commerce,Low,4,2,2,4,13,3.2,10.2,Basic,Low,1487.2,57085.63,Low
project_04148,FinTech,Medium,8,6,2,12,15,4.3,27.5,Intermediate,Medium,14049.02,595405.61,Medium
project_04149,SaaS,High,10,11,2,22,27,5.6,44.8,Intermediate,High,48049.98,2454643.07,High
project_04150,Healthcare,Low,5,4,2,8,10,3.5,14.0,Basic,Medium,3513.39,107013.51,Low
project_04151,AI Platform,Medium,5,8,2,16,16,5.3,21.2,Intermediate,High,14610.4,557936.59,High
project_04152,SaaS,High,10,12,2,24,23,8.0,64.0,Advanced,High,63235.9,3295289.57,High
project_04153,IoT,Low,5,4,2,8,11,3.0,12.0,Basic,Low,3351.2,112675.68,Low
project_04154,Cloud System,Medium,8,5,2,10,19,4.6,29.4,Intermediate,High,14661.71,656488.09,High
project_04155,E-commerce,High,9,7,2,14,30,7.7,55.4,Advanced,Medium,29484.44,1716568.82,High
project_04156,IoT,Low,4,3,2,6,15,3.9,12.5,Basic,Low,2094.4,72638.11,Low
project_04157,FinTech,Medium,7,8,2,16,15,4.7,26.3,Intermediate,High,18792.76,952878.49,High
project_04158,FinTech,High,8,12,2,24,27,7.1,45.4,Advanced,High,48835.37,2479953.32,High
project_04159,EdTech,Low,3,4,2,8,13,3.7,8.9,Basic,Medium,2434.96,83554.39,Low
project_04160,Healthcare,Medium,5,8,2,16,20,5.4,21.6,Basic,Medium,10470.83,472248.78,Medium
project_04161,E-commerce,High,10,10,2,20,30,8.0,64.0,Intermediate,High,44134.52,2338854.99,High
project_04162,SaaS,Low,4,2,2,4,15,3.5,11.2,Basic,Low,1524.87,53632.04,Low
project_04163,SaaS,Medium,7,6,2,12,21,5.4,30.2,Intermediate,Medium,13123.63,634161.49,Medium
project_04164,AI Platform,High,8,7,2,14,27,5.4,34.6,Intermediate,High,25494.49,1396639.56,High
project_04165,FinTech,Low,3,2,2,4,13,3.0,7.2,Basic,Low,1114.58,39833.27,Low
project_04166,AI Platform,Medium,6,7,2,14,19,5.6,26.9,Intermediate,Low,12524.87,526693.05,Medium
project_04167,Cloud System,High,9,7,2,14,27,7.0,50.4,Intermediate,Medium,25514.62,1321899.45,High
project_04168,AI Platform,Low,4,2,2,4,14,3.5,11.2,Basic,Low,1427.02,45804.11,Low
project_04169,Healthcare,Medium,8,4,2,8,20,4.2,26.9,Basic,Medium,8249.03,345382.48,Medium
project_04170,EdTech,High,9,12,2,24,22,5.7,41.0,Advanced,Medium,47938.6,2823620.22,High
project_04171,EdTech,Low,3,4,2,8,13,3.6,8.6,Basic,Low,2181.15,76023.38,Low
project_04172,Healthcare,Medium,5,8,2,16,22,4.3,17.2,Basic,Low,9226.23,388684.19,Medium
project_04173,FinTech,High,10,8,2,16,22,5.5,44.0,Advanced,High,40145.89,2179575.84,High
project_04174,AI Platform,Low,5,3,2,6,11,2.6,10.4,Basic,Low,2592.33,93667.97,Low
project_04175,AI Platform,Medium,5,8,2,16,21,4.6,18.4,Intermediate,Medium,12220.93,593310.36,Medium
project_04176,FinTech,High,11,9,2,18,21,7.6,66.9,Advanced,Medium,44844.05,2278278.37,High
project_04177,FinTech,Low,5,4,2,8,14,3.6,14.4,Basic,Medium,3791.17,143202.04,Low
project_04178,EdTech,Medium,8,8,2,16,22,5.0,32.0,Intermediate,Medium,20523.97,812198.59,Medium
project_04179,Cloud System,High,10,7,2,14,25,6.7,53.6,Intermediate,Medium,27745.22,1490899.18,High
project_04180,EdTech,Low,5,3,2,6,14,3.3,13.2,Basic,Low,2624.33,100809.21,Low
project_04181,SaaS,Medium,7,5,2,10,18,5.0,28.0,Basic,Medium,9258.3,419041.26,Medium
project_04182,SaaS,High,11,7,2,14,27,5.1,44.9,Advanced,Medium,33618.93,1865998.64,High
project_04183,FinTech,Low,5,3,2,6,15,3.7,14.8,Basic,Medium,2996.27,88109.84,Low
project_04184,SaaS,Medium,6,6,2,12,19,5.2,25.0,Intermediate,Low,10067.0,506035.75,Medium
project_04185,SaaS,High,8,6,2,12,30,7.2,46.1,Intermediate,Medium,20133.61,1023439.26,High
project_04186,Cloud System,Low,4,4,2,8,13,3.8,12.2,Basic,Medium,3053.94,119716.62,Low
project_04187,E-commerce,Medium,8,8,2,16,16,4.7,30.1,Basic,Medium,15670.33,726851.81,Medium
project_04188,Cloud System,High,11,7,2,14,30,6.3,55.4,Intermediate,High,34336.72,1711026.43,High
project_04189,Cloud System,Low,3,4,2,8,14,3.4,8.2,Basic,Low,2136.95,76469.92,Low
project_04190,IoT,Medium,8,8,2,16,18,5.3,33.9,Basic,Medium,16400.19,716432.25,Medium
project_04191,Cloud System,High,9,7,2,14,26,6.1,43.9,Advanced,Medium,28699.7,1598880.66,High
project_04192,EdTech,Low,4,2,2,4,12,2.5,8.0,Basic,Low,1412.18,49904.11,Low
project_04193,EdTech,Medium,7,5,2,10,18,5.2,29.1,Basic,High,9640.35,501046.11,High
project_04194,Healthcare,High,10,8,2,16,25,5.5,44.0,Advanced,Medium,37379.94,1912133.77,High
project_04195,SaaS,Low,5,4,2,8,15,2.5,10.0,Basic,Low,3390.63,119728.1,Low
project_04196,SaaS,Medium,5,5,2,10,18,5.4,21.6,Intermediate,Medium,8325.18,401975.56,Medium
project_04197,E-commerce,High,11,12,2,24,20,5.3,46.6,Advanced,Medium,55769.14,2920362.93,High
project_04198,Cloud System,Low,3,2,2,4,15,4.0,9.6,Basic,Low,1206.02,35029.54,Low
project_04199,Healthcare,Medium,5,4,2,8,20,4.4,17.6,Basic,Low,4607.36,235534.86,Medium
project_04200,EdTech,High,8,11,2,22,25,6.0,38.4,Intermediate,Medium,32697.02,1764736.55,High
project_04201,AI Platform,Low,3,4,2,8,15,4.0,9.6,Basic,Medium,2418.69,78300.25,Low
project_04202,EdTech,Medium,6,4,2,8,17,5.6,26.9,Intermediate,Medium,8006.31,320553.76,Medium
project_04203,IoT,High,11,9,2,18,22,6.4,56.3,Advanced,Medium,42587.82,2221803.89,High
project_04204,SaaS,Low,5,3,2,6,13,4.0,16.0,Basic,Low,2581.7,81836.2,Low
project_04205,E-commerce,Medium,5,8,2,16,17,5.1,20.4,Basic,Medium,10167.12,393937.59,Medium
project_04206,E-commerce,High,10,7,2,14,22,5.8,46.4,Advanced,High,35141.03,1867493.86,High
project_04207,Cloud System,Low,4,4,2,8,13,3.2,10.2,Basic,Medium,2934.64,110334.94,Low
project_04208,EdTech,Medium,8,4,2,8,18,4.8,30.7,Intermediate,Medium,9740.87,433902.44,Medium
project_04209,E-commerce,High,11,9,2,18,23,8.0,70.4,Advanced,High,50213.68,2486839.87,High
project_04210,EdTech,Low,5,3,2,6,13,2.7,10.8,Basic,Low,2459.53,91933.87,Low
project_04211,Healthcare,Medium,5,8,2,16,22,4.2,16.8,Intermediate,Low,11730.81,465037.21,Medium
project_04212,EdTech,High,8,6,2,12,26,7.9,50.6,Advanced,Medium,23450.17,1150663.69,High
project_04213,AI Platform,Low,5,2,2,4,10,3.1,12.4,Basic,Low,1656.86,68095.27,Low
project_04214,SaaS,Medium,7,6,2,12,16,4.8,26.9,Intermediate,Medium,12491.41,581021.26,Medium
project_04215,IoT,High,11,8,2,16,25,7.4,65.1,Advanced,High,47904.89,2417979.09,High
project_04216,SaaS,Low,4,2,2,4,13,2.6,8.3,Basic,Low,1388.53,42087.73,Low
project_04217,E-commerce,Medium,5,7,2,14,18,4.6,18.4,Intermediate,Medium,10638.35,517883.11,Medium
project_04218,IoT,High,9,6,2,12,21,5.4,38.9,Advanced,High,29111.35,1420481.0,High
project_04219,EdTech,Low,5,3,2,6,13,2.6,10.4,Basic,Low,2643.75,100698.13,Low
project_04220,AI Platform,Medium,5,5,2,10,18,4.6,18.4,Intermediate,Low,7145.95,312971.18,Medium
project_04221,SaaS,High,9,10,2,20,22,5.2,37.4,Advanced,High,45110.46,2726300.92,High
project_04222,E-commerce,Low,5,4,2,8,13,2.2,8.8,Basic,Medium,3691.63,108119.17,Low
project_04223,SaaS,Medium,5,4,2,8,16,4.7,18.8,Intermediate,Medium,6635.65,321724.06,Medium
project_04224,IoT,High,10,12,2,24,23,5.3,42.4,Advanced,High,62376.37,3175452.35,High
project_04225,Cloud System,Low,5,3,2,6,13,3.8,15.2,Basic,Low,2520.96,79184.65,Low
project_04226,E-commerce,Medium,7,4,2,8,20,5.5,30.8,Intermediate,High,10870.27,481668.42,High
project_04227,Healthcare,High,10,7,2,14,27,7.8,62.4,Advanced,High,36407.86,2009374.0,High
project_04228,FinTech,Low,4,3,2,6,15,2.8,9.0,Basic,Low,2143.98,67850.51,Low
project_04229,AI Platform,Medium,5,6,2,12,20,5.6,22.4,Intermediate,Medium,9359.59,479584.69,Medium
project_04230,EdTech,High,10,10,2,20,30,7.7,61.6,Advanced,High,49995.2,2942714.61,High
project_04231,EdTech,Low,3,2,2,4,10,2.4,5.8,Basic,Low,1050.64,36841.37,Low
project_04232,SaaS,Medium,5,8,2,16,20,4.0,16.0,Intermediate,Low,11215.12,466933.63,Medium
project_04233,Cloud System,High,12,10,2,20,20,7.6,73.0,Intermediate,Medium,46700.57,2588472.9,High
project_04234,FinTech,Low,5,3,2,6,13,2.5,10.0,Basic,Low,2624.57,79279.95,Low
project_04235,Cloud System,Medium,8,8,2,16,19,5.6,35.8,Intermediate,Low,17352.63,850638.47,Medium
project_04236,Cloud System,High,8,12,2,24,30,6.6,42.2,Intermediate,High,41236.54,2343893.7,High
project_04237,Healthcare,Low,3,3,2,6,11,3.8,9.1,Basic,Low,1550.42,59333.51,Low
project_04238,SaaS,Medium,5,5,2,10,18,4.4,17.6,Basic,Medium,6564.94,265979.68,Medium
project_04239,E-commerce,High,10,11,2,22,22,5.4,43.2,Intermediate,High,47581.23,2429972.43,High
project_04240,AI Platform,Low,3,3,2,6,13,2.4,5.8,Basic,Low,1571.69,56974.66,Low
project_04241,AI Platform,Medium,6,6,2,12,16,5.0,24.0,Intermediate,Medium,11149.12,533281.51,Medium
project_04242,SaaS,High,9,7,2,14,21,5.6,40.3,Intermediate,High,26897.67,1502969.74,High
project_04243,AI Platform,Low,5,3,2,6,14,2.9,11.6,Basic,Medium,2750.31,83139.98,Low
project_04244,Healthcare,Medium,6,8,2,16,16,5.1,24.5,Intermediate,Medium,15142.58,612463.73,Medium
project_04245,SaaS,High,9,9,2,18,20,5.3,38.2,Advanced,Medium,36135.05,1969563.37,High
project_04246,Healthcare,Low,4,2,2,4,13,2.0,6.4,Basic,Medium,1457.31,48804.37,Low
project_04247,AI Platform,Medium,6,7,2,14,22,6.0,28.8,Intermediate,Low,12661.61,532191.54,Medium
project_04248,E-commerce,High,10,10,2,20,28,6.8,54.4,Advanced,Medium,45949.69,2479310.54,High
project_04249,E-commerce,Low,3,3,2,6,14,2.8,6.7,Basic,Low,1662.15,52996.09,Low
project_04250,E-commerce,Medium,6,8,2,16,22,4.8,23.0,Intermediate,Low,13946.27,632071.64,Medium
project_04251,SaaS,High,10,8,2,16,23,5.5,44.0,Intermediate,High,35005.88,1860373.75,High
project_04252,SaaS,Low,4,2,2,4,12,2.3,7.4,Basic,Low,1379.35,42521.07,Low
project_04253,E-commerce,Medium,6,8,2,16,20,4.1,19.7,Intermediate,Medium,15387.25,624543.28,Medium
project_04254,E-commerce,High,11,10,2,20,24,5.3,46.6,Advanced,High,58454.56,2880970.42,High
project_04255,Healthcare,Low,5,2,2,4,10,3.9,15.6,Basic,Medium,1844.37,78450.91,Low
project_04256,Healthcare,Medium,6,6,2,12,20,4.0,19.2,Basic,Low,8345.25,325125.82,Medium
project_04257,SaaS,High,9,11,2,22,20,7.4,53.3,Advanced,Medium,46442.82,2524166.07,High
project_04258,IoT,Low,4,3,2,6,15,3.7,11.8,Basic,Low,2162.02,64064.48,Low
project_04259,EdTech,Medium,7,5,2,10,16,5.0,28.0,Basic,High,9586.41,449631.65,High
project_04260,AI Platform,High,8,9,2,18,20,5.1,32.6,Advanced,High,37611.48,1961768.78,High
project_04261,Cloud System,Low,5,4,2,8,12,2.5,10.0,Basic,Low,3222.17,108170.51,Low
project_04262,E-commerce,Medium,6,8,2,16,19,5.8,27.8,Intermediate,Medium,15800.46,766171.98,Medium
project_04263,EdTech,High,8,12,2,24,27,5.4,34.6,Advanced,High,51398.32,2709139.95,High
project_04264,AI Platform,Low,5,3,2,6,12,3.6,14.4,Basic,Medium,2792.41,92768.6,Low
project_04265,Cloud System,Medium,8,4,2,8,18,5.5,35.2,Basic,Medium,8465.94,365815.95,Medium
project_04266,Cloud System,High,8,12,2,24,27,5.0,32.0,Advanced,Medium,41309.71,2253147.77,High
project_04267,E-commerce,Low,4,4,2,8,12,3.7,11.8,Basic,Medium,2922.21,104590.8,Low
project_04268,AI Platform,Medium,6,4,2,8,22,4.7,22.6,Intermediate,Medium,7853.48,369508.12,Medium
project_04269,Healthcare,High,9,10,2,20,26,5.5,39.6,Intermediate,High,38908.45,2195320.98,High
project_04270,E-commerce,Low,4,3,2,6,10,2.4,7.7,Basic,Medium,2154.44,79660.72,Low
project_04271,E-commerce,Medium,7,4,2,8,20,4.8,26.9,Intermediate,Medium,8640.91,426772.36,Medium
project_04272,SaaS,High,10,6,2,12,26,5.8,46.4,Intermediate,Medium,24027.88,1234174.05,High
project_04273,E-commerce,Low,5,3,2,6,12,3.4,13.6,Basic,Low,2527.05,86652.27,Low
project_04274,FinTech,Medium,5,4,2,8,16,4.2,16.8,Basic,Medium,5003.14,246361.75,Medium
project_04275,EdTech,High,12,7,2,14,25,5.8,55.7,Advanced,High,42860.25,2518494.86,High
project_04276,Cloud System,Low,5,4,2,8,15,2.9,11.6,Basic,Low,3516.27,138698.78,Low
project_04277,AI Platform,Medium,5,5,2,10,18,4.1,16.4,Intermediate,High,8747.3,419189.88,High
project_04278,Cloud System,High,9,8,2,16,20,6.2,44.6,Advanced,Medium,32458.45,1803592.69,High
project_04279,AI Platform,Low,4,2,2,4,15,2.1,6.7,Basic,Medium,1558.42,56850.87,Low
project_04280,EdTech,Medium,5,8,2,16,20,5.4,21.6,Intermediate,Low,11865.54,530681.48,Medium
project_04281,SaaS,High,12,8,2,16,29,5.8,55.7,Advanced,Medium,45273.44,2505607.58,High
project_04282,SaaS,Low,3,4,2,8,10,2.7,6.5,Basic,Medium,2172.99,69868.65,Low
project_04283,E-commerce,Medium,5,4,2,8,21,5.7,22.8,Intermediate,Low,6458.28,285833.2,Medium
project_04284,AI Platform,High,11,10,2,20,28,8.0,70.4,Advanced,High,60075.63,3154642.62,High
project_04285,FinTech,Low,5,2,2,4,14,3.9,15.6,Basic,Low,1855.25,57996.23,Low
project_04286,SaaS,Medium,5,5,2,10,16,4.3,17.2,Intermediate,Low,7534.57,352446.05,Medium
project_04287,Cloud System,High,9,12,2,24,26,7.8,56.2,Advanced,Medium,47609.16,2628864.82,High
project_04288,IoT,Low,3,2,2,4,15,2.4,5.8,Basic,Medium,1261.65,50341.24,Low
project_04289,IoT,Medium,7,8,2,16,15,5.7,31.9,Intermediate,Medium,17988.75,827232.26,Medium
project_04290,E-commerce,High,10,10,2,20,24,6.7,53.6,Advanced,High,51920.05,3135697.94,High
project_04291,E-commerce,Low,3,4,2,8,11,2.1,5.0,Basic,Medium,2195.03,77925.32,Low
project_04292,EdTech,Medium,6,4,2,8,18,5.0,24.0,Basic,Low,5449.56,235515.44,Medium
project_04293,SaaS,High,10,12,2,24,22,5.3,42.4,Intermediate,High,50805.78,2786054.85,High
project_04294,AI Platform,Low,4,3,2,6,14,3.8,12.2,Basic,Low,2208.69,77466.53,Low
project_04295,AI Platform,Medium,8,5,2,10,18,4.1,26.2,Intermediate,Medium,12760.13,507386.73,Medium
project_04296,IoT,High,12,10,2,20,20,6.6,63.4,Intermediate,High,49921.27,2734796.34,High
project_04297,SaaS,Low,3,4,2,8,15,2.8,6.7,Basic,Low,2091.11,63850.88,Low
project_04298,Cloud System,Medium,8,7,2,14,19,5.8,37.1,Basic,Low,13050.32,578295.27,Medium
project_04299,SaaS,High,9,10,2,20,27,5.7,41.0,Advanced,Medium,40172.99,2162822.66,High
project_04300,EdTech,Low,5,2,2,4,12,3.3,13.2,Basic,Low,1768.43,59752.19,Low
project_04301,Healthcare,Medium,7,8,2,16,16,5.1,28.6,Basic,Low,12358.99,564770.75,Medium
project_04302,E-commerce,High,10,7,2,14,26,6.9,55.2,Intermediate,High,29500.14,1816040.6,High
project_04303,SaaS,Low,4,3,2,6,10,3.3,10.6,Basic,Medium,2324.14,83313.46,Low
project_04304,EdTech,Medium,6,7,2,14,21,4.2,20.2,Basic,Medium,10244.78,440582.06,Medium
project_04305,Healthcare,High,8,11,2,22,21,5.3,33.9,Advanced,High,45384.99,2549876.03,High
project_04306,IoT,Low,4,3,2,6,13,2.6,8.3,Basic,Medium,2330.38,74942.59,Low
project_04307,Healthcare,Medium,6,4,2,8,15,5.0,24.0,Basic,Medium,6390.59,272578.64,Medium
project_04308,AI Platform,High,12,12,2,24,20,7.3,70.1,Intermediate,Medium,51382.1,3075128.76,High
project_04309,AI Platform,Low,4,2,2,4,15,3.1,9.9,Basic,Medium,1675.35,60654.28,Low
project_04310,Healthcare,Medium,7,7,2,14,17,5.9,33.0,Intermediate,Medium,15492.92,715886.78,Medium
project_04311,AI Platform,High,12,6,2,12,27,7.0,67.2,Advanced,Medium,32019.83,2026724.95,High
project_04312,Cloud System,Low,3,3,2,6,14,2.6,6.2,Basic,Medium,1748.05,66340.64,Low
project_04313,SaaS,Medium,6,7,2,14,21,5.4,25.9,Basic,Medium,11023.23,517082.25,Medium
project_04314,E-commerce,High,10,12,2,24,30,6.8,54.4,Advanced,High,62461.87,3386884.45,High
project_04315,Cloud System,Low,3,4,2,8,13,3.5,8.4,Basic,Medium,2203.1,74440.96,Low
project_04316,AI Platform,Medium,8,4,2,8,16,4.8,30.7,Intermediate,Medium,10457.25,484357.17,Medium
project_04317,EdTech,High,10,6,2,12,21,5.4,43.2,Advanced,Medium,26572.65,1403422.85,High
project_04318,IoT,Low,4,4,2,8,13,3.5,11.2,Basic,Low,2832.26,96615.27,Low
project_04319,FinTech,Medium,5,6,2,12,16,4.8,19.2,Basic,High,8319.15,416738.02,High
project_04320,FinTech,High,10,12,2,24,27,6.5,52.0,Intermediate,High,51900.96,2665814.56,High
project_04321,AI Platform,Low,5,4,2,8,11,2.7,10.8,Basic,Low,3394.68,123849.12,Low
project_04322,AI Platform,Medium,7,7,2,14,21,5.1,28.6,Intermediate,High,17330.56,787737.48,High
project_04323,E-commerce,High,11,9,2,18,29,6.7,59.0,Advanced,High,52082.95,3133831.95,High
project_04324,EdTech,Low,3,4,2,8,12,3.3,7.9,Basic,Low,2125.45,73943.31,Low
project_04325,AI Platform,Medium,6,7,2,14,15,4.0,19.2,Basic,Low,9022.97,381020.02,Medium
project_04326,SaaS,High,12,12,2,24,22,7.4,71.0,Advanced,High,75421.63,4045490.35,High
project_04327,SaaS,Low,5,2,2,4,15,2.6,10.4,Basic,Medium,2014.67,64569.58,Low
project_04328,E-commerce,Medium,8,5,2,10,16,4.6,29.4,Intermediate,Medium,13029.93,615327.79,Medium
project_04329,FinTech,High,12,9,2,18,27,5.1,49.0,Advanced,High,57223.17,2792325.64,High
project_04330,AI Platform,Low,5,4,2,8,14,3.3,13.2,Basic,Medium,3693.44,142160.85,Low
project_04331,Healthcare,Medium,8,5,2,10,21,4.5,28.8,Intermediate,Medium,11983.94,539007.18,Medium
project_04332,FinTech,High,9,7,2,14,26,5.3,38.2,Advanced,High,33682.47,2019281.94,High
project_04333,IoT,Low,5,2,2,4,10,3.5,14.0,Basic,Low,1734.77,60869.6,Low
project_04334,IoT,Medium,6,7,2,14,16,5.2,25.0,Intermediate,Low,12273.5,533180.04,Medium
project_04335,FinTech,High,8,9,2,18,28,7.5,48.0,Advanced,Medium,32966.0,1809129.47,High
project_04336,FinTech,Low,5,2,2,4,10,2.8,11.2,Basic,Low,1679.72,63894.51,Low
project_04337,IoT,Medium,7,7,2,14,17,5.4,30.2,Intermediate,High,16811.32,797755.2,High
project_04338,FinTech,High,12,9,2,18,22,5.4,51.8,Intermediate,High,43598.03,2608778.16,High
project_04339,SaaS,Low,3,2,2,4,10,3.5,8.4,Basic,Medium,1151.74,46842.36,Low
project_04340,Healthcare,Medium,6,5,2,10,18,4.1,19.7,Intermediate,High,10993.02,504443.19,High
project_04341,Healthcare,High,11,6,2,12,24,7.7,67.8,Intermediate,High,30432.22,1664971.45,High
project_04342,AI Platform,Low,3,4,2,8,15,3.3,7.9,Basic,Low,2192.95,71318.74,Low
project_04343,EdTech,Medium,5,7,2,14,21,5.2,20.8,Intermediate,Medium,11633.3,478182.61,Medium
project_04344,Cloud System,High,11,8,2,16,25,5.5,48.4,Advanced,Medium,41361.94,2361696.49,High
project_04345,EdTech,Low,5,3,2,6,11,3.0,12.0,Basic,Low,2494.28,90715.15,Low
project_04346,FinTech,Medium,5,7,2,14,18,4.4,17.6,Intermediate,Medium,11170.29,494981.34,Medium
project_04347,FinTech,High,11,11,2,22,26,5.4,47.5,Advanced,High,63308.73,3434373.02,High
project_04348,SaaS,Low,3,2,2,4,15,3.8,9.1,Basic,Medium,1312.14,50890.03,Low
project_04349,IoT,Medium,8,5,2,10,19,5.7,36.5,Intermediate,High,14737.25,659125.46,High
project_04350,AI Platform,High,10,9,2,18,28,5.4,43.2,Intermediate,High,39857.21,2070850.37,High
project_04351,SaaS,Low,3,4,2,8,13,2.1,5.0,Basic,Medium,2214.94,74042.65,Low
project_04352,Healthcare,Medium,6,5,2,10,20,4.3,20.6,Basic,Medium,7542.2,330350.52,Medium
project_04353,EdTech,High,10,6,2,12,20,5.6,44.8,Intermediate,High,26119.39,1471380.72,High
project_04354,AI Platform,Low,3,2,2,4,15,2.1,5.0,Basic,Medium,1232.27,42191.47,Low
project_04355,Healthcare,Medium,7,4,2,8,16,5.7,31.9,Intermediate,Medium,9007.03,393574.28,Medium
project_04356,Cloud System,High,8,12,2,24,25,7.7,49.3,Advanced,Medium,42536.47,2459973.94,High
project_04357,IoT,Low,3,3,2,6,13,2.7,6.5,Basic,Medium,1761.96,64978.51,Low
project_04358,SaaS,Medium,8,7,2,14,20,4.8,30.7,Intermediate,Medium,17355.79,671940.58,Medium
project_04359,SaaS,High,11,10,2,20,21,6.0,52.8,Advanced,High,56992.16,3222964.03,High
project_04360,AI Platform,Low,5,2,2,4,14,3.0,12.0,Basic,Low,1825.27,56455.71,Low
project_04361,Healthcare,Medium,6,4,2,8,20,4.1,19.7,Basic,High,7012.49,317736.09,High
project_04362,FinTech,High,12,7,2,14,30,8.0,76.8,Intermediate,High,37413.67,2095275.75,High
project_04363,SaaS,Low,5,2,2,4,10,4.0,16.0,Basic,Low,1680.9,67265.41,Low
project_04364,Cloud System,Medium,8,8,2,16,17,5.3,33.9,Basic,Medium,15370.72,743262.86,Medium
project_04365,FinTech,High,8,7,2,14,25,6.5,41.6,Advanced,Medium,25409.76,1325120.3,High
project_04366,IoT,Low,3,2,2,4,15,3.0,7.2,Basic,Low,1126.67,38730.79,Low
project_04367,E-commerce,Medium,7,5,2,10,22,4.7,26.3,Intermediate,Low,10220.18,501535.62,Medium
project_04368,FinTech,High,8,6,2,12,23,6.5,41.6,Intermediate,High,21507.64,1054295.37,High
project_04369,EdTech,Low,3,3,2,6,13,2.5,6.0,Basic,Medium,1656.14,60485.18,Low
project_04370,SaaS,Medium,8,4,2,8,21,4.5,28.8,Basic,High,9323.34,399394.2,High
project_04371,IoT,High,12,7,2,14,28,5.5,52.8,Advanced,Medium,38662.67,1937777.77,High
project_04372,IoT,Low,4,2,2,4,11,3.4,10.9,Basic,Low,1418.01,42533.89,Low
project_04373,SaaS,Medium,5,5,2,10,17,5.6,22.4,Intermediate,Low,7459.01,292626.86,Medium
project_04374,SaaS,High,11,11,2,22,26,7.8,68.6,Intermediate,High,50826.62,2949644.11,High
project_04375,Healthcare,Low,4,2,2,4,15,2.6,8.3,Basic,Low,1391.17,45904.88,Low
project_04376,EdTech,Medium,6,5,2,10,17,5.7,27.4,Basic,Medium,8088.41,356023.52,Medium
project_04377,SaaS,High,9,10,2,20,28,6.2,44.6,Advanced,High,45486.96,2629580.89,High
project_04378,SaaS,Low,5,4,2,8,14,3.1,12.4,Basic,Low,3337.81,110754.19,Low
project_04379,IoT,Medium,6,5,2,10,17,5.9,28.3,Basic,High,8488.22,372225.62,High
project_04380,AI Platform,High,8,9,2,18,23,5.6,35.8,Intermediate,High,30128.63,1684318.8,High
project_04381,Cloud System,Low,5,4,2,8,10,3.6,14.4,Basic,Low,3278.8,131002.55,Low
project_04382,FinTech,Medium,7,4,2,8,19,4.9,27.4,Basic,High,8209.63,342866.98,High
project_04383,E-commerce,High,11,10,2,20,23,5.6,49.3,Advanced,Medium,50013.45,2576277.09,High
project_04384,SaaS,Low,5,2,2,4,13,2.4,9.6,Basic,Medium,1907.2,68945.8,Low
project_04385,AI Platform,Medium,5,5,2,10,16,4.6,18.4,Intermediate,Medium,8251.14,370656.13,Medium
project_04386,FinTech,High,8,10,2,20,22,6.7,42.9,Advanced,High,40206.62,2132823.94,High
project_04387,E-commerce,Low,4,3,2,6,11,3.5,11.2,Basic,Low,2049.42,70893.9,Low
project_04388,Healthcare,Medium,8,8,2,16,16,5.4,34.6,Intermediate,Medium,20264.16,780863.76,Medium
project_04389,Healthcare,High,8,12,2,24,20,5.9,37.8,Advanced,Medium,41791.97,2267705.14,High
project_04390,SaaS,Low,3,4,2,8,14,2.2,5.3,Basic,Low,1968.8,78201.43,Low
project_04391,SaaS,Medium,8,6,2,12,17,5.0,32.0,Intermediate,High,17149.88,771398.64,High
project_04392,SaaS,High,12,8,2,16,29,5.8,55.7,Advanced,High,51401.36,2631362.16,High
project_04393,E-commerce,Low,3,4,2,8,15,3.2,7.7,Basic,Low,2191.69,73469.97,Low
project_04394,Cloud System,Medium,5,4,2,8,17,4.6,18.4,Basic,Low,4879.51,225661.55,Medium
project_04395,AI Platform,High,8,11,2,22,27,6.4,41.0,Intermediate,High,37660.25,2146435.28,High
project_04396,AI Platform,Low,4,4,2,8,14,2.4,7.7,Basic,Low,2728.95,89812.07,Low
project_04397,AI Platform,Medium,8,5,2,10,21,5.9,37.8,Basic,Low,9027.59,380917.28,Medium
project_04398,EdTech,High,12,11,2,22,28,6.2,59.5,Advanced,High,64840.42,3568347.53,High
project_04399,AI Platform,Low,4,2,2,4,13,3.9,12.5,Basic,Medium,1692.21,62289.46,Low
project_04400,IoT,Medium,6,7,2,14,19,4.9,23.5,Intermediate,Low,11585.36,483788.79,Medium
project_04401,Healthcare,High,12,10,2,20,30,7.2,69.1,Advanced,Medium,52622.51,2851590.67,High
project_04402,E-commerce,Low,3,2,2,4,13,2.5,6.0,Basic,Low,1076.19,35603.94,Low
project_04403,AI Platform,Medium,8,8,2,16,21,4.3,27.5,Intermediate,High,21653.87,866759.51,High
project_04404,Cloud System,High,10,6,2,12,20,6.8,54.4,Intermediate,High,26578.83,1394568.44,High
project_04405,FinTech,Low,3,4,2,8,11,3.3,7.9,Basic,Low,2000.55,68351.95,Low
project_04406,AI Platform,Medium,7,7,2,14,15,5.6,31.4,Intermediate,Low,13800.64,634134.1,Medium
project_04407,SaaS,High,8,6,2,12,27,5.7,36.5,Advanced,High,25042.72,1433770.84,High
project_04408,Healthcare,Low,3,4,2,8,15,2.7,6.5,Basic,Low,2050.91,74368.19,Low
project_04409,Healthcare,Medium,8,8,2,16,15,5.3,33.9,Intermediate,Low,18038.04,788219.83,Medium
project_04410,EdTech,High,9,12,2,24,25,5.1,36.7,Advanced,High,54441.75,3321089.66,High
project_04411,Cloud System,Low,5,4,2,8,12,2.4,9.6,Basic,Medium,3673.72,139838.58,Low
project_04412,E-commerce,Medium,5,6,2,12,20,4.1,16.4,Intermediate,Medium,9247.51,425682.29,Medium
project_04413,SaaS,High,12,12,2,24,29,7.2,69.1,Advanced,Medium,64356.31,3540572.78,High
project_04414,IoT,Low,3,3,2,6,12,3.9,9.4,Basic,Medium,1714.03,58579.05,Low
project_04415,EdTech,Medium,6,7,2,14,17,4.8,23.0,Intermediate,High,14621.36,616630.43,High
project_04416,FinTech,High,8,6,2,12,26,5.9,37.8,Advanced,High,26608.78,1350895.36,High
project_04417,Cloud System,Low,4,4,2,8,14,3.2,10.2,Basic,Medium,3075.73,97449.41,Low
project_04418,AI Platform,Medium,8,8,2,16,16,4.9,31.4,Intermediate,Medium,20203.52,825622.12,Medium
project_04419,EdTech,High,8,6,2,12,22,6.0,38.4,Advanced,High,26419.17,1296268.31,High
project_04420,EdTech,Low,5,4,2,8,13,2.7,10.8,Basic,Medium,3817.36,113151.08,Low
project_04421,EdTech,Medium,6,4,2,8,17,4.8,23.0,Intermediate,High,8871.55,353708.71,High
project_04422,E-commerce,High,12,9,2,18,20,7.6,73.0,Advanced,High,56886.51,3219915.19,High
project_04423,E-commerce,Low,3,4,2,8,14,2.4,5.8,Basic,Low,2056.27,60173.9,Low
project_04424,Healthcare,Medium,5,6,2,12,17,4.7,18.8,Intermediate,Medium,9764.99,388771.77,Medium
project_04425,AI Platform,High,9,11,2,22,25,6.2,44.6,Advanced,High,48926.38,2901910.73,High
project_04426,AI Platform,Low,4,2,2,4,10,2.4,7.7,Basic,Low,1399.09,54691.78,Low
project_04427,Cloud System,Medium,6,7,2,14,20,5.7,27.4,Intermediate,High,15867.2,709800.03,High
project_04428,FinTech,High,10,9,2,18,20,5.4,43.2,Advanced,High,44912.71,2642774.24,High
project_04429,Healthcare,Low,3,2,2,4,11,2.5,6.0,Basic,Medium,1156.3,46711.9,Low
project_04430,FinTech,Medium,5,4,2,8,21,4.1,16.4,Basic,Low,4883.35,214903.79,Medium
project_04431,SaaS,High,8,8,2,16,27,5.3,33.9,Intermediate,High,27958.46,1665749.76,High
project_04432,IoT,Low,4,3,2,6,12,2.3,7.4,Basic,Low,1967.63,76677.7,Low
project_04433,IoT,Medium,5,5,2,10,21,4.3,17.2,Intermediate,Medium,7863.37,346005.77,Medium
project_04434,SaaS,High,12,12,2,24,21,6.8,65.3,Intermediate,Medium,53546.68,2678725.53,High
project_04435,FinTech,Low,4,3,2,6,15,2.6,8.3,Basic,Medium,2231.19,67484.38,Low
project_04436,FinTech,Medium,5,6,2,12,17,5.1,20.4,Intermediate,Low,8980.77,420819.74,Medium
project_04437,SaaS,High,8,6,2,12,27,6.8,43.5,Advanced,High,25378.02,1577123.77,High
project_04438,Cloud System,Low,4,3,2,6,10,2.8,9.0,Basic,Low,2059.84,73380.47,Low
project_04439,Healthcare,Medium,7,7,2,14,15,5.2,29.1,Intermediate,Medium,14400.04,659965.28,Medium
project_04440,Healthcare,High,11,12,2,24,28,7.8,68.6,Intermediate,High,56438.25,3060364.22,High
project_04441,Cloud System,Low,5,3,2,6,10,3.6,14.4,Basic,Low,2600.58,80758.62,Low
project_04442,FinTech,Medium,6,6,2,12,18,5.8,27.8,Basic,Medium,9431.86,369648.17,Medium
project_04443,IoT,High,10,7,2,14,22,7.7,61.6,Advanced,High,35511.86,1969470.85,High
project_04444,E-commerce,Low,4,4,2,8,12,3.3,10.6,Basic,Low,2827.45,87782.21,Low
project_04445,FinTech,Medium,6,7,2,14,20,5.9,28.3,Basic,High,11980.77,484797.74,High
project_04446,EdTech,High,8,12,2,24,25,7.6,48.6,Intermediate,High,41748.25,2317559.97,High
project_04447,SaaS,Low,3,3,2,6,11,2.1,5.0,Basic,Low,1486.34,50876.94,Low
project_04448,SaaS,Medium,8,6,2,12,18,4.7,30.1,Basic,Low,10519.74,495407.38,Medium
project_04449,Healthcare,High,12,12,2,24,20,6.4,61.4,Advanced,High,71821.18,3761505.19,High
project_04450,AI Platform,Low,3,3,2,6,14,3.0,7.2,Basic,Low,1541.69,57274.86,Low
project_04451,SaaS,Medium,5,5,2,10,15,4.7,18.8,Intermediate,High,8775.59,391273.96,High
project_04452,IoT,High,12,7,2,14,27,6.8,65.3,Advanced,High,44973.56,2629047.1,High
project_04453,FinTech,Low,4,2,2,4,14,2.4,7.7,Basic,Low,1440.75,43246.08,Low
project_04454,SaaS,Medium,5,7,2,14,22,4.5,18.0,Intermediate,High,12851.34,538870.68,High
project_04455,SaaS,High,9,7,2,14,22,7.3,52.6,Advanced,Medium,30461.97,1558134.34,High
project_04456,AI Platform,Low,3,4,2,8,14,3.7,8.9,Basic,Low,2233.16,76003.72,Low
project_04457,EdTech,Medium,6,8,2,16,21,5.6,26.9,Intermediate,Low,13988.69,686892.38,Medium
project_04458,E-commerce,High,9,6,2,12,20,6.0,43.2,Advanced,Medium,24666.77,1414418.42,High
project_04459,FinTech,Low,3,4,2,8,10,2.5,6.0,Basic,Medium,2291.88,83762.3,Low
project_04460,Healthcare,Medium,7,4,2,8,22,4.2,23.5,Intermediate,Low,8230.94,350582.61,Medium
project_04461,AI Platform,High,11,6,2,12,30,6.4,56.3,Intermediate,High,29128.75,1683527.24,High
project_04462,Healthcare,Low,3,2,2,4,11,2.9,7.0,Basic,Low,1055.87,37853.87,Low
project_04463,IoT,Medium,7,6,2,12,18,4.7,26.3,Intermediate,Medium,13651.26,617839.38,Medium
project_04464,IoT,High,12,7,2,14,23,7.4,71.0,Intermediate,Medium,32480.56,1748396.47,High
project_04465,EdTech,Low,3,4,2,8,14,2.7,6.5,Basic,Low,1979.7,73908.08,Low
project_04466,FinTech,Medium,8,8,2,16,21,5.6,35.8,Intermediate,Low,18534.92,829811.61,Medium
project_04467,EdTech,High,8,6,2,12,20,6.5,41.6,Intermediate,High,21794.43,1194448.55,High
project_04468,IoT,Low,4,4,2,8,15,2.2,7.0,Basic,Low,2795.26,89417.75,Low
project_04469,E-commerce,Medium,7,4,2,8,21,5.4,30.2,Intermediate,High,10042.11,467931.73,High
project_04470,Cloud System,High,9,10,2,20,21,7.0,50.4,Advanced,Medium,40105.14,2263322.29,High
project_04471,SaaS,Low,5,4,2,8,15,2.2,8.8,Basic,Low,3467.25,126597.97,Low
project_04472,E-commerce,Medium,6,4,2,8,19,5.5,26.4,Basic,Low,5680.33,227556.89,Medium
project_04473,Cloud System,High,11,10,2,20,30,5.3,46.6,Intermediate,High,45009.45,2514103.07,High
project_04474,EdTech,Low,4,4,2,8,11,2.7,8.6,Basic,Low,2564.7,86587.84,Low
project_04475,AI Platform,Medium,5,8,2,16,17,4.2,16.8,Intermediate,Medium,12496.84,575336.2,Medium
project_04476,FinTech,High,9,12,2,24,23,7.2,51.8,Advanced,High,57108.81,3168569.96,High
project_04477,SaaS,Low,4,3,2,6,15,3.7,11.8,Basic,Low,2040.89,82865.91,Low
project_04478,SaaS,Medium,8,6,2,12,22,4.5,28.8,Intermediate,Low,13683.55,608664.57,Medium
project_04479,SaaS,High,10,10,2,20,25,5.4,43.2,Intermediate,Medium,36980.87,1929543.18,High
project_04480,Healthcare,Low,5,3,2,6,15,2.5,10.0,Basic,Medium,2941.43,98333.62,Low
project_04481,IoT,Medium,7,4,2,8,21,4.7,26.3,Basic,Medium,7541.31,323698.71,Medium
project_04482,Cloud System,High,10,6,2,12,23,5.7,45.6,Advanced,High,31350.3,1759181.22,High
project_04483,IoT,Low,3,2,2,4,11,3.8,9.1,Basic,Low,1118.86,41613.18,Low
project_04484,Cloud System,Medium,7,5,2,10,19,5.1,28.6,Intermediate,High,12821.82,558084.73,High
project_04485,FinTech,High,8,9,2,18,27,6.0,38.4,Advanced,High,38399.82,2326729.69,High
project_04486,Cloud System,Low,3,3,2,6,10,2.3,5.5,Basic,Low,1580.19,57948.32,Low
project_04487,E-commerce,Medium,7,5,2,10,19,4.0,22.4,Intermediate,Medium,11318.59,533134.7,Medium
project_04488,AI Platform,High,9,6,2,12,23,6.3,45.4,Advanced,High,28503.13,1521469.19,High
project_04489,Cloud System,Low,4,2,2,4,14,3.4,10.9,Basic,Low,1470.82,46128.54,Low
project_04490,SaaS,Medium,6,6,2,12,21,5.2,25.0,Basic,Low,8517.6,371124.1,Medium
project_04491,EdTech,High,9,7,2,14,22,7.8,56.2,Intermediate,Medium,24591.06,1264224.33,High
project_04492,E-commerce,Low,5,4,2,8,15,2.0,8.0,Basic,Medium,3741.6,111009.79,Low
project_04493,Healthcare,Medium,6,6,2,12,17,4.4,21.1,Intermediate,Low,10686.58,421175.1,Medium
project_04494,EdTech,High,9,11,2,22,20,5.8,41.8,Advanced,Medium,42283.19,2329111.37,High
project_04495,SaaS,Low,4,2,2,4,12,2.3,7.4,Basic,Medium,1522.34,51375.08,Low
project_04496,EdTech,Medium,5,7,2,14,19,4.2,16.8,Basic,Medium,8470.41,347126.24,Medium
project_04497,Healthcare,High,11,7,2,14,29,5.1,44.9,Advanced,High,38563.29,1936963.55,High
project_04498,Healthcare,Low,5,2,2,4,11,3.7,14.8,Basic,Medium,1929.58,76316.93,Low
project_04499,AI Platform,Medium,5,6,2,12,18,4.1,16.4,Intermediate,Low,8468.04,331397.07,Medium
project_04500,Healthcare,High,8,7,2,14,23,6.4,41.0,Advanced,Medium,27033.52,1580551.55,High
project_04501,EdTech,Low,5,3,2,6,14,2.2,8.8,Basic,Medium,2879.25,100740.71,Low
project_04502,IoT,Medium,7,5,2,10,15,4.4,24.6,Basic,Low,8253.95,337501.75,Medium
project_04503,IoT,High,11,6,2,12,20,7.6,66.9,Advanced,High,34834.37,1827313.03,High
project_04504,AI Platform,Low,3,4,2,8,15,3.3,7.9,Basic,Low,2208.77,74328.96,Low
project_04505,Healthcare,Medium,7,6,2,12,18,5.1,28.6,Intermediate,Low,12490.35,554576.33,Medium
project_04506,IoT,High,8,6,2,12,25,6.6,42.2,Advanced,High,24731.98,1457665.69,High
project_04507,E-commerce,Low,3,2,2,4,14,2.7,6.5,Basic,Low,1111.33,38469.35,Low
project_04508,FinTech,Medium,5,7,2,14,19,5.7,22.8,Intermediate,Medium,10672.52,522219.22,Medium
project_04509,IoT,High,9,10,2,20,30,7.5,54.0,Advanced,High,47737.92,2580056.13,High
project_04510,E-commerce,Low,5,2,2,4,10,2.7,10.8,Basic,Low,1745.15,65166.69,Low
project_04511,AI Platform,Medium,7,4,2,8,15,4.9,27.4,Intermediate,Medium,9231.69,371436.56,Medium
project_04512,Cloud System,High,8,12,2,24,24,7.9,50.6,Advanced,High,49343.76,2912902.37,High
project_04513,AI Platform,Low,3,4,2,8,12,3.3,7.9,Basic,Medium,2396.34,86458.85,Low
project_04514,EdTech,Medium,6,4,2,8,17,5.4,25.9,Intermediate,High,9056.44,373596.18,High
project_04515,AI Platform,High,11,10,2,20,29,7.9,69.5,Intermediate,High,49592.45,2760972.08,High
project_04516,FinTech,Low,4,3,2,6,15,2.1,6.7,Basic,Low,2029.24,72039.44,Low
project_04517,EdTech,Medium,7,4,2,8,22,4.5,25.2,Basic,Low,6383.28,315627.59,Medium
project_04518,IoT,High,10,6,2,12,28,7.8,62.4,Advanced,High,31756.23,1564742.0,High
project_04519,FinTech,Low,5,4,2,8,14,2.2,8.8,Basic,Medium,3478.23,106469.12,Low
project_04520,SaaS,Medium,8,8,2,16,16,4.9,31.4,Intermediate,Low,17565.8,801530.84,Medium
project_04521,E-commerce,High,11,12,2,24,21,8.0,70.4,Advanced,Medium,57093.49,3498416.69,High
project_04522,AI Platform,Low,3,3,2,6,15,2.3,5.5,Basic,Medium,1665.67,69673.9,Low
project_04523,AI Platform,Medium,6,4,2,8,19,4.4,21.1,Intermediate,High,8464.95,427924.86,High
project_04524,SaaS,High,8,7,2,14,28,6.3,40.3,Intermediate,Medium,20959.97,1217740.13,High
project_04525,IoT,Low,4,4,2,8,13,3.7,11.8,Basic,Low,2818.28,103993.86,Low
project_04526,FinTech,Medium,7,5,2,10,18,5.4,30.2,Intermediate,High,12684.6,517312.62,High
project_04527,FinTech,High,10,9,2,18,30,7.2,57.6,Intermediate,High,40233.85,1941533.72,High
project_04528,Cloud System,Low,4,4,2,8,12,3.8,12.2,Basic,Low,2608.13,85477.56,Low
project_04529,AI Platform,Medium,6,6,2,12,19,4.3,20.6,Basic,High,9890.0,465678.36,High
project_04530,Cloud System,High,11,7,2,14,20,6.3,55.4,Intermediate,High,33723.55,1682349.92,High
project_04531,IoT,Low,4,3,2,6,13,3.4,10.9,Basic,Medium,2374.64,85889.63,Low
project_04532,EdTech,Medium,8,4,2,8,20,5.2,33.3,Basic,Medium,8283.26,343812.79,Medium
project_04533,FinTech,High,11,12,2,24,29,6.6,58.1,Advanced,High,70687.38,4126769.23,High
project_04534,E-commerce,Low,3,3,2,6,14,3.0,7.2,Basic,Low,1585.63,60019.49,Low
project_04535,Healthcare,Medium,7,6,2,12,22,4.0,22.4,Basic,High,11657.42,568226.27,High
project_04536,EdTech,High,12,7,2,14,30,6.0,57.6,Advanced,High,43660.6,2452325.0,High
project_04537,Healthcare,Low,5,2,2,4,12,2.8,11.2,Basic,Medium,1856.58,63126.41,Low
project_04538,Cloud System,Medium,8,8,2,16,20,5.6,35.8,Intermediate,Low,17147.15,887499.95,Medium
project_04539,Healthcare,High,12,12,2,24,24,5.6,53.8,Advanced,High,69597.53,4463720.21,High
project_04540,Healthcare,Low,3,2,2,4,12,3.2,7.7,Basic,Low,1147.8,37071.94,Low
project_04541,Cloud System,Medium,7,6,2,12,18,5.7,31.9,Intermediate,Medium,13423.96,667751.73,Medium
project_04542,Cloud System,High,10,8,2,16,27,6.7,53.6,Intermediate,High,34745.25,1988609.65,High
project_04543,E-commerce,Low,4,4,2,8,12,2.5,8.0,Basic,Low,2572.68,84052.77,Low
project_04544,E-commerce,Medium,8,7,2,14,20,4.7,30.1,Intermediate,High,19609.21,922858.3,High
project_04545,AI Platform,High,12,6,2,12,29,7.5,72.0,Intermediate,Medium,29109.61,1646464.29,High
project_04546,SaaS,Low,3,4,2,8,14,3.4,8.2,Basic,Medium,2233.87,76174.62,Low
project_04547,SaaS,Medium,6,5,2,10,20,5.4,25.9,Basic,Medium,8090.34,373027.46,Medium
project_04548,FinTech,High,9,8,2,16,20,7.1,51.1,Intermediate,Medium,27572.1,1541904.11,High
project_04549,AI Platform,Low,5,4,2,8,10,4.0,16.0,Basic,Low,3251.09,133014.02,Low
project_04550,AI Platform,Medium,7,4,2,8,21,5.7,31.9,Intermediate,High,10232.52,534448.48,High
project_04551,FinTech,High,11,10,2,20,24,6.7,59.0,Advanced,High,53819.05,3262809.72,High
project_04552,SaaS,Low,4,2,2,4,14,3.8,12.2,Basic,Low,1477.27,47071.4,Low
project_04553,Cloud System,Medium,7,5,2,10,18,5.4,30.2,Intermediate,Medium,11413.3,514834.98,Medium
project_04554,IoT,High,10,10,2,20,28,6.4,51.2,Advanced,High,53288.63,2965535.69,High
project_04555,SaaS,Low,4,3,2,6,10,3.1,9.9,Basic,Medium,2263.24,77048.97,Low
project_04556,SaaS,Medium,6,5,2,10,19,4.9,23.5,Intermediate,Medium,9251.3,434434.9,Medium
project_04557,FinTech,High,9,6,2,12,30,5.7,41.0,Advanced,High,28859.91,1423828.58,High
project_04558,AI Platform,Low,4,3,2,6,15,2.7,8.6,Basic,Low,2095.3,73685.48,Low
project_04559,EdTech,Medium,7,8,2,16,16,5.4,30.2,Basic,High,15916.58,622280.64,High
project_04560,AI Platform,High,11,9,2,18,29,7.6,66.9,Advanced,High,51118.1,2745816.85,High
project_04561,E-commerce,Low,5,3,2,6,10,3.1,12.4,Basic,Low,2480.95,85765.81,Low
project_04562,Healthcare,Medium,5,7,2,14,18,5.0,20.0,Intermediate,Low,9988.57,408950.48,Medium
project_04563,EdTech,High,10,9,2,18,20,7.2,57.6,Advanced,High,44804.67,2439802.75,High
project_04564,Healthcare,Low,3,4,2,8,15,3.4,8.2,Basic,Low,2197.03,67991.52,Low
project_04565,Healthcare,Medium,8,7,2,14,16,4.2,26.9,Intermediate,High,19464.45,936316.5,High
project_04566,IoT,High,10,9,2,18,28,7.0,56.0,Intermediate,High,40725.26,2113410.5,High
project_04567,Cloud System,Low,5,2,2,4,12,2.5,10.0,Basic,Medium,1970.46,58850.6,Low
project_04568,IoT,Medium,7,4,2,8,15,5.9,33.0,Intermediate,Low,8489.49,386281.68,Medium
project_04569,SaaS,High,12,6,2,12,28,6.3,60.5,Advanced,High,38236.47,2204139.65,High
project_04570,Healthcare,Low,5,4,2,8,14,3.2,12.8,Basic,Low,3296.41,104743.74,Low
project_04571,Healthcare,Medium,5,8,2,16,18,5.1,20.4,Intermediate,Medium,13043.35,583810.94,Medium
project_04572,Healthcare,High,8,7,2,14,30,5.7,36.5,Advanced,Medium,25722.29,1608576.22,High
project_04573,FinTech,Low,5,3,2,6,12,2.9,11.6,Basic,Medium,2869.19,102029.22,Low
project_04574,EdTech,Medium,8,6,2,12,15,4.8,30.7,Intermediate,Medium,15208.23,668013.61,Medium
project_04575,SaaS,High,8,6,2,12,30,6.5,41.6,Advanced,High,24932.1,1512329.48,High
project_04576,Cloud System,Low,4,4,2,8,10,3.9,12.5,Basic,Low,2617.93,99391.38,Low
project_04577,Cloud System,Medium,5,6,2,12,16,4.6,18.4,Intermediate,Medium,9583.49,448865.25,Medium
project_04578,Cloud System,High,12,7,2,14,22,7.3,70.1,Advanced,Medium,37764.22,2119831.81,High
project_04579,IoT,Low,3,2,2,4,10,2.4,5.8,Basic,Low,1097.25,38617.31,Low
project_04580,FinTech,Medium,5,7,2,14,18,5.8,23.2,Intermediate,Medium,11374.79,448011.36,Medium
project_04581,Cloud System,High,8,12,2,24,29,6.3,40.3,Intermediate,High,40013.19,2486576.47,High
project_04582,FinTech,Low,5,2,2,4,15,2.8,11.2,Basic,Medium,2038.28,66885.3,Low
project_04583,E-commerce,Medium,8,8,2,16,15,5.1,32.6,Basic,Low,14122.67,700689.08,Medium
project_04584,SaaS,High,9,8,2,16,21,6.4,46.1,Intermediate,High,31679.71,1658307.87,High
project_04585,Healthcare,Low,4,4,2,8,11,3.6,11.5,Basic,Medium,2879.0,102931.38,Low
project_04586,E-commerce,Medium,8,4,2,8,20,4.6,29.4,Intermediate,High,11534.68,552441.37,High
project_04587,IoT,High,10,6,2,12,20,5.2,41.6,Advanced,High,31661.42,1608147.19,High
project_04588,Cloud System,Low,5,3,2,6,13,2.2,8.8,Basic,Medium,2871.1,105603.13,Low
project_04589,Healthcare,Medium,7,7,2,14,19,4.1,23.0,Intermediate,Low,14429.93,637598.65,Medium
project_04590,FinTech,High,12,7,2,14,22,5.8,55.7,Intermediate,High,35511.08,1838933.56,High
project_04591,SaaS,Low,5,2,2,4,13,3.3,13.2,Basic,Low,1754.05,70058.0,Low
project_04592,Cloud System,Medium,7,5,2,10,15,5.6,31.4,Intermediate,Medium,10673.86,489364.9,Medium
project_04593,IoT,High,8,6,2,12,26,6.0,38.4,Intermediate,Medium,18342.18,940886.56,High
project_04594,Cloud System,Low,3,2,2,4,15,2.4,5.8,Basic,Low,1080.42,43019.42,Low
project_04595,Healthcare,Medium,7,5,2,10,21,5.5,30.8,Intermediate,High,12937.78,542047.19,High
project_04596,FinTech,High,10,10,2,20,29,6.8,54.4,Advanced,High,53777.79,2866223.83,High
project_04597,IoT,Low,4,3,2,6,13,2.2,7.0,Basic,Low,1951.3,73549.92,Low
project_04598,AI Platform,Medium,5,5,2,10,15,4.5,18.0,Intermediate,Medium,7611.5,374774.55,Medium
project_04599,Healthcare,High,9,9,2,18,23,5.0,36.0,Advanced,High,41615.95,2128480.03,High
project_04600,IoT,Low,5,2,2,4,11,3.7,14.8,Basic,Low,1707.11,52982.85,Low
project_04601,FinTech,Medium,5,6,2,12,19,4.4,17.6,Intermediate,Medium,9513.92,388989.34,Medium
project_04602,Cloud System,High,11,7,2,14,22,6.6,58.1,Advanced,High,39043.23,2258349.94,High
project_04603,AI Platform,Low,5,2,2,4,14,3.1,12.4,Basic,Medium,1951.39,75210.98,Low
project_04604,IoT,Medium,5,4,2,8,15,5.4,21.6,Intermediate,Medium,6651.64,313570.71,Medium
project_04605,Healthcare,High,8,8,2,16,26,6.7,42.9,Intermediate,High,28807.58,1373723.31,High
project_04606,SaaS,Low,5,3,2,6,13,2.3,9.2,Basic,Medium,2646.64,91937.05,Low
project_04607,SaaS,Medium,6,4,2,8,18,4.5,21.6,Basic,Medium,5923.51,305897.22,Medium
project_04608,IoT,High,12,7,2,14,23,5.8,55.7,Advanced,High,42597.57,2585547.54,High
project_04609,E-commerce,Low,3,2,2,4,12,3.8,9.1,Basic,Low,1181.96,40754.92,Low
project_04610,Healthcare,Medium,6,7,2,14,20,4.1,19.7,Intermediate,Medium,13643.48,593317.41,Medium
project_04611,Cloud System,High,9,9,2,18,28,6.3,45.4,Advanced,High,42142.51,2147683.18,High
project_04612,FinTech,Low,4,4,2,8,12,2.7,8.6,Basic,Medium,2952.25,94405.27,Low
project_04613,EdTech,Medium,5,4,2,8,16,5.4,21.6,Intermediate,Medium,6791.5,256495.01,Medium
project_04614,IoT,High,10,11,2,22,28,5.6,44.8,Advanced,High,58342.51,3069253.32,High
project_04615,Healthcare,Low,3,2,2,4,15,3.5,8.4,Basic,Low,1217.83,39332.08,Low
project_04616,SaaS,Medium,5,6,2,12,21,4.1,16.4,Intermediate,Low,8532.03,334641.72,Medium
project_04617,AI Platform,High,9,9,2,18,24,5.2,37.4,Advanced,Medium,36293.5,2076456.94,High
project_04618,Healthcare,Low,5,4,2,8,11,2.2,8.8,Basic,Low,3162.79,119381.55,Low
project_04619,EdTech,Medium,5,6,2,12,15,5.1,20.4,Intermediate,Medium,9341.37,467156.6,Medium
project_04620,AI Platform,High,8,8,2,16,24,6.8,43.5,Advanced,High,32615.48,1767152.04,High
project_04621,SaaS,Low,3,4,2,8,14,4.0,9.6,Basic,Low,2141.26,69040.21,Low
project_04622,AI Platform,Medium,5,6,2,12,21,5.0,20.0,Intermediate,Medium,9983.91,443404.41,Medium
project_04623,EdTech,High,10,10,2,20,25,7.6,60.8,Advanced,High,52529.77,2613299.97,High
project_04624,Cloud System,Low,3,2,2,4,13,3.8,9.1,Basic,Low,1200.78,44472.94,Low
project_04625,FinTech,Medium,6,5,2,10,18,5.2,25.0,Basic,Medium,7989.33,355402.99,Medium
project_04626,SaaS,High,9,12,2,24,24,6.8,49.0,Intermediate,Medium,41865.57,2161882.48,High
project_04627,AI Platform,Low,4,3,2,6,11,2.6,8.3,Basic,Medium,2183.41,79050.75,Low
project_04628,FinTech,Medium,8,8,2,16,22,5.0,32.0,Basic,Low,15039.63,667244.31,Medium
project_04629,EdTech,High,11,7,2,14,26,7.5,66.0,Advanced,High,42072.54,2217785.05,High
project_04630,Cloud System,Low,3,4,2,8,11,3.9,9.4,Basic,Low,2151.88,76241.48,Low
project_04631,Healthcare,Medium,7,5,2,10,19,4.3,24.1,Intermediate,Medium,10669.69,503167.74,Medium
project_04632,EdTech,High,11,11,2,22,29,5.3,46.6,Advanced,Medium,55672.81,2666582.44,High
project_04633,AI Platform,Low,4,2,2,4,11,3.7,11.8,Basic,Low,1432.1,46964.76,Low
project_04634,EdTech,Medium,6,7,2,14,20,5.0,24.0,Basic,Medium,10478.17,479511.62,Medium
project_04635,Healthcare,High,11,11,2,22,25,6.2,54.6,Intermediate,High,50126.02,3023330.68,High
project_04636,IoT,Low,3,2,2,4,12,3.8,9.1,Basic,Low,1105.42,37589.56,Low
project_04637,E-commerce,Medium,5,5,2,10,22,4.3,17.2,Intermediate,Medium,8183.15,337124.03,Medium
project_04638,EdTech,High,12,12,2,24,21,6.9,66.2,Advanced,Medium,66632.02,3530338.56,High
project_04639,E-commerce,Low,5,4,2,8,13,3.3,13.2,Basic,Low,3518.82,126251.86,Low
project_04640,Cloud System,Medium,5,8,2,16,16,4.9,19.6,Intermediate,Medium,12545.61,513470.8,Medium
project_04641,EdTech,High,10,10,2,20,22,5.8,46.4,Advanced,High,52442.28,2780544.8,High
project_04642,FinTech,Low,4,2,2,4,14,2.4,7.7,Basic,Low,1414.82,43292.13,Low
project_04643,IoT,Medium,8,6,2,12,15,5.4,34.6,Basic,Medium,12367.93,560693.79,Medium
project_04644,EdTech,High,9,10,2,20,20,6.0,43.2,Advanced,High,46872.17,2595520.86,High
project_04645,IoT,Low,5,2,2,4,13,3.2,12.8,Basic,Low,1754.93,60993.44,Low
project_04646,FinTech,Medium,8,6,2,12,19,5.1,32.6,Intermediate,Low,13167.81,617581.13,Medium
project_04647,SaaS,High,11,6,2,12,29,5.4,47.5,Advanced,High,34158.38,1865906.08,High
project_04648,Cloud System,Low,4,4,2,8,14,2.2,7.0,Basic,Medium,3010.42,105496.4,Low
project_04649,Healthcare,Medium,8,8,2,16,18,5.2,33.3,Intermediate,Medium,19076.09,925336.41,Medium
project_04650,E-commerce,High,8,6,2,12,24,5.8,37.1,Advanced,Medium,22784.89,1389206.95,High
project_04651,E-commerce,Low,4,3,2,6,15,3.2,10.2,Basic,Low,2011.89,77074.26,Low
project_04652,Healthcare,Medium,5,5,2,10,19,5.7,22.8,Intermediate,High,9042.63,437192.18,High
project_04653,FinTech,High,9,11,2,22,20,6.3,45.4,Intermediate,High,42504.72,2272555.44,High
project_04654,SaaS,Low,3,3,2,6,13,2.8,6.7,Basic,Medium,1729.58,61550.59,Low
project_04655,Healthcare,Medium,8,8,2,16,16,4.9,31.4,Basic,Medium,15943.29,634903.45,Medium
project_04656,EdTech,High,10,11,2,22,27,7.7,61.6,Advanced,High,59339.84,3467571.73,High
project_04657,E-commerce,Low,5,2,2,4,10,2.9,11.6,Basic,Low,1713.52,66374.49,Low
project_04658,FinTech,Medium,8,7,2,14,16,5.1,32.6,Intermediate,Medium,16791.77,793952.33,Medium
project_04659,SaaS,High,10,11,2,22,28,5.6,44.8,Advanced,Medium,48232.22,2617008.89,High
project_04660,E-commerce,Low,5,3,2,6,11,2.5,10.0,Basic,Low,2441.69,75983.13,Low
project_04661,AI Platform,Medium,6,4,2,8,18,4.6,22.1,Intermediate,High,8692.05,428468.58,High
project_04662,SaaS,High,10,10,2,20,26,7.1,56.8,Advanced,High,49928.55,3049411.74,High
project_04663,Cloud System,Low,5,4,2,8,10,2.5,10.0,Basic,Low,3270.42,125230.38,Low
project_04664,E-commerce,Medium,6,5,2,10,21,4.9,23.5,Intermediate,Low,8363.13,407849.82,Medium
project_04665,Cloud System,High,11,10,2,20,24,5.5,48.4,Intermediate,Medium,42691.52,2160977.09,High
project_04666,EdTech,Low,5,4,2,8,14,2.8,11.2,Basic,Low,3319.63,129797.69,Low
project_04667,AI Platform,Medium,6,8,2,16,21,5.2,25.0,Basic,Medium,11855.84,526759.81,Medium
project_04668,AI Platform,High,12,6,2,12,29,7.6,73.0,Advanced,High,39403.57,2052049.93,High
project_04669,EdTech,Low,5,3,2,6,10,2.7,10.8,Basic,Low,2435.67,79657.27,Low
project_04670,AI Platform,Medium,8,5,2,10,17,4.5,28.8,Intermediate,Low,11420.34,492052.55,Medium
project_04671,SaaS,High,8,10,2,20,20,5.2,33.3,Advanced,High,40879.94,2455775.13,High
project_04672,E-commerce,Low,5,2,2,4,13,2.9,11.6,Basic,Low,1811.89,54558.28,Low
project_04673,SaaS,Medium,6,4,2,8,17,4.8,23.0,Intermediate,Medium,7551.47,329995.39,Medium
project_04674,FinTech,High,10,10,2,20,20,5.1,40.8,Advanced,High,49846.6,2970205.49,High
project_04675,EdTech,Low,3,2,2,4,10,2.5,6.0,Basic,Medium,1197.17,38552.04,Low
project_04676,FinTech,Medium,6,5,2,10,20,5.5,26.4,Intermediate,Medium,9553.03,430467.46,Medium
project_04677,E-commerce,High,9,9,2,18,21,6.7,48.2,Advanced,High,40974.35,2293962.57,High
project_04678,Healthcare,Low,4,4,2,8,11,2.3,7.4,Basic,Medium,2847.34,112973.33,Low
project_04679,E-commerce,Medium,5,5,2,10,17,4.4,17.6,Intermediate,Low,7094.51,347653.14,Medium
project_04680,SaaS,High,8,6,2,12,23,6.4,41.0,Advanced,High,25221.81,1512847.56,High
project_04681,SaaS,Low,5,3,2,6,12,2.3,9.2,Basic,Low,2446.95,82063.42,Low
project_04682,IoT,Medium,6,7,2,14,21,4.2,20.2,Basic,High,11506.3,523785.62,High
project_04683,EdTech,High,11,8,2,16,27,6.0,52.8,Advanced,Medium,39401.12,2317701.21,High
project_04684,FinTech,Low,5,3,2,6,11,2.1,8.4,Basic,Low,2478.88,86049.95,Low
project_04685,AI Platform,Medium,8,8,2,16,17,4.9,31.4,Basic,High,18708.88,826366.85,High
project_04686,IoT,High,10,9,2,18,23,7.9,63.2,Advanced,Medium,40157.8,2420942.59,High
project_04687,E-commerce,Low,3,2,2,4,15,3.4,8.2,Basic,Medium,1305.7,44719.54,Low
project_04688,IoT,Medium,6,6,2,12,20,5.0,24.0,Basic,Medium,9126.19,421389.63,Medium
project_04689,E-commerce,High,8,8,2,16,21,5.6,35.8,Intermediate,High,26550.89,1553174.61,High
project_04690,EdTech,Low,3,3,2,6,10,2.9,7.0,Basic,Low,1627.31,59419.79,Low
project_04691,AI Platform,Medium,6,8,2,16,20,4.9,23.5,Intermediate,Medium,14787.59,622226.98,Medium
project_04692,E-commerce,High,9,8,2,16,27,7.9,56.9,Advanced,High,37424.04,1893879.62,High
project_04693,Healthcare,Low,4,4,2,8,13,3.0,9.6,Basic,Low,2822.73,103768.96,Low
project_04694,Cloud System,Medium,6,5,2,10,22,5.4,25.9,Intermediate,High,10914.1,466130.22,High
project_04695,IoT,High,11,8,2,16,21,5.1,44.9,Advanced,High,45897.72,2303073.27,High
project_04696,IoT,Low,5,3,2,6,13,3.8,15.2,Basic,Medium,2739.49,95054.13,Low
project_04697,Healthcare,Medium,6,6,2,12,15,5.2,25.0,Intermediate,Low,9912.33,399455.8,Medium
project_04698,IoT,High,11,8,2,16,26,7.3,64.2,Advanced,Medium,40770.54,2471436.5,High
project_04699,E-commerce,Low,4,2,2,4,11,3.1,9.9,Basic,Low,1361.59,56876.5,Low
project_04700,FinTech,Medium,6,8,2,16,22,5.4,25.9,Intermediate,Medium,15172.38,689922.9,Medium
project_04701,EdTech,High,12,6,2,12,24,6.7,64.3,Advanced,High,37365.17,2162460.57,High
project_04702,Cloud System,Low,5,3,2,6,15,2.5,10.0,Basic,Low,2513.31,76988.18,Low
project_04703,SaaS,Medium,6,4,2,8,18,5.6,26.9,Basic,Low,5609.33,286710.25,Medium
project_04704,SaaS,High,10,8,2,16,24,6.2,49.6,Advanced,Medium,37964.11,1798311.18,High
project_04705,SaaS,Low,5,2,2,4,14,2.1,8.4,Basic,Medium,1934.39,73086.5,Low
project_04706,AI Platform,Medium,5,5,2,10,18,4.4,17.6,Intermediate,High,9023.46,461928.89,High
project_04707,EdTech,High,10,7,2,14,30,5.2,41.6,Intermediate,High,30501.3,1737613.32,High
project_04708,E-commerce,Low,5,3,2,6,10,2.3,9.2,Basic,Medium,2735.08,92494.99,Low
project_04709,EdTech,Medium,6,8,2,16,19,5.7,27.4,Intermediate,Medium,15225.06,699662.49,Medium
project_04710,EdTech,High,11,10,2,20,30,5.7,50.2,Intermediate,High,48808.73,2314479.06,High
project_04711,E-commerce,Low,4,4,2,8,15,3.0,9.6,Basic,Low,2625.62,94291.03,Low
project_04712,Cloud System,Medium,5,4,2,8,18,5.8,23.2,Intermediate,Medium,6837.59,303647.47,Medium
project_04713,Healthcare,High,8,12,2,24,27,7.2,46.1,Advanced,High,49832.32,2859625.65,High
project_04714,Healthcare,Low,4,3,2,6,14,2.4,7.7,Basic,Low,2041.32,64480.08,Low
project_04715,EdTech,Medium,8,7,2,14,22,5.9,37.8,Basic,Medium,14460.83,555504.04,Medium
project_04716,EdTech,High,12,7,2,14,22,5.4,51.8,Advanced,High,43666.06,2383162.52,High
project_04717,FinTech,Low,3,3,2,6,10,3.1,7.4,Basic,Low,1518.18,55689.51,Low
project_04718,Healthcare,Medium,7,6,2,12,22,5.6,31.4,Basic,Medium,11009.46,455829.35,Medium
project_04719,EdTech,High,10,8,2,16,30,6.0,48.0,Advanced,High,43203.49,2496114.4,High
project_04720,IoT,Low,3,4,2,8,15,2.4,5.8,Basic,Low,2026.96,72190.94,Low
project_04721,E-commerce,Medium,8,4,2,8,15,4.6,29.4,Intermediate,High,11904.58,464071.79,High
project_04722,Cloud System,High,11,6,2,12,24,5.8,51.0,Intermediate,High,28711.12,1538192.77,High
project_04723,Cloud System,Low,5,3,2,6,11,2.8,11.2,Basic,Medium,2861.63,86087.97,Low
project_04724,AI Platform,Medium,6,6,2,12,22,4.7,22.6,Intermediate,Medium,11454.55,547071.58,Medium
project_04725,EdTech,High,10,8,2,16,23,6.2,49.6,Advanced,High,39638.35,2405327.56,High
project_04726,AI Platform,Low,5,3,2,6,14,2.1,8.4,Basic,Low,2615.16,94964.83,Low
project_04727,AI Platform,Medium,5,5,2,10,20,5.4,21.6,Intermediate,Medium,8464.6,422997.17,Medium
project_04728,Healthcare,High,8,12,2,24,21,7.5,48.0,Advanced,High,47645.57,2679570.56,High
project_04729,FinTech,Low,4,4,2,8,12,2.5,8.0,Basic,Low,2656.17,79107.19,Low
project_04730,AI Platform,Medium,7,4,2,8,17,4.3,24.1,Intermediate,Medium,8974.7,389853.58,Medium
project_04731,Healthcare,High,8,10,2,20,28,6.6,42.2,Advanced,Medium,37734.38,1777693.46,High
project_04732,Healthcare,Low,4,3,2,6,12,3.2,10.2,Basic,Low,2135.51,76020.17,Low
project_04733,IoT,Medium,5,8,2,16,18,5.1,20.4,Intermediate,High,14030.96,620477.45,High
project_04734,IoT,High,9,6,2,12,26,6.1,43.9,Advanced,Medium,26388.13,1430116.4,High
project_04735,FinTech,Low,4,2,2,4,14,2.1,6.7,Basic,Low,1359.49,48015.1,Low
project_04736,SaaS,Medium,5,4,2,8,17,4.8,19.2,Basic,Medium,5187.87,255669.7,Medium
project_04737,EdTech,High,9,6,2,12,22,6.1,43.9,Advanced,Medium,23990.01,1462894.32,High
project_04738,EdTech,Low,5,3,2,6,14,2.0,8.0,Basic,Low,2517.3,77231.66,Low
project_04739,SaaS,Medium,5,6,2,12,15,4.2,16.8,Intermediate,Medium,9227.74,427566.0,Medium
project_04740,EdTech,High,9,10,2,20,28,5.2,37.4,Intermediate,Medium,35332.66,1897945.04,High
project_04741,FinTech,Low,5,3,2,6,14,3.2,12.8,Basic,Low,2639.52,84767.96,Low
project_04742,IoT,Medium,5,6,2,12,22,4.4,17.6,Basic,Low,6931.96,353896.37,Medium
project_04743,SaaS,High,8,11,2,22,28,7.6,48.6,Intermediate,High,36660.11,2055289.27,High
project_04744,E-commerce,Low,3,4,2,8,15,3.9,9.4,Basic,Low,2236.91,84421.55,Low
project_04745,E-commerce,Medium,8,5,2,10,20,4.4,28.2,Intermediate,High,14942.29,614351.36,High
project_04746,FinTech,High,11,10,2,20,21,5.7,50.2,Advanced,Medium,48021.81,2491427.61,High
project_04747,AI Platform,Low,5,2,2,4,14,3.1,12.4,Basic,Low,1726.14,60639.33,Low
project_04748,Cloud System,Medium,8,7,2,14,17,5.7,36.5,Intermediate,Medium,17997.02,746133.44,Medium
project_04749,SaaS,High,10,8,2,16,27,7.1,56.8,Intermediate,Medium,32166.5,1687783.82,High
project_04750,IoT,Low,4,2,2,4,11,2.5,8.0,Basic,Low,1329.32,53889.67,Low
project_04751,Healthcare,Medium,6,8,2,16,20,5.6,26.9,Intermediate,Low,13733.85,589669.55,Medium
project_04752,E-commerce,High,8,6,2,12,22,5.9,37.8,Advanced,High,25374.92,1272591.27,High
project_04753,Healthcare,Low,5,3,2,6,12,2.4,9.6,Basic,Low,2519.14,86537.18,Low
project_04754,FinTech,Medium,5,6,2,12,17,5.5,22.0,Intermediate,Medium,9197.42,411555.03,Medium
project_04755,FinTech,High,8,9,2,18,23,5.7,36.5,Advanced,Medium,33614.97,1777001.74,High
project_04756,E-commerce,Low,3,4,2,8,11,2.9,7.0,Basic,Low,2143.17,68685.99,Low
project_04757,AI Platform,Medium,5,4,2,8,21,6.0,24.0,Intermediate,Medium,6634.88,291285.66,Medium
project_04758,IoT,High,11,9,2,18,21,6.1,53.7,Advanced,High,50467.65,2494403.39,High
project_04759,FinTech,Low,3,4,2,8,14,3.9,9.4,Basic,Low,2111.32,78516.7,Low
project_04760,SaaS,Medium,5,4,2,8,17,4.8,19.2,Intermediate,Medium,6362.53,261950.06,Medium
project_04761,IoT,High,11,7,2,14,21,7.7,67.8,Advanced,High,40812.65,2140616.24,High
project_04762,Healthcare,Low,5,3,2,6,10,2.1,8.4,Basic,Medium,2803.28,78982.94,Low
project_04763,Healthcare,Medium,8,7,2,14,16,5.9,37.8,Intermediate,Low,15182.07,750073.41,Medium
project_04764,IoT,High,10,6,2,12,23,7.9,63.2,Advanced,High,31872.56,1822294.62,High
project_04765,EdTech,Low,5,2,2,4,11,2.5,10.0,Basic,Low,1716.72,55462.48,Low
project_04766,Healthcare,Medium,8,8,2,16,17,5.0,32.0,Intermediate,High,23031.84,918332.92,High
project_04767,EdTech,High,10,11,2,22,29,6.9,55.2,Advanced,Medium,52441.92,2949656.1,High
project_04768,E-commerce,Low,4,3,2,6,11,2.9,9.3,Basic,Medium,2252.5,77600.18,Low
project_04769,IoT,Medium,5,8,2,16,15,5.0,20.0,Intermediate,Medium,12778.45,608510.63,Medium
project_04770,Healthcare,High,12,11,2,22,25,7.7,73.9,Intermediate,High,54134.77,2826725.34,High
project_04771,AI Platform,Low,5,4,2,8,11,3.7,14.8,Basic,Low,3417.1,110896.65,Low
project_04772,Cloud System,Medium,8,7,2,14,19,5.9,37.8,Basic,Low,13204.26,546121.84,Medium
project_04773,FinTech,High,11,6,2,12,27,7.4,65.1,Advanced,Medium,31082.96,1644073.25,High
project_04774,EdTech,Low,4,3,2,6,13,2.9,9.3,Basic,Low,1995.63,64404.64,Low
project_04775,Cloud System,Medium,5,8,2,16,15,5.8,23.2,Basic,Low,9119.15,430510.56,Medium
project_04776,IoT,High,11,6,2,12,28,7.4,65.1,Advanced,High,35410.51,2061302.83,High
project_04777,FinTech,Low,5,2,2,4,14,2.6,10.4,Basic,Low,1793.61,67718.77,Low
project_04778,FinTech,Medium,8,4,2,8,19,4.3,27.5,Intermediate,Medium,10173.51,467423.39,Medium
project_04779,EdTech,High,8,12,2,24,28,6.5,41.6,Intermediate,High,41231.3,2507561.96,High
project_04780,SaaS,Low,3,3,2,6,15,3.5,8.4,Basic,Low,1601.18,54997.33,Low
project_04781,EdTech,Medium,5,5,2,10,18,4.3,17.2,Basic,Low,5652.82,243003.59,Medium
project_04782,EdTech,High,10,11,2,22,24,6.9,55.2,Advanced,High,57406.02,3026744.63,High
project_04783,Cloud System,Low,4,3,2,6,13,3.5,11.2,Basic,Low,2018.67,70328.87,Low
project_04784,IoT,Medium,7,6,2,12,15,4.3,24.1,Intermediate,High,14912.16,696060.68,High
project_04785,AI Platform,High,8,9,2,18,28,7.5,48.0,Advanced,High,39817.85,2287154.68,High
project_04786,Healthcare,Low,4,4,2,8,14,2.2,7.0,Basic,Medium,2939.01,99577.98,Low
project_04787,IoT,Medium,7,6,2,12,16,4.2,23.5,Intermediate,Medium,13120.04,584554.5,Medium
project_04788,Cloud System,High,9,8,2,16,22,5.2,37.4,Intermediate,High,31398.99,1843726.19,High
project_04789,Cloud System,Low,5,3,2,6,15,3.6,14.4,Basic,Low,2554.72,89281.87,Low
project_04790,Cloud System,Medium,6,6,2,12,16,5.5,26.4,Basic,High,10677.26,476111.22,High
project_04791,IoT,High,8,12,2,24,30,7.0,44.8,Advanced,Medium,43983.2,2595800.99,High
project_04792,E-commerce,Low,5,4,2,8,13,3.5,14.0,Basic,Low,3453.66,116249.74,Low
project_04793,EdTech,Medium,6,5,2,10,20,5.1,24.5,Intermediate,Medium,9898.36,471348.32,Medium
project_04794,AI Platform,High,8,10,2,20,27,6.4,41.0,Advanced,High,43374.3,2382623.96,High
project_04795,Cloud System,Low,5,2,2,4,10,2.9,11.6,Basic,Low,1769.49,59547.39,Low
project_04796,EdTech,Medium,5,6,2,12,15,4.3,17.2,Intermediate,Medium,9109.79,436578.2,Medium
project_04797,SaaS,High,10,6,2,12,23,7.7,61.6,Advanced,Medium,29253.06,1546051.79,High
project_04798,SaaS,Low,5,3,2,6,11,3.2,12.8,Basic,Medium,2674.84,109350.83,Low
project_04799,Cloud System,Medium,6,6,2,12,15,4.2,20.2,Intermediate,Low,10172.77,477795.84,Medium
project_04800,AI Platform,High,11,9,2,18,23,7.7,67.8,Advanced,High,49924.74,2691354.4,High
project_04801,IoT,Low,3,3,2,6,15,2.5,6.0,Basic,Medium,1748.33,51947.49,Low
project_04802,FinTech,Medium,7,5,2,10,16,4.3,24.1,Basic,Medium,8915.47,378335.88,Medium
project_04803,FinTech,High,12,8,2,16,23,6.2,59.5,Advanced,High,50051.78,2575944.28,High
project_04804,Healthcare,Low,5,2,2,4,13,2.6,10.4,Basic,Low,1651.1,65697.93,Low
project_04805,Healthcare,Medium,7,5,2,10,22,4.2,23.5,Intermediate,Low,9592.04,410097.41,Medium
project_04806,AI Platform,High,11,6,2,12,23,6.3,55.4,Intermediate,High,28619.17,1575012.82,High
project_04807,IoT,Low,3,4,2,8,12,2.0,4.8,Basic,Low,1968.84,63114.67,Low
project_04808,SaaS,Medium,7,5,2,10,20,4.2,23.5,Basic,High,9625.16,417437.6,High
project_04809,Healthcare,High,10,10,2,20,21,7.6,60.8,Advanced,Medium,44083.12,2725150.07,High
project_04810,IoT,Low,5,3,2,6,13,3.1,12.4,Basic,Low,2579.66,94924.73,Low
project_04811,IoT,Medium,7,5,2,10,19,5.7,31.9,Intermediate,Medium,10748.44,536706.45,Medium
project_04812,Cloud System,High,8,7,2,14,23,6.8,43.5,Intermediate,Medium,20758.05,1097167.78,High
project_04813,E-commerce,Low,5,4,2,8,15,3.7,14.8,Basic,Medium,3592.37,148034.27,Low
project_04814,EdTech,Medium,6,8,2,16,21,4.9,23.5,Intermediate,Low,14081.93,600691.19,Medium
project_04815,EdTech,High,10,10,2,20,22,5.6,44.8,Advanced,Medium,43663.51,2222935.37,High
project_04816,Healthcare,Low,5,3,2,6,14,3.7,14.8,Basic,Low,2579.84,86237.22,Low
project_04817,AI Platform,Medium,7,4,2,8,19,4.8,26.9,Intermediate,Low,7803.15,396485.19,Medium
project_04818,E-commerce,High,10,12,2,24,22,5.2,41.6,Advanced,High,59016.69,3270328.32,High
project_04819,IoT,Low,3,2,2,4,13,2.5,6.0,Basic,Low,1058.85,42105.94,Low
project_04820,SaaS,Medium,7,4,2,8,17,4.0,22.4,Basic,Medium,6970.76,315738.73,Medium
project_04821,EdTech,High,12,10,2,20,24,6.5,62.4,Advanced,High,60279.16,3431490.48,High
project_04822,IoT,Low,4,2,2,4,11,2.3,7.4,Basic,Low,1414.45,47410.72,Low
project_04823,Healthcare,Medium,7,8,2,16,21,5.7,31.9,Intermediate,Low,16468.3,713155.74,Medium
project_04824,Healthcare,High,12,12,2,24,25,5.6,53.8,Advanced,Medium,61238.21,3745221.61,High
project_04825,E-commerce,Low,4,2,2,4,12,3.8,12.2,Basic,Medium,1603.04,51346.64,Low
project_04826,FinTech,Medium,5,4,2,8,19,5.2,20.8,Intermediate,Medium,6472.92,286221.87,Medium
project_04827,FinTech,High,11,9,2,18,29,8.0,70.4,Advanced,Medium,47109.5,2569017.56,High
project_04828,AI Platform,Low,4,4,2,8,10,3.8,12.2,Basic,Low,2656.12,88019.62,Low
project_04829,E-commerce,Medium,6,5,2,10,21,4.1,19.7,Intermediate,Medium,9372.34,460717.45,Medium
project_04830,EdTech,High,9,10,2,20,29,5.7,41.0,Intermediate,High,39543.74,2164959.66,High
project_04831,Healthcare,Low,5,4,2,8,11,3.3,13.2,Basic,Medium,3530.77,116418.21,Low
project_04832,Healthcare,Medium,5,4,2,8,15,4.9,19.6,Intermediate,High,7655.31,307955.26,High
project_04833,E-commerce,High,8,10,2,20,26,7.2,46.1,Advanced,Medium,36726.6,2209689.37,High
project_04834,IoT,Low,4,2,2,4,15,2.3,7.4,Basic,Medium,1613.55,55941.04,Low
project_04835,EdTech,Medium,8,5,2,10,16,5.0,32.0,Intermediate,Low,11648.8,516658.12,Medium
project_04836,SaaS,High,12,12,2,24,27,6.1,58.6,Advanced,High,69973.51,3676191.74,High
project_04837,EdTech,Low,3,4,2,8,11,2.7,6.5,Basic,Low,1987.77,69386.22,Low
project_04838,EdTech,Medium,6,6,2,12,21,4.7,22.6,Intermediate,Low,10568.93,414242.44,Medium
project_04839,Healthcare,High,8,7,2,14,25,5.2,33.3,Intermediate,High,23943.75,1354923.92,High
project_04840,Cloud System,Low,3,2,2,4,12,3.8,9.1,Basic,Low,1169.76,37283.47,Low
project_04841,FinTech,Medium,5,7,2,14,22,5.1,20.4,Intermediate,Medium,11646.17,444338.23,Medium
project_04842,Healthcare,High,11,6,2,12,24,5.2,45.8,Advanced,Medium,30208.62,1563781.92,High
project_04843,AI Platform,Low,4,2,2,4,10,2.3,7.4,Basic,Low,1363.98,46307.91,Low
project_04844,FinTech,Medium,5,5,2,10,20,5.0,20.0,Intermediate,Medium,8253.73,374884.9,Medium
project_04845,IoT,High,8,10,2,20,29,6.6,42.2,Intermediate,High,33748.61,1902399.6,High
project_04846,Cloud System,Low,4,3,2,6,15,2.2,7.0,Basic,Low,2004.88,76068.33,Low
project_04847,FinTech,Medium,6,6,2,12,22,4.6,22.1,Basic,Low,8348.65,352353.21,Medium
project_04848,FinTech,High,10,8,2,16,29,7.8,62.4,Intermediate,Medium,30240.7,1688309.51,High
project_04849,FinTech,Low,4,4,2,8,12,2.8,9.0,Basic,Medium,2888.89,95946.13,Low
project_04850,IoT,Medium,8,4,2,8,18,5.2,33.3,Basic,Medium,7974.21,366478.42,Medium
project_04851,Healthcare,High,12,11,2,22,23,7.3,70.1,Advanced,Medium,57044.66,3634754.03,High
project_04852,Cloud System,Low,4,3,2,6,14,3.6,11.5,Basic,Medium,2373.01,72779.56,Low
project_04853,Healthcare,Medium,7,6,2,12,20,4.3,24.1,Intermediate,Low,11444.07,561587.83,Medium
project_04854,EdTech,High,8,12,2,24,30,5.4,34.6,Advanced,Medium,45462.59,2105780.73,High
project_04855,FinTech,Low,4,4,2,8,14,2.1,6.7,Basic,Low,2710.61,104062.49,Low
project_04856,Cloud System,Medium,6,8,2,16,20,4.8,23.0,Basic,High,13567.88,686141.03,High
project_04857,E-commerce,High,12,6,2,12,24,6.9,66.2,Advanced,High,37315.64,2178888.16,High
project_04858,Healthcare,Low,3,4,2,8,11,2.2,5.3,Basic,Low,2080.15,78087.52,Low
project_04859,AI Platform,Medium,8,4,2,8,22,4.7,30.1,Basic,Low,7201.67,321514.89,Medium
project_04860,SaaS,High,9,12,2,24,20,7.6,54.7,Intermediate,High,47673.35,2195948.14,High
project_04861,FinTech,Low,4,4,2,8,15,3.3,10.6,Basic,Low,2711.0,112411.34,Low
project_04862,SaaS,Medium,5,4,2,8,19,4.1,16.4,Basic,Medium,5002.4,232514.02,Medium
project_04863,IoT,High,11,10,2,20,27,5.1,44.9,Advanced,Medium,50040.28,2766560.09,High
project_04864,AI Platform,Low,4,3,2,6,10,2.6,8.3,Basic,Low,2051.51,65642.35,Low
project_04865,AI Platform,Medium,6,6,2,12,22,5.9,28.3,Basic,Medium,8889.75,386575.08,Medium
project_04866,Cloud System,High,12,8,2,16,29,7.6,73.0,Advanced,High,50899.17,2787136.88,High
project_04867,SaaS,Low,3,3,2,6,11,2.5,6.0,Basic,Medium,1671.46,62595.77,Low
project_04868,IoT,Medium,8,7,2,14,21,4.5,28.8,Intermediate,Medium,17052.77,706273.52,Medium
project_04869,EdTech,High,10,11,2,22,24,7.2,57.6,Advanced,Medium,48667.2,2821222.13,High
project_04870,Cloud System,Low,3,2,2,4,14,2.0,4.8,Basic,Low,1087.67,34948.36,Low
project_04871,SaaS,Medium,7,7,2,14,15,4.9,27.4,Intermediate,Medium,14972.64,776991.08,Medium
project_04872,Cloud System,High,8,10,2,20,26,5.8,37.1,Intermediate,Medium,31766.87,1783272.73,High
project_04873,EdTech,Low,3,3,2,6,15,3.1,7.4,Basic,Low,1587.5,61527.65,Low
project_04874,E-commerce,Medium,6,6,2,12,19,5.5,26.4,Basic,Medium,9062.63,427381.65,Medium
project_04875,Cloud System,High,11,7,2,14,28,6.9,60.7,Advanced,High,41988.02,2446892.99,High
project_04876,IoT,Low,4,4,2,8,14,2.4,7.7,Basic,Low,2619.42,81373.71,Low
project_04877,AI Platform,Medium,7,5,2,10,17,4.5,25.2,Intermediate,Low,10079.17,469415.73,Medium
project_04878,SaaS,High,11,12,2,24,27,6.3,55.4,Advanced,High,68980.4,3761483.0,High
project_04879,IoT,Low,5,3,2,6,12,2.2,8.8,Basic,Low,2595.95,101974.71,Low
project_04880,E-commerce,Medium,8,6,2,12,15,5.3,33.9,Basic,High,13679.64,570189.0,High
project_04881,SaaS,High,9,6,2,12,23,5.3,38.2,Advanced,Medium,25593.29,1377854.55,High
project_04882,IoT,Low,5,3,2,6,15,3.3,13.2,Basic,Medium,2842.03,106179.55,Low
project_04883,FinTech,Medium,7,4,2,8,17,5.3,29.7,Intermediate,Medium,8565.05,393995.31,Medium
project_04884,E-commerce,High,10,12,2,24,30,6.9,55.2,Advanced,Medium,54023.28,2915788.63,High
project_04885,FinTech,Low,4,4,2,8,15,3.5,11.2,Basic,Low,2715.48,89886.2,Low
project_04886,E-commerce,Medium,7,6,2,12,19,5.5,30.8,Basic,Low,9432.17,410968.9,Medium
project_04887,AI Platform,High,11,9,2,18,29,7.2,63.4,Advanced,Medium,44046.39,2315507.6,High
project_04888,Healthcare,Low,3,4,2,8,11,3.2,7.7,Basic,Medium,2230.93,76461.23,Low
project_04889,SaaS,Medium,7,5,2,10,19,5.7,31.9,Intermediate,High,12575.65,616914.98,High
project_04890,FinTech,High,9,7,2,14,28,7.1,51.1,Intermediate,Medium,25659.02,1292470.1,High
project_04891,SaaS,Low,3,4,2,8,14,2.7,6.5,Basic,Low,2022.83,72264.75,Low
project_04892,IoT,Medium,7,6,2,12,15,4.8,26.9,Intermediate,Medium,13180.0,608434.26,Medium
project_04893,AI Platform,High,10,12,2,24,26,5.9,47.2,Advanced,High,59276.63,3453296.36,High
project_04894,Healthcare,Low,3,4,2,8,15,2.8,6.7,Basic,Low,2165.85,67054.16,Low
project_04895,SaaS,Medium,7,4,2,8,17,5.3,29.7,Intermediate,Low,8270.18,363066.06,Medium
project_04896,E-commerce,High,8,7,2,14,20,6.3,40.3,Advanced,Medium,25681.08,1347705.27,High
project_04897,FinTech,Low,4,4,2,8,12,2.4,7.7,Basic,Low,2787.32,97496.24,Low
project_04898,Cloud System,Medium,6,8,2,16,18,5.1,24.5,Intermediate,High,17355.61,827971.51,High
project_04899,AI Platform,High,10,6,2,12,23,7.9,63.2,Intermediate,Medium,24453.86,1276535.64,High
project_04900,Cloud System,Low,4,3,2,6,11,3.8,12.2,Basic,Medium,2398.71,79724.67,Low
project_04901,IoT,Medium,8,7,2,14,20,5.8,37.1,Intermediate,Low,16691.14,794707.42,Medium
project_04902,Cloud System,High,9,10,2,20,21,6.8,49.0,Advanced,Medium,42052.22,2464375.18,High
project_04903,EdTech,Low,3,2,2,4,12,2.9,7.0,Basic,Low,1053.88,38553.96,Low
project_04904,Healthcare,Medium,7,6,2,12,21,4.3,24.1,Basic,Low,9974.47,488116.26,Medium
project_04905,FinTech,High,9,6,2,12,27,5.3,38.2,Advanced,High,29434.79,1606468.87,High
project_04906,EdTech,Low,4,2,2,4,10,3.8,12.2,Basic,Medium,1620.33,56751.58,Low
project_04907,FinTech,Medium,6,4,2,8,22,5.1,24.5,Basic,Medium,6103.08,304075.01,Medium
project_04908,Cloud System,High,9,12,2,24,23,5.8,41.8,Intermediate,Medium,41404.66,2096368.55,High
project_04909,EdTech,Low,3,4,2,8,12,2.7,6.5,Basic,Medium,2219.56,77085.29,Low
project_04910,E-commerce,Medium,5,7,2,14,15,5.8,23.2,Intermediate,Medium,11475.7,542799.29,Medium
project_04911,FinTech,High,12,7,2,14,27,5.9,56.6,Intermediate,High,37292.79,2128438.04,High
project_04912,Healthcare,Low,5,2,2,4,14,3.0,12.0,Basic,Low,1817.44,60978.58,Low
project_04913,IoT,Medium,7,4,2,8,17,5.4,30.2,Intermediate,Medium,9006.24,359106.55,Medium
project_04914,Healthcare,High,10,8,2,16,24,6.3,50.4,Intermediate,High,34244.81,1949243.95,High
project_04915,FinTech,Low,4,4,2,8,10,2.1,6.7,Basic,Low,2633.0,77026.9,Low
project_04916,Cloud System,Medium,5,4,2,8,17,5.6,22.4,Intermediate,Medium,6904.73,333673.61,Medium
project_04917,AI Platform,High,9,12,2,24,24,6.3,45.4,Advanced,Medium,48887.56,2682982.33,High
project_04918,SaaS,Low,5,3,2,6,15,3.3,13.2,Basic,Low,2550.07,91181.79,Low
project_04919,E-commerce,Medium,7,8,2,16,18,4.8,26.9,Intermediate,Medium,16869.52,752862.05,Medium
project_04920,Cloud System,High,10,11,2,22,27,7.5,60.0,Advanced,Medium,51986.33,2429360.28,High
project_04921,FinTech,Low,4,4,2,8,13,3.2,10.2,Basic,Low,2753.68,94459.13,Low
project_04922,IoT,Medium,7,6,2,12,15,4.8,26.9,Intermediate,High,15237.6,595318.95,High
project_04923,Healthcare,High,9,12,2,24,26,7.6,54.7,Advanced,High,58490.99,2802465.79,High
project_04924,EdTech,Low,3,2,2,4,12,2.7,6.5,Basic,Medium,1139.55,35726.89,Low
project_04925,FinTech,Medium,8,4,2,8,19,4.6,29.4,Intermediate,Medium,9900.35,427576.4,Medium
project_04926,IoT,High,11,6,2,12,27,8.0,70.4,Intermediate,High,29561.11,1519365.53,High
project_04927,Cloud System,Low,4,4,2,8,11,3.2,10.2,Basic,Low,2600.14,101989.59,Low
project_04928,EdTech,Medium,7,6,2,12,16,5.2,29.1,Intermediate,High,14269.08,712617.85,High
project_04929,EdTech,High,12,9,2,18,21,5.4,51.8,Intermediate,High,45283.91,2674434.98,High
project_04930,Cloud System,Low,4,4,2,8,15,2.0,6.4,Basic,Low,2609.13,79204.95,Low
project_04931,Healthcare,Medium,8,5,2,10,20,5.3,33.9,Basic,High,11709.93,494068.97,High
project_04932,Healthcare,High,9,10,2,20,24,7.8,56.2,Intermediate,High,37598.91,2102326.53,High
project_04933,SaaS,Low,5,4,2,8,13,2.2,8.8,Basic,Low,3242.15,121391.59,Low
project_04934,E-commerce,Medium,8,5,2,10,20,5.5,35.2,Intermediate,High,14293.3,664057.71,High
project_04935,Healthcare,High,12,7,2,14,28,7.6,73.0,Advanced,Medium,38559.75,2096131.4,High
project_04936,EdTech,Low,5,2,2,4,14,3.6,14.4,Basic,Medium,1975.44,71602.35,Low
project_04937,Cloud System,Medium,6,8,2,16,16,4.8,23.0,Intermediate,Low,12821.46,603166.25,Medium
project_04938,Healthcare,High,12,11,2,22,29,7.1,68.2,Intermediate,High,58826.21,3223351.52,High
project_04939,FinTech,Low,3,4,2,8,11,3.7,8.9,Basic,Low,2051.12,80610.14,Low
project_04940,EdTech,Medium,6,8,2,16,20,4.5,21.6,Basic,High,13314.51,618334.95,High
project_04941,AI Platform,High,12,10,2,20,27,6.1,58.6,Advanced,High,63421.52,3701310.56,High
project_04942,Healthcare,Low,4,2,2,4,13,3.6,11.5,Basic,Low,1527.58,49948.28,Low
project_04943,IoT,Medium,5,4,2,8,21,5.9,23.6,Basic,High,6345.51,274195.33,High
project_04944,EdTech,High,11,6,2,12,24,5.2,45.8,Intermediate,High,28492.17,1372208.78,High
project_04945,AI Platform,Low,5,2,2,4,13,3.8,15.2,Basic,Medium,1967.22,66592.76,Low
project_04946,Healthcare,Medium,7,5,2,10,16,6.0,33.6,Intermediate,Medium,11315.72,501083.59,Medium
project_04947,Healthcare,High,9,12,2,24,24,7.6,54.7,Intermediate,High,46261.93,2634410.56,High
project_04948,AI Platform,Low,4,2,2,4,10,3.6,11.5,Basic,Low,1375.2,52027.4,Low
project_04949,EdTech,Medium,7,5,2,10,20,4.1,23.0,Intermediate,Medium,11476.77,509620.55,Medium
project_04950,FinTech,High,10,8,2,16,28,6.3,50.4,Advanced,High,39755.55,2459805.3,High
project_04951,EdTech,Low,3,4,2,8,11,2.7,6.5,Basic,Low,2101.3,70214.12,Low
project_04952,SaaS,Medium,6,8,2,16,19,4.6,22.1,Intermediate,Low,14045.7,658739.0,Medium
project_04953,SaaS,High,9,6,2,12,22,6.9,49.7,Advanced,High,28257.64,1546875.57,High
project_04954,SaaS,Low,5,2,2,4,12,3.0,12.0,Basic,Low,1805.92,58598.38,Low
project_04955,Healthcare,Medium,5,6,2,12,20,4.8,19.2,Intermediate,High,11466.97,527612.31,High
project_04956,FinTech,High,8,12,2,24,22,6.6,42.2,Advanced,High,50418.17,2470167.95,High
project_04957,IoT,Low,4,3,2,6,15,2.8,9.0,Basic,Medium,2323.4,85320.45,Low
project_04958,Cloud System,Medium,5,7,2,14,21,5.7,22.8,Basic,High,9846.31,444057.83,High
project_04959,EdTech,High,10,7,2,14,20,6.5,52.0,Intermediate,High,30451.34,1769125.23,High
project_04960,Healthcare,Low,4,3,2,6,11,3.0,9.6,Basic,Medium,2204.05,69945.24,Low
project_04961,E-commerce,Medium,7,6,2,12,21,4.3,24.1,Intermediate,High,14616.56,650451.56,High
project_04962,Healthcare,High,9,6,2,12,24,7.2,51.8,Advanced,High,29145.08,1444962.4,High
project_04963,SaaS,Low,5,4,2,8,14,3.7,14.8,Basic,Low,3538.17,118812.64,Low
project_04964,SaaS,Medium,7,7,2,14,21,4.7,26.3,Intermediate,Low,14427.81,607077.78,Medium
project_04965,E-commerce,High,11,11,2,22,27,6.5,57.2,Intermediate,High,51421.26,3185392.85,High
project_04966,Healthcare,Low,5,2,2,4,13,2.8,11.2,Basic,Low,1739.85,60188.13,Low
project_04967,EdTech,Medium,8,7,2,14,21,4.6,29.4,Intermediate,High,20383.41,958301.51,High
project_04968,FinTech,High,11,11,2,22,28,7.6,66.9,Advanced,High,61238.07,3115399.1,High
project_04969,SaaS,Low,5,4,2,8,11,3.5,14.0,Basic,Medium,3861.36,142891.74,Low
project_04970,IoT,Medium,8,6,2,12,20,5.0,32.0,Intermediate,Medium,14879.2,662295.42,Medium
project_04971,FinTech,High,8,6,2,12,25,7.7,49.3,Advanced,Medium,23082.06,1406532.5,High
project_04972,IoT,Low,5,4,2,8,11,3.3,13.2,Basic,Low,3433.06,97872.32,Low
project_04973,FinTech,Medium,8,4,2,8,17,4.3,27.5,Intermediate,Medium,9938.41,409801.31,Medium
project_04974,IoT,High,11,8,2,16,26,7.7,67.8,Intermediate,Medium,34521.89,1785727.78,High
project_04975,Cloud System,Low,5,4,2,8,13,2.0,8.0,Basic,Low,3178.79,125864.71,Low
project_04976,EdTech,Medium,6,6,2,12,18,5.7,27.4,Intermediate,High,13583.18,518296.58,High
project_04977,Cloud System,High,8,9,2,18,21,7.8,49.9,Advanced,Medium,32078.98,1626068.83,High
project_04978,Cloud System,Low,4,3,2,6,13,3.8,12.2,Basic,Low,2139.27,66517.61,Low
project_04979,E-commerce,Medium,8,5,2,10,15,4.8,30.7,Basic,Medium,9805.33,403964.55,Medium
project_04980,IoT,High,12,8,2,16,21,6.2,59.5,Intermediate,Medium,37127.74,2177959.88,High
project_04981,Healthcare,Low,5,4,2,8,10,2.2,8.8,Basic,Low,3327.26,131725.52,Low
project_04982,AI Platform,Medium,5,8,2,16,19,6.0,24.0,Intermediate,Low,11472.78,510931.25,Medium
project_04983,SaaS,High,8,7,2,14,28,5.1,32.6,Advanced,High,28296.96,1477307.24,High
project_04984,SaaS,Low,5,4,2,8,11,2.8,11.2,Basic,Medium,3597.1,145549.33,Low
project_04985,EdTech,Medium,6,7,2,14,22,4.8,23.0,Intermediate,Medium,12688.87,561098.87,Medium
project_04986,FinTech,High,8,12,2,24,20,7.4,47.4,Advanced,High,47290.23,2756012.02,High
project_04987,Cloud System,Low,3,4,2,8,11,2.7,6.5,Basic,Medium,2131.82,72314.59,Low
project_04988,IoT,Medium,5,4,2,8,19,5.2,20.8,Intermediate,Medium,6807.6,311219.75,Medium
project_04989,SaaS,High,11,9,2,18,23,5.3,46.6,Advanced,Medium,44988.9,2191916.26,High
project_04990,AI Platform,Low,5,2,2,4,11,3.5,14.0,Basic,Low,1786.26,66106.07,Low
project_04991,Healthcare,Medium,8,8,2,16,19,4.4,28.2,Intermediate,High,22513.87,909929.64,High
project_04992,EdTech,High,11,7,2,14,21,7.5,66.0,Advanced,High,38899.99,2148377.49,High
project_04993,IoT,Low,3,4,2,8,14,2.4,5.8,Basic,Medium,2264.34,77893.86,Low
project_04994,IoT,Medium,7,6,2,12,21,4.2,23.5,Intermediate,Medium,13454.99,565103.75,Medium
project_04995,E-commerce,High,10,12,2,24,29,5.5,44.0,Intermediate,Medium,46220.55,2264255.92,High
project_04996,AI Platform,Low,5,3,2,6,14,2.5,10.0,Basic,Low,2436.46,98411.06,Low
project_04997,E-commerce,Medium,7,8,2,16,21,4.5,25.2,Intermediate,Low,16332.28,657234.68,Medium
project_04998,EdTech,High,11,8,2,16,30,7.6,66.9,Advanced,Medium,41657.77,2143170.47,High
project_04999,IoT,Low,5,3,2,6,10,3.1,12.4,Basic,Low,2513.71,94886.01,Low
project_05000,Cloud System,Medium,8,4,2,8,17,5.6,35.8,Intermediate,Medium,9867.57,432836.41,Medium
project_05001,EdTech,High,11,10,2,20,24,7.2,63.4,Advanced,Medium,51651.37,2871014.41,High
project_05002,IoT,Low,5,3,2,6,13,2.8,11.2,Basic,Medium,2772.87,88171.93,Low
project_05003,Healthcare,Medium,6,5,2,10,15,4.4,21.1,Intermediate,High,10200.47,466445.65,High
project_05004,SaaS,High,9,8,2,16,30,7.9,56.9,Advanced,Medium,35016.27,1926067.48,High
project_05005,EdTech,Low,5,3,2,6,10,2.4,9.6,Basic,Low,2465.06,95071.66,Low
project_05006,AI Platform,Medium,7,4,2,8,21,5.3,29.7,Intermediate,Medium,9329.71,365301.31,Medium
project_05007,Cloud System,High,12,11,2,22,24,7.2,69.1,Advanced,High,66168.0,3736949.1,High
project_05008,Cloud System,Low,3,2,2,4,10,3.6,8.6,Basic,Low,1118.66,43789.35,Low
project_05009,AI Platform,Medium,6,8,2,16,16,4.6,22.1,Intermediate,Low,13207.69,587028.5,Medium
project_05010,IoT,High,12,11,2,22,21,6.7,64.3,Advanced,Medium,59257.54,3172493.16,High
project_05011,Healthcare,Low,5,2,2,4,13,3.2,12.8,Basic,Medium,2022.83,73194.95,Low
project_05012,Healthcare,Medium,8,8,2,16,17,5.5,35.2,Intermediate,Medium,19120.04,1015867.93,Medium
project_05013,E-commerce,High,10,9,2,18,20,7.0,56.0,Intermediate,Medium,35605.15,1788943.43,High
project_05014,EdTech,Low,3,4,2,8,14,3.1,7.4,Basic,Low,2166.57,72983.14,Low
project_05015,FinTech,Medium,7,6,2,12,16,5.1,28.6,Intermediate,High,14465.55,712196.21,High
project_05016,IoT,High,11,8,2,16,26,5.9,51.9,Intermediate,High,36358.25,2335980.83,High
project_05017,EdTech,Low,5,2,2,4,11,3.2,12.8,Basic,Low,1754.17,64202.76,Low
project_05018,Healthcare,Medium,6,4,2,8,16,5.3,25.4,Basic,Medium,6295.18,244908.21,Medium
project_05019,AI Platform,High,9,11,2,22,27,7.0,50.4,Intermediate,Medium,37076.13,2082117.99,High
project_05020,FinTech,Low,3,4,2,8,11,3.5,8.4,Basic,Low,2158.03,73010.29,Low
project_05021,SaaS,Medium,8,5,2,10,18,5.0,32.0,Basic,High,11942.31,518626.08,High
project_05022,FinTech,High,11,8,2,16,20,7.3,64.2,Intermediate,High,37915.9,2067322.14,High
project_05023,FinTech,Low,3,2,2,4,15,2.8,6.7,Basic,Medium,1192.69,42839.39,Low
project_05024,AI Platform,Medium,7,4,2,8,17,5.7,31.9,Intermediate,Low,8199.94,359091.1,Medium
project_05025,AI Platform,High,8,9,2,18,21,7.6,48.6,Advanced,Medium,34748.8,1661378.49,High
project_05026,IoT,Low,4,4,2,8,15,3.2,10.2,Basic,Low,2667.64,87382.68,Low
project_05027,E-commerce,Medium,8,7,2,14,18,5.3,33.9,Basic,Medium,13642.98,612807.69,Medium
project_05028,Cloud System,High,12,6,2,12,25,6.2,59.5,Advanced,Medium,32763.65,1873291.47,High
project_05029,IoT,Low,3,2,2,4,13,3.8,9.1,Basic,Medium,1263.22,39033.96,Low
project_05030,E-commerce,Medium,6,4,2,8,20,5.4,25.9,Basic,Low,5874.9,258407.01,Medium
project_05031,IoT,High,12,7,2,14,26,7.2,69.1,Intermediate,Medium,31015.4,1873027.33,High
project_05032,FinTech,Low,3,4,2,8,11,2.3,5.5,Basic,Low,1990.47,63962.25,Low
project_05033,FinTech,Medium,5,7,2,14,20,4.2,16.8,Basic,Low,7710.45,381554.59,Medium
project_05034,IoT,High,11,6,2,12,23,7.1,62.5,Advanced,Medium,30298.92,1584903.88,High
project_05035,SaaS,Low,3,2,2,4,13,3.4,8.2,Basic,Medium,1253.19,39691.88,Low
project_05036,E-commerce,Medium,8,8,2,16,19,4.2,26.9,Basic,Medium,15556.89,692277.62,Medium
project_05037,EdTech,High,12,6,2,12,28,6.9,66.2,Advanced,High,38692.63,1867167.01,High
project_05038,FinTech,Low,3,4,2,8,12,2.7,6.5,Basic,Low,1948.06,72006.95,Low
project_05039,FinTech,Medium,6,8,2,16,17,5.7,27.4,Intermediate,Medium,15461.87,662359.12,Medium
project_05040,SaaS,High,8,11,2,22,25,7.4,47.4,Intermediate,High,36688.37,2081658.46,High
project_05041,EdTech,Low,3,4,2,8,12,2.5,6.0,Basic,Low,2116.6,74619.87,Low
project_05042,EdTech,Medium,5,6,2,12,22,5.5,22.0,Intermediate,Medium,9351.47,434204.59,Medium
project_05043,E-commerce,High,10,9,2,18,23,5.8,46.4,Intermediate,High,39484.19,2139915.73,High
project_05044,EdTech,Low,3,2,2,4,12,3.4,8.2,Basic,Low,1147.03,40804.94,Low
project_05045,IoT,Medium,7,5,2,10,15,4.6,25.8,Intermediate,Low,9896.79,393976.68,Medium
project_05046,FinTech,High,9,12,2,24,26,8.0,57.6,Advanced,High,56317.45,3016452.64,High
project_05047,Cloud System,Low,3,2,2,4,12,3.4,8.2,Basic,Low,1148.24,40252.89,Low
project_05048,Healthcare,Medium,8,4,2,8,22,4.1,26.2,Intermediate,Low,9549.59,374066.76,Medium
project_05049,Healthcare,High,9,6,2,12,22,6.3,45.4,Intermediate,High,23050.32,1264644.34,High
project_05050,Healthcare,Low,3,4,2,8,13,2.6,6.2,Basic,Low,2006.11,64006.68,Low
project_05051,IoT,Medium,8,7,2,14,22,4.7,30.1,Basic,Medium,13349.41,614956.93,Medium
project_05052,Healthcare,High,10,7,2,14,26,6.0,48.0,Intermediate,Medium,25687.0,1534481.38,High
project_05053,FinTech,Low,5,2,2,4,12,2.7,10.8,Basic,Low,1763.15,62749.06,Low
project_05054,Cloud System,Medium,8,7,2,14,17,5.8,37.1,Basic,High,15034.84,740779.68,High
project_05055,Cloud System,High,9,8,2,16,24,7.8,56.2,Intermediate,Medium,27291.93,1663677.13,High
project_05056,Healthcare,Low,3,3,2,6,12,3.5,8.4,Basic,Low,1641.28,65561.56,Low
project_05057,Cloud System,Medium,5,6,2,12,16,4.9,19.6,Intermediate,High,10875.7,552276.67,High
project_05058,FinTech,High,10,8,2,16,20,6.7,53.6,Advanced,Medium,36567.64,2044546.85,High
project_05059,Healthcare,Low,4,2,2,4,10,3.7,11.8,Basic,Low,1364.93,43673.58,Low
project_05060,Healthcare,Medium,8,5,2,10,19,4.8,30.7,Intermediate,High,13648.56,698039.24,High
project_05061,E-commerce,High,10,10,2,20,28,5.4,43.2,Advanced,High,51611.64,2641800.3,High
project_05062,FinTech,Low,3,4,2,8,13,3.7,8.9,Basic,Low,2011.82,76275.12,Low
project_05063,E-commerce,Medium,7,7,2,14,21,4.3,24.1,Intermediate,Low,13483.87,698436.23,Medium
project_05064,Cloud System,High,10,10,2,20,26,5.3,42.4,Intermediate,High,44366.97,2356013.75,High
project_05065,E-commerce,Low,3,3,2,6,11,2.8,6.7,Basic,Medium,1731.43,66905.61,Low
project_05066,IoT,Medium,5,8,2,16,16,5.5,22.0,Intermediate,High,13619.69,736876.53,High
project_05067,SaaS,High,12,12,2,24,21,6.5,62.4,Advanced,High,73342.14,4055768.49,High
project_05068,Cloud System,Low,4,2,2,4,12,2.4,7.7,Basic,Low,1416.11,56610.49,Low
project_05069,EdTech,Medium,7,6,2,12,19,5.3,29.7,Intermediate,High,15725.19,704463.31,High
project_05070,IoT,High,9,9,2,18,25,5.6,40.3,Intermediate,High,33418.71,2096102.68,High
project_05071,IoT,Low,5,3,2,6,13,3.6,14.4,Basic,Low,2629.56,81533.64,Low
project_05072,EdTech,Medium,7,5,2,10,16,4.4,24.6,Intermediate,High,12674.93,541460.1,High
project_05073,EdTech,High,11,8,2,16,24,6.6,58.1,Advanced,High,45462.45,2598945.65,High
project_05074,IoT,Low,4,2,2,4,10,2.6,8.3,Basic,Low,1449.7,54663.62,Low
project_05075,SaaS,Medium,7,8,2,16,21,5.2,29.1,Intermediate,Low,16456.67,786914.82,Medium
project_05076,AI Platform,High,10,10,2,20,20,7.7,61.6,Advanced,High,49081.05,2656259.7,High
project_05077,AI Platform,Low,3,3,2,6,15,4.0,9.6,Basic,Medium,1830.4,57664.4,Low
project_05078,Cloud System,Medium,8,6,2,12,21,4.5,28.8,Intermediate,Medium,14571.42,605204.97,Medium
project_05079,SaaS,High,9,6,2,12,23,7.9,56.9,Advanced,High,29668.66,1650664.28,High
project_05080,AI Platform,Low,4,4,2,8,14,2.7,8.6,Basic,Low,2830.98,85655.22,Low
project_05081,IoT,Medium,5,8,2,16,17,4.7,18.8,Intermediate,High,14568.26,571401.66,High
project_05082,E-commerce,High,10,6,2,12,29,6.5,52.0,Advanced,High,32920.97,1697255.71,High
project_05083,EdTech,Low,4,3,2,6,10,2.7,8.6,Basic,Low,1967.7,61237.1,Low
project_05084,Cloud System,Medium,8,5,2,10,18,5.1,32.6,Intermediate,High,13615.77,655818.75,High
project_05085,E-commerce,High,12,9,2,18,23,6.2,59.5,Advanced,High,54376.54,2809853.56,High
project_05086,IoT,Low,5,2,2,4,11,2.5,10.0,Basic,Low,1749.56,68824.4,Low
project_05087,FinTech,Medium,5,4,2,8,21,5.4,21.6,Intermediate,Low,6437.03,288718.56,Medium
project_05088,SaaS,High,12,8,2,16,21,6.3,60.5,Intermediate,Medium,37375.67,1907856.19,High
project_05089,EdTech,Low,5,3,2,6,10,3.5,14.0,Basic,Medium,2744.13,108674.64,Low
project_05090,IoT,Medium,6,5,2,10,15,5.5,26.4,Intermediate,Medium,9108.43,452470.65,Medium
project_05091,IoT,High,9,9,2,18,30,6.0,43.2,Advanced,Medium,39074.93,2233368.01,High
project_05092,E-commerce,Low,3,3,2,6,12,3.0,7.2,Basic,Medium,1710.41,66760.45,Low
project_05093,E-commerce,Medium,5,5,2,10,18,4.8,19.2,Intermediate,Medium,8399.09,383734.91,Medium
project_05094,Healthcare,High,12,7,2,14,22,7.4,71.0,Advanced,Medium,38937.15,1932683.02,High
project_05095,Healthcare,Low,4,4,2,8,13,3.3,10.6,Basic,Low,2806.61,89190.81,Low
project_05096,E-commerce,Medium,5,6,2,12,20,5.3,21.2,Basic,High,9119.36,373288.41,High
project_05097,IoT,High,11,9,2,18,29,6.8,59.8,Intermediate,High,43338.87,2183895.56,High
project_05098,IoT,Low,3,2,2,4,12,3.5,8.4,Basic,Low,1093.83,37602.85,Low
project_05099,Healthcare,Medium,6,7,2,14,15,5.7,27.4,Intermediate,High,14923.04,730995.71,High
project_05100,EdTech,High,10,12,2,24,30,5.0,40.0,Advanced,High,61834.1,3474592.76,High
project_05101,IoT,Low,5,4,2,8,15,3.7,14.8,Basic,Low,3349.41,114549.14,Low
project_05102,SaaS,Medium,6,7,2,14,17,5.0,24.0,Intermediate,Medium,12553.69,533571.32,Medium
project_05103,EdTech,High,10,11,2,22,21,5.8,46.4,Advanced,Medium,50730.93,2563005.79,High
project_05104,SaaS,Low,4,3,2,6,11,3.0,9.6,Basic,Medium,2195.52,85227.97,Low
project_05105,FinTech,Medium,6,8,2,16,16,4.4,21.1,Basic,Medium,11515.71,562681.39,Medium
project_05106,FinTech,High,11,12,2,24,21,5.7,50.2,Advanced,High,65505.15,3906588.16,High
project_05107,Healthcare,Low,5,3,2,6,14,3.5,14.0,Basic,Low,2630.86,89878.7,Low
project_05108,E-commerce,Medium,7,7,2,14,19,4.4,24.6,Intermediate,High,16469.66,674417.94,High
project_05109,Cloud System,High,12,11,2,22,20,5.3,50.9,Advanced,Medium,57145.27,3071634.56,High
project_05110,Healthcare,Low,4,4,2,8,13,3.1,9.9,Basic,Low,2739.11,104734.25,Low
project_05111,Healthcare,Medium,7,8,2,16,20,5.0,28.0,Intermediate,Medium,16556.91,814388.72,Medium
project_05112,Healthcare,High,9,6,2,12,27,7.3,52.6,Advanced,Medium,26575.29,1363949.75,High
project_05113,Cloud System,Low,5,2,2,4,11,2.7,10.8,Basic,Low,1636.95,58324.6,Low
project_05114,FinTech,Medium,6,8,2,16,16,4.3,20.6,Intermediate,Low,13913.57,615508.45,Medium
project_05115,FinTech,High,9,8,2,16,21,7.3,52.6,Advanced,High,37434.82,2204145.89,High
project_05116,SaaS,Low,5,4,2,8,12,3.8,15.2,Basic,Low,3380.71,113551.77,Low
project_05117,Healthcare,Medium,7,4,2,8,22,5.9,33.0,Intermediate,Medium,8889.15,460648.19,Medium
project_05118,E-commerce,High,9,8,2,16,28,5.0,36.0,Advanced,High,35700.22,1980843.77,High
project_05119,Healthcare,Low,3,4,2,8,13,3.5,8.4,Basic,Low,2130.31,74293.83,Low
project_05120,E-commerce,Medium,8,8,2,16,21,4.1,26.2,Intermediate,Low,17524.65,798641.18,Medium
project_05121,E-commerce,High,8,10,2,20,25,7.9,50.6,Intermediate,Medium,31598.17,1624449.6,High
project_05122,Cloud System,Low,4,3,2,6,15,3.0,9.6,Basic,Low,2121.36,70955.1,Low
project_05123,FinTech,Medium,7,4,2,8,15,4.9,27.4,Intermediate,Low,7945.17,393331.85,Medium
project_05124,SaaS,High,11,8,2,16,25,6.2,54.6,Intermediate,High,37394.4,2113784.72,High
project_05125,E-commerce,Low,4,3,2,6,14,2.4,7.7,Basic,Medium,2365.56,87695.62,Low
project_05126,E-commerce,Medium,8,6,2,12,18,4.9,31.4,Intermediate,Medium,14921.75,678797.75,Medium
project_05127,Cloud System,High,12,12,2,24,22,5.0,48.0,Intermediate,Medium,51562.11,3022001.32,High
project_05128,EdTech,Low,4,4,2,8,12,2.5,8.0,Basic,Low,2680.69,84265.72,Low
project_05129,AI Platform,Medium,5,8,2,16,17,5.2,20.8,Basic,Medium,10301.19,428531.98,Medium
project_05130,FinTech,High,8,11,2,22,21,7.7,49.3,Intermediate,High,38801.57,1839051.61,High
project_05131,SaaS,Low,5,4,2,8,13,2.6,10.4,Basic,Medium,3549.95,145406.07,Low
project_05132,SaaS,Medium,7,5,2,10,17,5.6,31.4,Basic,Medium,9217.53,453529.32,Medium
project_05133,EdTech,High,8,9,2,18,24,6.8,43.5,Advanced,Medium,32772.36,1873791.61,High
project_05134,Cloud System,Low,5,4,2,8,15,3.3,13.2,Basic,Medium,3738.58,142661.0,Low
project_05135,FinTech,Medium,8,7,2,14,17,4.7,30.1,Basic,Low,12412.17,486892.03,Medium
project_05136,Healthcare,High,8,7,2,14,21,6.7,42.9,Advanced,Medium,27220.24,1417061.91,High
project_05137,Cloud System,Low,5,3,2,6,12,2.6,10.4,Basic,Medium,2667.1,104550.64,Low
project_05138,IoT,Medium,8,5,2,10,15,5.0,32.0,Intermediate,High,14556.54,629968.14,High
project_05139,E-commerce,High,9,11,2,22,26,7.7,55.4,Advanced,High,51800.34,3004178.04,High
project_05140,AI Platform,Low,3,2,2,4,15,2.7,6.5,Basic,Medium,1207.06,38592.68,Low
project_05141,IoT,Medium,8,6,2,12,16,4.7,30.1,Intermediate,Low,13474.37,574082.86,Medium
project_05142,Cloud System,High,10,6,2,12,30,6.4,51.2,Intermediate,High,27056.78,1321610.97,High
project_05143,SaaS,Low,5,4,2,8,14,3.1,12.4,Basic,Low,3256.34,130413.5,Low
project_05144,EdTech,Medium,7,6,2,12,19,5.0,28.0,Intermediate,Medium,13438.28,593215.98,Medium
project_05145,Cloud System,High,10,7,2,14,28,5.8,46.4,Advanced,High,36017.84,1907932.81,High
project_05146,Healthcare,Low,5,3,2,6,13,3.5,14.0,Basic,Low,2461.14,80332.56,Low
project_05147,EdTech,Medium,7,5,2,10,17,4.0,22.4,Intermediate,Medium,11205.52,510521.34,Medium
project_05148,EdTech,High,11,10,2,20,23,7.9,69.5,Advanced,High,57772.03,3201326.91,High
project_05149,AI Platform,Low,3,3,2,6,14,2.9,7.0,Basic,Low,1597.2,60514.31,Low
project_05150,Cloud System,Medium,5,6,2,12,16,5.3,21.2,Intermediate,Medium,9188.6,426964.21,Medium
project_05151,Cloud System,High,12,6,2,12,27,7.3,70.1,Advanced,High,37907.27,2170895.0,High
project_05152,FinTech,Low,3,2,2,4,11,2.8,6.7,Basic,Low,1101.16,33149.16,Low
project_05153,AI Platform,Medium,7,7,2,14,16,5.2,29.1,Intermediate,High,16624.92,819174.1,High
project_05154,FinTech,High,8,11,2,22,22,7.7,49.3,Intermediate,High,37343.6,1879978.64,High
project_05155,IoT,Low,5,4,2,8,13,3.8,15.2,Basic,Low,3441.06,110793.84,Low
project_05156,FinTech,Medium,5,4,2,8,22,5.7,22.8,Intermediate,Low,5984.18,285214.42,Medium
project_05157,FinTech,High,9,8,2,16,20,5.3,38.2,Advanced,High,35657.33,2187020.37,High
project_05158,Healthcare,Low,3,4,2,8,13,3.6,8.6,Basic,Low,2043.48,76745.09,Low
project_05159,Cloud System,Medium,6,6,2,12,19,5.4,25.9,Intermediate,High,12658.33,575984.79,High
project_05160,Healthcare,High,11,7,2,14,26,6.2,54.6,Advanced,High,40587.17,2288367.92,High
project_05161,E-commerce,Low,4,2,2,4,11,2.2,7.0,Basic,Low,1403.11,43018.12,Low
project_05162,Cloud System,Medium,8,8,2,16,19,4.5,28.8,Intermediate,Medium,19899.89,770774.28,Medium
project_05163,FinTech,High,11,11,2,22,22,6.1,53.7,Advanced,High,62471.21,3785083.36,High
project_05164,EdTech,Low,5,2,2,4,15,2.4,9.6,Basic,Low,1720.89,53691.58,Low
project_05165,AI Platform,Medium,8,6,2,12,17,5.5,35.2,Basic,Medium,12233.03,568412.99,Medium
project_05166,IoT,High,11,6,2,12,20,5.1,44.9,Advanced,Medium,29542.56,1540548.07,High
project_05167,AI Platform,Low,5,3,2,6,10,3.7,14.8,Basic,Low,2513.86,102086.27,Low
project_05168,IoT,Medium,8,7,2,14,16,5.3,33.9,Intermediate,Medium,16937.01,746897.65,Medium
project_05169,SaaS,High,10,11,2,22,20,5.3,42.4,Intermediate,High,47777.97,2209398.63,High
project_05170,E-commerce,Low,4,2,2,4,14,3.2,10.2,Basic,Medium,1601.88,60052.4,Low
project_05171,Cloud System,Medium,7,6,2,12,18,4.2,23.5,Intermediate,Medium,12785.44,660159.23,Medium
project_05172,Cloud System,High,9,9,2,18,23,5.3,38.2,Intermediate,High,35349.01,1919601.4,High
project_05173,IoT,Low,4,2,2,4,11,2.4,7.7,Basic,Low,1390.62,52596.85,Low
project_05174,EdTech,Medium,6,4,2,8,22,4.6,22.1,Intermediate,High,8779.42,353854.82,High
project_05175,E-commerce,High,11,12,2,24,27,5.7,50.2,Advanced,High,65836.9,3622332.3,High
project_05176,SaaS,Low,5,2,2,4,13,3.9,15.6,Basic,Medium,1944.51,68501.64,Low
project_05177,E-commerce,Medium,6,7,2,14,15,5.0,24.0,Intermediate,Medium,12502.93,537125.19,Medium
project_05178,AI Platform,High,10,6,2,12,25,6.4,51.2,Advanced,Medium,27671.82,1613511.77,High
project_05179,E-commerce,Low,5,3,2,6,14,3.3,13.2,Basic,Low,2594.09,89840.06,Low
project_05180,E-commerce,Medium,6,8,2,16,19,5.4,25.9,Basic,High,13297.43,554018.24,High
project_05181,AI Platform,High,10,12,2,24,27,7.1,56.8,Advanced,High,63339.31,3581048.81,High
project_05182,Healthcare,Low,5,4,2,8,15,3.3,13.2,Basic,Low,3487.59,116807.06,Low
project_05183,Cloud System,Medium,6,4,2,8,20,4.3,20.6,Intermediate,Medium,7960.83,382808.24,Medium
project_05184,IoT,High,9,9,2,18,29,6.3,45.4,Intermediate,High,34156.58,2030846.55,High
project_05185,Healthcare,Low,4,3,2,6,15,3.5,11.2,Basic,Low,2036.67,79365.86,Low
project_05186,EdTech,Medium,7,8,2,16,20,4.1,23.0,Basic,Low,12265.98,623200.4,Medium
project_05187,AI Platform,High,11,7,2,14,21,6.4,56.3,Intermediate,High,34766.15,1854496.7,High
project_05188,EdTech,Low,4,3,2,6,10,3.4,10.9,Basic,Low,2104.07,78100.35,Low
project_05189,FinTech,Medium,5,5,2,10,19,4.6,18.4,Intermediate,Medium,8146.24,310995.75,Medium
project_05190,Cloud System,High,11,11,2,22,24,5.2,45.8,Advanced,High,59334.31,3588419.73,High
project_05191,Healthcare,Low,5,4,2,8,14,2.1,8.4,Basic,Low,3361.16,110438.57,Low
project_05192,AI Platform,Medium,6,6,2,12,19,5.2,25.0,Intermediate,High,13216.6,517628.61,High
project_05193,Cloud System,High,9,11,2,22,24,6.5,46.8,Advanced,High,52113.79,2903246.63,High
project_05194,Healthcare,Low,4,4,2,8,11,2.4,7.7,Basic,Medium,3038.69,110954.53,Low
project_05195,Cloud System,Medium,8,6,2,12,16,4.6,29.4,Basic,Medium,11292.21,516868.92,Medium
project_05196,SaaS,High,10,10,2,20,25,5.8,46.4,Intermediate,High,44541.5,2335832.39,High
project_05197,FinTech,Low,3,3,2,6,13,2.7,6.5,Basic,Low,1569.62,59756.37,Low
project_05198,FinTech,Medium,8,8,2,16,21,4.7,30.1,Intermediate,Low,17144.19,742437.09,Medium
project_05199,E-commerce,High,10,12,2,24,24,7.7,61.6,Advanced,High,62982.89,3527021.35,High
project_05200,SaaS,Low,3,2,2,4,15,2.8,6.7,Basic,Medium,1248.35,47018.53,Low
project_05201,FinTech,Medium,8,7,2,14,20,5.8,37.1,Basic,Medium,14262.23,655349.83,Medium
project_05202,AI Platform,High,12,7,2,14,27,6.0,57.6,Advanced,High,41852.51,2728195.99,High
project_05203,Healthcare,Low,4,3,2,6,12,2.1,6.7,Basic,Low,2090.12,69819.82,Low
project_05204,FinTech,Medium,6,6,2,12,22,5.2,25.0,Basic,Medium,9243.36,378597.62,Medium
project_05205,IoT,High,11,9,2,18,22,6.5,57.2,Intermediate,High,42053.23,2414151.83,High
project_05206,EdTech,Low,3,4,2,8,12,3.2,7.7,Basic,Low,2084.87,72287.27,Low
project_05207,Cloud System,Medium,6,8,2,16,18,5.8,27.8,Intermediate,Medium,14477.66,693279.95,Medium
project_05208,FinTech,High,11,12,2,24,22,6.8,59.8,Intermediate,Medium,47436.2,2526080.66,High
project_05209,AI Platform,Low,3,4,2,8,13,3.3,7.9,Basic,Low,2026.81,84025.33,Low
project_05210,EdTech,Medium,7,4,2,8,17,4.3,24.1,Basic,Medium,7375.88,291356.77,Medium
project_05211,Healthcare,High,12,6,2,12,20,5.5,52.8,Advanced,High,35153.47,2071366.14,High
project_05212,EdTech,Low,5,3,2,6,10,3.3,13.2,Basic,Low,2406.53,90625.39,Low
project_05213,IoT,Medium,5,5,2,10,20,6.0,24.0,Intermediate,Medium,8560.55,331813.58,Medium
project_05214,SaaS,High,9,8,2,16,24,7.5,54.0,Advanced,Medium,34956.72,2028936.78,High
project_05215,Cloud System,Low,4,4,2,8,10,3.8,12.2,Basic,Low,2670.02,93276.44,Low
project_05216,FinTech,Medium,7,7,2,14,22,5.3,29.7,Basic,Medium,11891.61,563763.52,Medium
project_05217,E-commerce,High,12,8,2,16,25,5.9,56.6,Advanced,High,50227.26,2998241.21,High
project_05218,SaaS,Low,4,3,2,6,12,3.1,9.9,Basic,Low,2090.3,74318.87,Low
project_05219,E-commerce,Medium,7,4,2,8,22,4.9,27.4,Intermediate,Medium,8861.85,422033.44,Medium
project_05220,FinTech,High,10,10,2,20,24,5.6,44.8,Advanced,High,50919.01,3063205.11,High
project_05221,AI Platform,Low,3,3,2,6,12,2.7,6.5,Basic,Low,1589.69,62570.96,Low
project_05222,SaaS,Medium,5,6,2,12,22,4.9,19.6,Intermediate,Medium,9970.78,451537.91,Medium
project_05223,Healthcare,High,12,7,2,14,28,5.2,49.9,Advanced,High,44960.78,2571166.59,High
project_05224,AI Platform,Low,5,2,2,4,14,3.8,15.2,Basic,Low,1786.97,64385.82,Low
project_05225,AI Platform,Medium,7,7,2,14,20,5.3,29.7,Intermediate,Medium,14804.7,668253.58,Medium
project_05226,FinTech,High,10,8,2,16,20,6.3,50.4,Intermediate,High,33389.35,1777822.91,High
project_05227,EdTech,Low,4,4,2,8,13,3.6,11.5,Basic,Low,2612.02,102628.07,Low
project_05228,Healthcare,Medium,6,7,2,14,19,4.6,22.1,Basic,Medium,10856.08,475585.73,Medium
project_05229,Healthcare,High,11,8,2,16,28,7.0,61.6,Advanced,High,46389.69,2597222.86,High
project_05230,Healthcare,Low,4,4,2,8,11,3.9,12.5,Basic,Medium,3025.99,106981.62,Low
project_05231,EdTech,Medium,5,5,2,10,20,5.3,21.2,Intermediate,Low,7143.17,316792.34,Medium
project_05232,IoT,High,9,7,2,14,25,6.4,46.1,Intermediate,Medium,24166.2,1232166.98,High
project_05233,Cloud System,Low,4,2,2,4,15,2.6,8.3,Basic,Medium,1551.92,46594.19,Low
project_05234,FinTech,Medium,6,6,2,12,17,4.1,19.7,Intermediate,Medium,11593.04,470634.07,Medium
project_05235,EdTech,High,10,6,2,12,22,5.9,47.2,Intermediate,Medium,21824.74,1295030.98,High
project_05236,FinTech,Low,4,4,2,8,10,3.5,11.2,Basic,Low,2812.02,104871.24,Low
project_05237,EdTech,Medium,8,4,2,8,17,4.9,31.4,Basic,Medium,8447.44,339051.28,Medium
project_05238,SaaS,High,9,10,2,20,21,6.6,47.5,Advanced,High,48008.3,2402001.38,High
project_05239,Cloud System,Low,4,2,2,4,12,3.1,9.9,Basic,Low,1463.06,53102.11,Low
project_05240,EdTech,Medium,5,5,2,10,20,4.7,18.8,Basic,Medium,6773.58,273449.64,Medium
project_05241,Cloud System,High,10,11,2,22,30,5.9,47.2,Advanced,Medium,50887.3,2818535.17,High
project_05242,SaaS,Low,4,3,2,6,14,2.7,8.6,Basic,Medium,2287.46,68798.75,Low
project_05243,Healthcare,Medium,7,6,2,12,20,5.1,28.6,Intermediate,High,14582.98,648154.84,High
project_05244,E-commerce,High,12,12,2,24,25,5.2,49.9,Advanced,High,75425.36,3661821.42,High
project_05245,FinTech,Low,5,3,2,6,15,3.7,14.8,Basic,Low,2566.51,92720.64,Low
project_05246,IoT,Medium,8,7,2,14,22,5.2,33.3,Basic,Medium,14074.77,649587.97,Medium
project_05247,Cloud System,High,12,10,2,20,28,5.3,50.9,Advanced,High,63912.26,3361246.64,High
project_05248,EdTech,Low,5,4,2,8,11,2.4,9.6,Basic,Low,3257.03,111613.55,Low
project_05249,AI Platform,Medium,5,5,2,10,19,4.9,19.6,Basic,Medium,6189.68,328279.03,Medium
project_05250,Healthcare,High,8,12,2,24,27,6.6,42.2,Advanced,High,47667.5,2746389.7,High
project_05251,Cloud System,Low,4,2,2,4,12,3.9,12.5,Basic,Medium,1570.98,57734.53,Low
project_05252,Cloud System,Medium,5,4,2,8,19,4.8,19.2,Intermediate,Medium,6468.54,328956.27,Medium
project_05253,IoT,High,12,6,2,12,25,7.7,73.9,Advanced,Medium,33967.9,1909247.54,High
project_05254,Cloud System,Low,5,2,2,4,13,3.8,15.2,Basic,Medium,1886.33,64330.74,Low
project_05255,Cloud System,Medium,8,5,2,10,22,4.6,29.4,Basic,Medium,10211.63,487027.93,Medium
project_05256,IoT,High,11,8,2,16,30,7.2,63.4,Intermediate,Medium,32450.7,2017870.76,High
project_05257,Cloud System,Low,4,4,2,8,14,3.2,10.2,Basic,Low,2624.17,91522.54,Low
project_05258,AI Platform,Medium,6,4,2,8,16,5.7,27.4,Basic,High,6845.32,304896.1,High
project_05259,IoT,High,9,9,2,18,27,6.5,46.8,Intermediate,High,34009.79,2080272.61,High
project_05260,SaaS,Low,4,2,2,4,12,2.7,8.6,Basic,Low,1358.51,42493.55,Low
project_05261,AI Platform,Medium,6,4,2,8,16,5.1,24.5,Basic,Medium,6207.33,279518.38,Medium
project_05262,AI Platform,High,9,6,2,12,22,7.8,56.2,Intermediate,High,22859.12,1228105.24,High
project_05263,AI Platform,Low,5,3,2,6,13,3.8,15.2,Basic,Low,2516.87,84708.71,Low
project_05264,EdTech,Medium,5,4,2,8,19,4.5,18.0,Intermediate,Low,5861.52,235671.83,Medium
project_05265,EdTech,High,11,7,2,14,27,6.1,53.7,Intermediate,High,34248.44,1931721.63,High
project_05266,Cloud System,Low,3,4,2,8,15,2.5,6.0,Basic,Low,2062.71,68487.2,Low
project_05267,Cloud System,Medium,8,7,2,14,22,5.0,32.0,Basic,Medium,13953.54,617370.73,Medium
project_05268,Cloud System,High,10,6,2,12,24,7.7,61.6,Advanced,High,33241.59,1579854.71,High
project_05269,E-commerce,Low,3,3,2,6,10,3.4,8.2,Basic,Low,1569.52,58896.09,Low
project_05270,SaaS,Medium,6,6,2,12,21,4.9,23.5,Intermediate,Medium,10939.02,567148.77,Medium
project_05271,FinTech,High,10,12,2,24,28,7.9,63.2,Advanced,Medium,52130.88,3187632.36,High
project_05272,Healthcare,Low,5,3,2,6,11,3.2,12.8,Basic,Low,2513.13,87251.78,Low
project_05273,FinTech,Medium,5,4,2,8,18,4.3,17.2,Basic,Medium,5219.36,260340.03,Medium
project_05274,AI Platform,High,12,7,2,14,21,5.1,49.0,Advanced,High,41872.76,2399350.65,High
project_05275,AI Platform,Low,3,4,2,8,10,2.8,6.7,Basic,Medium,2234.09,76921.77,Low
project_05276,EdTech,Medium,7,4,2,8,16,5.6,31.4,Basic,High,8452.57,331393.23,High
project_05277,Cloud System,High,10,11,2,22,23,5.8,46.4,Advanced,High,53622.08,3251620.64,High
project_05278,EdTech,Low,4,2,2,4,14,2.1,6.7,Basic,Low,1452.93,53527.78,Low
project_05279,EdTech,Medium,6,8,2,16,16,4.1,19.7,Intermediate,Medium,14114.37,642640.48,Medium
project_05280,Healthcare,High,12,12,2,24,28,6.3,60.5,Advanced,Medium,64875.19,3824298.79,High
project_05281,AI Platform,Low,5,2,2,4,12,2.2,8.8,Basic,Low,1672.81,63998.77,Low
project_05282,Healthcare,Medium,5,5,2,10,17,4.6,18.4,Intermediate,Medium,8194.31,374919.54,Medium
project_05283,AI Platform,High,10,6,2,12,24,6.1,48.8,Advanced,Medium,27609.64,1459886.44,High
project_05284,Cloud System,Low,3,4,2,8,13,3.4,8.2,Basic,Medium,2262.94,89635.29,Low
project_05285,SaaS,Medium,8,6,2,12,17,4.5,28.8,Intermediate,High,16029.92,803741.68,High
project_05286,SaaS,High,8,8,2,16,23,5.5,35.2,Intermediate,Medium,25120.13,1316928.95,High
project_05287,EdTech,Low,3,4,2,8,15,2.3,5.5,Basic,Low,2006.91,65347.6,Low
project_05288,IoT,Medium,5,8,2,16,20,4.8,19.2,Intermediate,Low,11871.9,505039.86,Medium
project_05289,SaaS,High,12,12,2,24,30,6.5,62.4,Advanced,High,74309.58,4179387.69,High
project_05290,Cloud System,Low,5,4,2,8,15,2.3,9.2,Basic,Medium,3558.9,118308.45,Low
project_05291,EdTech,Medium,6,6,2,12,18,4.1,19.7,Intermediate,High,13235.88,572066.89,High
project_05292,Cloud System,High,12,12,2,24,25,6.1,58.6,Intermediate,High,60528.45,3328812.97,High
project_05293,SaaS,Low,5,4,2,8,12,3.1,12.4,Basic,Low,3278.29,106306.4,Low
project_05294,Cloud System,Medium,8,5,2,10,21,4.5,28.8,Intermediate,Medium,13150.96,551833.59,Medium
project_05295,AI Platform,High,8,12,2,24,29,7.9,50.6,Intermediate,Medium,36763.24,2107782.17,High
project_05296,SaaS,Low,3,3,2,6,13,3.5,8.4,Basic,Low,1685.44,65538.1,Low
project_05297,FinTech,Medium,5,7,2,14,17,4.2,16.8,Intermediate,Medium,11435.42,498050.15,Medium
project_05298,E-commerce,High,9,10,2,20,26,5.4,38.9,Intermediate,High,39121.62,2234359.56,High
project_05299,AI Platform,Low,3,4,2,8,11,3.5,8.4,Basic,Low,2073.09,70388.32,Low
project_05300,SaaS,Medium,8,6,2,12,15,4.8,30.7,Intermediate,Medium,14847.18,661631.96,Medium
project_05301,IoT,High,9,8,2,16,28,6.1,43.9,Intermediate,High,30567.76,1719881.7,High
project_05302,EdTech,Low,3,4,2,8,10,2.6,6.2,Basic,Low,1991.14,83924.6,Low
project_05303,FinTech,Medium,7,8,2,16,19,5.2,29.1,Basic,High,15311.29,801351.95,High
project_05304,FinTech,High,11,8,2,16,22,6.0,52.8,Advanced,High,43207.56,2269032.08,High
project_05305,Cloud System,Low,3,2,2,4,15,3.6,8.6,Basic,Medium,1281.65,40373.73,Low
project_05306,IoT,Medium,5,7,2,14,22,4.6,18.4,Basic,Medium,9234.77,421835.64,Medium
project_05307,EdTech,High,12,11,2,22,26,5.4,51.8,Advanced,High,65403.03,3636772.91,High
project_05308,SaaS,Low,5,2,2,4,14,2.9,11.6,Basic,Low,1753.32,65755.15,Low
project_05309,IoT,Medium,8,6,2,12,16,5.1,32.6,Intermediate,Low,12945.22,611435.16,Medium
project_05310,E-commerce,High,9,11,2,22,30,6.3,45.4,Advanced,High,51059.33,2820514.71,High
project_05311,EdTech,Low,3,4,2,8,15,2.2,5.3,Basic,Low,2053.37,59835.32,Low
project_05312,EdTech,Medium,8,8,2,16,19,5.4,34.6,Intermediate,Low,18866.26,750942.53,Medium
project_05313,E-commerce,High,12,6,2,12,25,5.0,48.0,Advanced,Medium,32106.8,1885248.36,High
project_05314,IoT,Low,5,2,2,4,14,3.8,15.2,Basic,Low,1735.38,59870.37,Low
project_05315,Healthcare,Medium,6,6,2,12,16,4.0,19.2,Intermediate,Medium,10862.83,468199.63,Medium
project_05316,Cloud System,High,9,10,2,20,23,6.2,44.6,Intermediate,Medium,34644.21,1666279.05,High
project_05317,SaaS,Low,3,4,2,8,15,3.3,7.9,Basic,Low,2016.64,71475.95,Low
project_05318,Healthcare,Medium,5,7,2,14,16,5.8,23.2,Basic,Medium,8565.76,391776.16,Medium
project_05319,E-commerce,High,9,6,2,12,27,7.4,53.3,Advanced,High,27799.06,1432451.12,High
project_05320,FinTech,Low,4,4,2,8,12,3.8,12.2,Basic,Low,2794.62,109912.56,Low
project_05321,EdTech,Medium,7,4,2,8,20,5.1,28.6,Intermediate,Medium,8776.43,408344.17,Medium
project_05322,FinTech,High,8,11,2,22,22,6.9,44.2,Advanced,Medium,41173.47,2339401.33,High
project_05323,SaaS,Low,4,2,2,4,13,3.9,12.5,Basic,Low,1552.57,53914.11,Low
project_05324,SaaS,Medium,6,8,2,16,17,5.4,25.9,Basic,Medium,11390.28,592411.18,Medium
project_05325,SaaS,High,11,8,2,16,21,5.5,48.4,Advanced,High,47108.38,2476841.24,High
project_05326,SaaS,Low,5,3,2,6,15,3.4,13.6,Basic,Medium,2884.65,101081.73,Low
project_05327,Healthcare,Medium,6,7,2,14,18,4.7,22.6,Intermediate,Medium,13138.03,528162.53,Medium
project_05328,FinTech,High,12,6,2,12,29,7.4,71.0,Intermediate,Medium,27635.44,1474539.05,High
project_05329,EdTech,Low,5,3,2,6,14,3.5,14.0,Basic,Low,2476.58,90418.72,Low
project_05330,SaaS,Medium,7,4,2,8,19,4.6,25.8,Basic,High,8383.26,396460.07,High
project_05331,FinTech,High,10,10,2,20,29,7.9,63.2,Advanced,Medium,44825.43,2214094.43,High
project_05332,Cloud System,Low,4,3,2,6,11,3.1,9.9,Basic,Low,2031.27,76153.54,Low
project_05333,FinTech,Medium,7,8,2,16,22,5.6,31.4,Intermediate,Medium,17109.19,833899.27,Medium
project_05334,AI Platform,High,9,9,2,18,22,5.1,36.7,Advanced,Medium,37315.77,2217141.87,High
project_05335,SaaS,Low,4,4,2,8,15,3.9,12.5,Basic,Medium,3022.1,112672.92,Low
project_05336,E-commerce,Medium,7,4,2,8,18,4.4,24.6,Intermediate,High,9642.36,419746.38,High
project_05337,SaaS,High,12,7,2,14,24,6.3,60.5,Advanced,High,42673.87,2133714.05,High
project_05338,Cloud System,Low,4,3,2,6,14,2.2,7.0,Basic,Medium,2167.0,87476.18,Low
project_05339,EdTech,Medium,8,6,2,12,17,5.4,34.6,Intermediate,High,17193.04,745791.13,High
project_05340,AI Platform,High,9,10,2,20,27,6.7,48.2,Advanced,Medium,40934.66,2364675.78,High
project_05341,Cloud System,Low,4,4,2,8,15,3.7,11.8,Basic,Low,2904.33,105584.3,Low
project_05342,IoT,Medium,7,4,2,8,22,5.1,28.6,Basic,Low,6976.85,304917.34,Medium
project_05343,EdTech,High,12,10,2,20,29,5.8,55.7,Advanced,Medium,56246.13,3223504.07,High
project_05344,IoT,Low,4,2,2,4,10,2.2,7.0,Basic,Medium,1513.31,45416.6,Low
project_05345,E-commerce,Medium,6,6,2,12,22,5.4,25.9,Intermediate,Low,10454.61,414632.65,Medium
project_05346,SaaS,High,12,8,2,16,22,5.3,50.9,Advanced,High,48668.39,2628036.88,High
project_05347,SaaS,Low,3,4,2,8,11,2.8,6.7,Basic,Low,2134.24,83492.57,Low
project_05348,E-commerce,Medium,6,7,2,14,17,5.8,27.8,Intermediate,Low,11801.2,589877.42,Medium
project_05349,E-commerce,High,12,10,2,20,26,7.4,71.0,Advanced,Medium,55096.36,3150033.22,High
project_05350,Cloud System,Low,3,3,2,6,10,2.8,6.7,Basic,Low,1622.3,53757.87,Low
project_05351,Cloud System,Medium,6,7,2,14,18,4.3,20.6,Basic,Medium,10495.31,537464.34,Medium
project_05352,FinTech,High,9,10,2,20,20,6.8,49.0,Advanced,High,47843.36,2341625.81,High
project_05353,FinTech,Low,4,2,2,4,15,2.7,8.6,Basic,Low,1473.64,52761.41,Low
project_05354,E-commerce,Medium,7,4,2,8,22,4.6,25.8,Intermediate,Low,8227.94,411411.48,Medium
project_05355,Cloud System,High,11,10,2,20,26,7.3,64.2,Intermediate,High,46292.05,2645092.42,High
project_05356,AI Platform,Low,5,3,2,6,14,2.4,9.6,Basic,Low,2623.97,79365.12,Low
project_05357,EdTech,Medium,8,5,2,10,21,4.8,30.7,Intermediate,Medium,12339.61,597094.11,Medium
project_05358,FinTech,High,11,9,2,18,26,7.1,62.5,Advanced,High,53716.16,2929431.75,High
project_05359,FinTech,Low,4,3,2,6,10,3.6,11.5,Basic,Low,2036.84,80778.77,Low
project_05360,E-commerce,Medium,7,4,2,8,15,5.7,31.9,Intermediate,Medium,9366.86,375741.64,Medium
project_05361,FinTech,High,10,7,2,14,24,6.4,51.2,Intermediate,Medium,27929.51,1587501.22,High
project_05362,E-commerce,Low,3,3,2,6,15,2.2,5.3,Basic,Low,1498.92,48709.67,Low
project_05363,IoT,Medium,5,6,2,12,21,4.1,16.4,Intermediate,High,11337.99,538870.16,High
project_05364,FinTech,High,10,10,2,20,25,5.7,45.6,Intermediate,High,42374.5,2441651.78,High
project_05365,FinTech,Low,3,4,2,8,12,3.6,8.6,Basic,Low,2008.36,64511.19,Low
project_05366,FinTech,Medium,5,5,2,10,18,5.5,22.0,Basic,Low,6119.06,284669.41,Medium
project_05367,IoT,High,11,7,2,14,23,5.7,50.2,Intermediate,Medium,29878.64,1517296.06,High
project_05368,Healthcare,Low,3,4,2,8,13,3.6,8.6,Basic,Low,2159.45,72501.69,Low
project_05369,IoT,Medium,8,8,2,16,21,5.9,37.8,Intermediate,Medium,19820.22,985600.08,Medium
project_05370,FinTech,High,11,11,2,22,30,7.6,66.9,Advanced,High,65050.52,3531747.33,High
project_05371,AI Platform,Low,3,4,2,8,14,2.2,5.3,Basic,Medium,2228.31,78321.75,Low
project_05372,IoT,Medium,7,6,2,12,15,5.8,32.5,Intermediate,High,15195.18,636638.69,High
project_05373,E-commerce,High,12,8,2,16,29,6.1,58.6,Advanced,High,51027.29,2758331.93,High
project_05374,SaaS,Low,4,4,2,8,12,2.5,8.0,Basic,Medium,2939.84,99216.77,Low
project_05375,Healthcare,Medium,7,4,2,8,20,4.8,26.9,Basic,Medium,7201.1,352405.03,Medium
project_05376,SaaS,High,12,6,2,12,23,7.4,71.0,Intermediate,High,32044.04,1764210.06,High
project_05377,FinTech,Low,4,3,2,6,11,2.1,6.7,Basic,Medium,2264.29,67597.96,Low
project_05378,AI Platform,Medium,8,7,2,14,16,4.6,29.4,Intermediate,Low,15630.37,738597.33,Medium
project_05379,IoT,High,8,12,2,24,23,5.4,34.6,Advanced,High,51509.76,2903938.99,High
project_05380,E-commerce,Low,5,4,2,8,12,3.9,15.6,Basic,Low,3342.88,109983.46,Low
project_05381,FinTech,Medium,6,8,2,16,17,4.3,20.6,Basic,Medium,11867.66,584263.97,Medium
project_05382,EdTech,High,9,12,2,24,25,6.9,49.7,Advanced,High,54508.19,2984418.89,High
project_05383,E-commerce,Low,5,4,2,8,15,3.5,14.0,Basic,Medium,3773.78,112424.49,Low
project_05384,Cloud System,Medium,7,5,2,10,20,5.7,31.9,Intermediate,Medium,10913.0,448470.74,Medium
project_05385,E-commerce,High,11,12,2,24,26,5.8,51.0,Intermediate,Medium,51645.47,2709034.8,High
project_05386,EdTech,Low,3,3,2,6,14,3.4,8.2,Basic,Medium,1820.44,66235.93,Low
project_05387,Healthcare,Medium,8,5,2,10,16,4.2,26.9,Basic,Medium,10133.73,415352.03,Medium
project_05388,SaaS,High,10,9,2,18,29,5.5,44.0,Advanced,High,47978.04,2635596.72,High
project_05389,E-commerce,Low,5,4,2,8,14,3.7,14.8,Basic,Low,3492.2,99574.77,Low
project_05390,Cloud System,Medium,7,8,2,16,16,5.5,30.8,Intermediate,High,19906.39,872479.14,High
project_05391,E-commerce,High,8,10,2,20,24,5.3,33.9,Intermediate,High,33620.45,1981262.64,High
project_05392,EdTech,Low,3,2,2,4,10,2.9,7.0,Basic,Medium,1188.45,46392.74,Low
project_05393,SaaS,Medium,7,4,2,8,16,4.2,23.5,Intermediate,Medium,8493.8,444527.14,Medium
project_05394,IoT,High,10,6,2,12,20,7.5,60.0,Advanced,High,31565.03,1853349.61,High
project_05395,SaaS,Low,3,4,2,8,10,2.8,6.7,Basic,Low,2110.08,76613.91,Low
project_05396,E-commerce,Medium,7,8,2,16,22,5.4,30.2,Intermediate,Medium,16795.7,786429.61,Medium
project_05397,AI Platform,High,10,11,2,22,22,6.0,48.0,Advanced,High,53553.41,3135282.4,High
project_05398,SaaS,Low,3,4,2,8,12,4.0,9.6,Basic,Low,2204.83,83390.76,Low
project_05399,E-commerce,Medium,8,6,2,12,21,6.0,38.4,Intermediate,Low,13273.38,572381.62,Medium
project_05400,Cloud System,High,8,11,2,22,22,7.9,50.6,Advanced,High,46310.24,2575729.96,High
project_05401,E-commerce,Low,3,3,2,6,15,3.9,9.4,Basic,Low,1723.04,66067.37,Low
project_05402,EdTech,Medium,5,8,2,16,21,4.0,16.0,Basic,Medium,9726.41,414550.59,Medium
project_05403,SaaS,High,8,6,2,12,28,5.5,35.2,Advanced,High,26501.88,1300680.6,High
project_05404,Healthcare,Low,3,3,2,6,15,2.1,5.0,Basic,Low,1558.03,50061.34,Low
project_05405,Cloud System,Medium,8,4,2,8,22,4.5,28.8,Intermediate,Medium,10476.97,418925.83,Medium
project_05406,E-commerce,High,9,6,2,12,23,6.5,46.8,Intermediate,Medium,20057.98,1088299.27,High
project_05407,EdTech,Low,5,3,2,6,10,2.9,11.6,Basic,Medium,2648.56,93345.11,Low
project_05408,IoT,Medium,6,5,2,10,16,5.5,26.4,Intermediate,Medium,9581.88,416113.97,Medium
project_05409,EdTech,High,10,10,2,20,26,7.2,57.6,Advanced,High,49672.32,2952061.38,High
project_05410,EdTech,Low,3,3,2,6,10,3.9,9.4,Basic,Medium,1758.01,69073.39,Low
project_05411,AI Platform,Medium,7,6,2,12,19,5.4,30.2,Intermediate,High,15177.27,666469.15,High
project_05412,Cloud System,High,11,8,2,16,20,5.8,51.0,Advanced,High,44288.45,2624780.34,High
project_05413,FinTech,Low,5,4,2,8,11,2.7,10.8,Basic,Low,3365.17,112136.15,Low
project_05414,E-commerce,Medium,5,8,2,16,20,4.9,19.6,Intermediate,Low,11104.51,439176.51,Medium
project_05415,IoT,High,11,12,2,24,27,5.8,51.0,Intermediate,High,54954.63,3041493.84,High
project_05416,IoT,Low,4,3,2,6,14,4.0,12.8,Basic,Medium,2310.88,90492.84,Low
project_05417,SaaS,Medium,6,6,2,12,16,5.3,25.4,Intermediate,Medium,11275.63,502566.36,Medium
project_05418,AI Platform,High,11,10,2,20,24,5.7,50.2,Advanced,High,53825.26,3307078.55,High
project_05419,FinTech,Low,3,2,2,4,12,3.8,9.1,Basic,Medium,1198.91,42594.1,Low
project_05420,FinTech,Medium,8,8,2,16,22,4.4,28.2,Intermediate,Low,18093.9,778047.08,Medium
project_05421,EdTech,High,8,8,2,16,30,7.1,45.4,Intermediate,Medium,24133.9,1366901.83,High
project_05422,IoT,Low,5,3,2,6,14,3.5,14.0,Basic,Low,2672.18,84519.27,Low
project_05423,Cloud System,Medium,7,7,2,14,22,4.6,25.8,Intermediate,Low,14528.65,647080.07,Medium
project_05424,Cloud System,High,12,9,2,18,21,6.7,64.3,Advanced,High,55198.06,2721284.03,High
project_05425,FinTech,Low,5,2,2,4,11,3.5,14.0,Basic,Medium,1892.34,63607.85,Low
project_05426,IoT,Medium,5,5,2,10,17,4.8,19.2,Intermediate,High,8956.59,362039.69,High
project_05427,EdTech,High,12,11,2,22,26,5.3,50.9,Advanced,Medium,58451.48,3348932.12,High
project_05428,E-commerce,Low,3,3,2,6,14,3.6,8.6,Basic,Medium,1835.16,53436.81,Low
project_05429,Healthcare,Medium,5,6,2,12,17,5.0,20.0,Basic,Low,6805.35,310874.39,Medium
project_05430,Healthcare,High,10,9,2,18,26,6.7,53.6,Intermediate,High,37942.58,2092863.68,High
project_05431,E-commerce,Low,5,4,2,8,11,3.7,14.8,Basic,Low,3347.27,119997.54,Low
project_05432,Healthcare,Medium,6,8,2,16,21,4.8,23.0,Intermediate,Medium,14977.88,634469.87,Medium
project_05433,E-commerce,High,9,6,2,12,20,5.4,38.9,Advanced,High,27401.02,1528194.76,High
project_05434,Cloud System,Low,4,4,2,8,12,3.0,9.6,Basic,Low,2808.63,87531.08,Low
project_05435,E-commerce,Medium,8,8,2,16,22,5.1,32.6,Intermediate,High,23565.81,1091634.96,High
project_05436,IoT,High,8,7,2,14,20,7.0,44.8,Advanced,High,30514.95,1559481.61,High
project_05437,EdTech,Low,4,2,2,4,12,3.1,9.9,Basic,Low,1451.76,49633.54,Low
project_05438,EdTech,Medium,7,4,2,8,19,4.8,26.9,Intermediate,Medium,8824.75,443075.84,Medium
project_05439,FinTech,High,12,9,2,18,29,7.4,71.0,Intermediate,High,48321.42,2643704.47,High
project_05440,EdTech,Low,3,4,2,8,12,3.3,7.9,Basic,Low,1981.09,77165.63,Low
project_05441,EdTech,Medium,6,7,2,14,18,5.8,27.8,Basic,Medium,10346.49,499388.36,Medium
project_05442,AI Platform,High,9,9,2,18,20,5.9,42.5,Advanced,Medium,35170.32,2023487.18,High
project_05443,Healthcare,Low,4,3,2,6,12,2.1,6.7,Basic,Low,1985.15,64588.77,Low
project_05444,E-commerce,Medium,8,4,2,8,17,5.1,32.6,Intermediate,High,11951.06,492941.86,High
project_05445,FinTech,High,10,10,2,20,28,5.8,46.4,Advanced,Medium,46412.78,2518189.74,High
project_05446,SaaS,Low,5,3,2,6,15,3.9,15.6,Basic,Low,2550.24,83805.38,Low
project_05447,AI Platform,Medium,8,7,2,14,21,5.7,36.5,Intermediate,Medium,18255.0,710176.78,Medium
project_05448,SaaS,High,10,10,2,20,29,7.7,61.6,Advanced,High,51713.35,2730847.02,High
project_05449,EdTech,Low,5,2,2,4,15,3.8,15.2,Basic,Medium,2026.83,62992.28,Low
project_05450,SaaS,Medium,7,5,2,10,19,5.5,30.8,Basic,Medium,8766.49,433020.52,Medium
project_05451,Cloud System,High,9,6,2,12,21,7.6,54.7,Advanced,High,28931.7,1562805.9,High
project_05452,Healthcare,Low,4,3,2,6,10,3.3,10.6,Basic,Low,1970.84,83426.5,Low
project_05453,E-commerce,Medium,6,4,2,8,16,4.7,22.6,Intermediate,Medium,7609.36,314045.73,Medium
project_05454,SaaS,High,8,8,2,16,21,7.0,44.8,Advanced,Medium,28694.15,1467943.32,High
project_05455,EdTech,Low,4,2,2,4,13,3.7,11.8,Basic,Low,1499.56,53392.0,Low
project_05456,AI Platform,Medium,6,4,2,8,21,4.4,21.1,Basic,Medium,6440.33,262438.39,Medium
project_05457,EdTech,High,12,9,2,18,30,5.1,49.0,Advanced,High,52699.92,3114938.98,High
project_05458,Healthcare,Low,5,3,2,6,15,2.4,9.6,Basic,Medium,2924.6,97713.22,Low
project_05459,FinTech,Medium,8,5,2,10,20,4.3,27.5,Intermediate,High,14026.31,655059.04,High
project_05460,Healthcare,High,10,9,2,18,23,5.9,47.2,Advanced,Medium,41886.37,2092561.9,High
project_05461,Healthcare,Low,4,2,2,4,13,3.2,10.2,Basic,Low,1401.01,53778.88,Low
project_05462,Cloud System,Medium,8,4,2,8,17,4.1,26.2,Intermediate,Low,9234.7,422370.5,Medium
project_05463,FinTech,High,12,7,2,14,25,7.9,75.8,Intermediate,High,36089.0,2072985.14,High
project_05464,E-commerce,Low,4,3,2,6,13,2.2,7.0,Basic,Low,2082.65,73560.53,Low
project_05465,EdTech,Medium,7,7,2,14,18,5.4,30.2,Intermediate,Low,13776.59,672333.29,Medium
project_05466,E-commerce,High,9,11,2,22,20,7.7,55.4,Advanced,Medium,46155.38,2378496.32,High
project_05467,FinTech,Low,5,3,2,6,15,3.4,13.6,Basic,Low,2516.27,102889.43,Low
project_05468,Healthcare,Medium,5,4,2,8,18,4.9,19.6,Intermediate,Medium,6640.4,329735.23,Medium
project_05469,Cloud System,High,11,7,2,14,22,7.5,66.0,Advanced,Medium,36422.91,1922822.41,High
project_05470,Healthcare,Low,5,3,2,6,15,3.3,13.2,Basic,Low,2636.9,102577.5,Low
project_05471,SaaS,Medium,8,6,2,12,22,5.0,32.0,Intermediate,Medium,15651.07,704301.37,Medium
project_05472,Healthcare,High,8,10,2,20,27,6.7,42.9,Intermediate,High,36096.6,1957274.51,High
project_05473,EdTech,Low,4,2,2,4,10,3.4,10.9,Basic,Low,1348.78,43679.7,Low
project_05474,FinTech,Medium,8,5,2,10,16,4.2,26.9,Basic,Medium,10257.28,471606.07,Medium
project_05475,SaaS,High,12,12,2,24,23,5.4,51.8,Advanced,High,73035.92,4184013.51,High
project_05476,E-commerce,Low,5,3,2,6,13,3.7,14.8,Basic,Low,2601.15,88760.86,Low
project_05477,EdTech,Medium,5,6,2,12,19,5.8,23.2,Intermediate,Low,8843.66,366345.4,Medium
project_05478,FinTech,High,12,11,2,22,25,6.2,59.5,Advanced,High,66421.59,4136872.98,High
project_05479,AI Platform,Low,3,2,2,4,12,2.2,5.3,Basic,Low,1073.56,35906.22,Low
project_05480,Healthcare,Medium,8,4,2,8,21,4.2,26.9,Basic,High,9394.34,430745.99,High
project_05481,Cloud System,High,9,10,2,20,22,6.6,47.5,Intermediate,Medium,32711.49,2051550.05,High
project_05482,Cloud System,Low,4,4,2,8,10,2.6,8.3,Basic,Medium,2836.19,115907.92,Low
project_05483,Healthcare,Medium,8,6,2,12,16,5.2,33.3,Intermediate,High,16932.84,654211.87,High
project_05484,Healthcare,High,12,9,2,18,30,5.5,52.8,Advanced,Medium,47062.47,2962254.57,High
project_05485,IoT,Low,4,3,2,6,14,3.9,12.5,Basic,Low,2201.99,64874.76,Low
project_05486,EdTech,Medium,7,6,2,12,18,5.3,29.7,Basic,Medium,10169.9,470679.77,Medium
project_05487,SaaS,High,11,12,2,24,28,7.5,66.0,Advanced,High,71058.62,3814991.59,High
project_05488,FinTech,Low,4,2,2,4,14,3.5,11.2,Basic,Low,1406.62,52263.07,Low
project_05489,FinTech,Medium,6,6,2,12,18,4.4,21.1,Intermediate,High,12260.43,578590.53,High
project_05490,Healthcare,High,12,10,2,20,29,5.4,51.8,Intermediate,High,50159.65,2929891.28,High
project_05491,E-commerce,Low,4,3,2,6,10,2.6,8.3,Basic,Low,1980.26,76909.14,Low
project_05492,EdTech,Medium,6,8,2,16,15,5.0,24.0,Basic,Low,10542.25,490267.93,Medium
project_05493,IoT,High,11,10,2,20,27,7.0,61.6,Advanced,Medium,50375.0,2862582.65,High
project_05494,IoT,Low,3,4,2,8,15,4.0,9.6,Basic,Low,2229.92,66714.18,Low
project_05495,FinTech,Medium,6,6,2,12,16,4.1,19.7,Intermediate,Low,10466.53,453292.04,Medium
project_05496,Healthcare,High,8,9,2,18,24,7.7,49.3,Advanced,Medium,33858.72,1902372.48,High
project_05497,AI Platform,Low,3,4,2,8,10,3.0,7.2,Basic,Low,2065.67,75893.71,Low
project_05498,AI Platform,Medium,7,4,2,8,16,4.3,24.1,Intermediate,Low,7773.31,360943.88,Medium
project_05499,Cloud System,High,10,12,2,24,23,7.1,56.8,Intermediate,High,53508.34,3148237.09,High
project_05500,EdTech,Low,4,3,2,6,14,2.6,8.3,Basic,Medium,2177.57,73722.95,Low
project_05501,FinTech,Medium,7,6,2,12,22,4.8,26.9,Intermediate,Medium,13216.33,685076.22,Medium
project_05502,AI Platform,High,12,6,2,12,24,6.4,61.4,Intermediate,High,31740.86,1818794.43,High
project_05503,EdTech,Low,5,2,2,4,12,3.2,12.8,Basic,Low,1677.57,63194.11,Low
project_05504,IoT,Medium,5,8,2,16,19,5.8,23.2,Intermediate,Low,11709.2,498449.61,Medium
project_05505,Healthcare,High,8,8,2,16,26,6.6,42.2,Intermediate,High,28464.23,1502852.17,High
project_05506,Healthcare,Low,4,4,2,8,10,3.4,10.9,Basic,Low,2740.12,90987.22,Low
project_05507,E-commerce,Medium,5,4,2,8,15,4.7,18.8,Basic,Medium,5054.81,240634.67,Medium
project_05508,Healthcare,High,9,6,2,12,27,5.3,38.2,Advanced,High,29598.52,1599075.24,High
project_05509,AI Platform,Low,3,3,2,6,14,2.9,7.0,Basic,Low,1666.24,64301.39,Low
project_05510,Cloud System,Medium,5,7,2,14,20,4.4,17.6,Intermediate,High,12984.82,550421.69,High
project_05511,EdTech,High,11,12,2,24,30,5.2,45.8,Advanced,Medium,60357.65,3145580.88,High
project_05512,SaaS,Low,3,2,2,4,14,2.4,5.8,Basic,Low,1136.53,36211.86,Low
project_05513,E-commerce,Medium,7,5,2,10,15,5.4,30.2,Basic,Low,8252.43,333325.31,Medium
project_05514,EdTech,High,9,12,2,24,21,5.5,39.6,Intermediate,High,47569.88,2806529.23,High
project_05515,EdTech,Low,3,2,2,4,10,2.9,7.0,Basic,Medium,1216.22,46042.46,Low
project_05516,Healthcare,Medium,6,6,2,12,21,5.7,27.4,Intermediate,Low,10067.41,517059.36,Medium
project_05517,Healthcare,High,11,8,2,16,23,6.3,55.4,Advanced,Medium,40316.77,2232122.24,High
project_05518,IoT,Low,4,3,2,6,10,3.2,10.2,Basic,Low,2144.01,69342.69,Low
project_05519,E-commerce,Medium,6,5,2,10,19,5.7,27.4,Intermediate,High,10860.77,517827.38,High
project_05520,FinTech,High,9,8,2,16,23,7.2,51.8,Advanced,Medium,31831.35,1933254.5,High
project_05521,FinTech,Low,3,2,2,4,12,2.4,5.8,Basic,Medium,1174.56,38682.68,Low
project_05522,E-commerce,Medium,6,7,2,14,16,5.5,26.4,Intermediate,Low,11693.15,569824.72,Medium
project_05523,Cloud System,High,12,12,2,24,23,5.6,53.8,Intermediate,Medium,53226.4,3037072.07,High
project_05524,IoT,Low,5,4,2,8,13,2.8,11.2,Basic,Low,3234.2,125089.44,Low
project_05525,IoT,Medium,6,7,2,14,18,5.6,26.9,Intermediate,Medium,13253.42,544783.31,Medium
project_05526,E-commerce,High,9,7,2,14,20,8.0,57.6,Intermediate,High,27563.57,1441157.11,High
project_05527,E-commerce,Low,5,4,2,8,15,2.8,11.2,Basic,Low,3408.64,137980.68,Low
project_05528,IoT,Medium,7,6,2,12,19,5.6,31.4,Intermediate,Medium,13219.5,632899.99,Medium
project_05529,Cloud System,High,12,9,2,18,21,5.7,54.7,Intermediate,Medium,39984.58,2008192.75,High
project_05530,Healthcare,Low,5,3,2,6,14,2.4,9.6,Basic,Low,2547.14,92900.8,Low
project_05531,IoT,Medium,7,5,2,10,15,5.7,31.9,Intermediate,High,12077.53,597831.27,High
project_05532,EdTech,High,9,6,2,12,20,5.5,39.6,Advanced,High,27805.48,1498657.94,High
project_05533,SaaS,Low,5,2,2,4,10,2.8,11.2,Basic,Low,1771.43,54548.81,Low
project_05534,SaaS,Medium,8,4,2,8,16,4.9,31.4,Basic,High,8899.72,472130.21,High
project_05535,IoT,High,8,8,2,16,21,5.8,37.1,Advanced,High,32631.54,1811241.85,High
project_05536,Healthcare,Low,3,4,2,8,10,2.8,6.7,Basic,Medium,2149.19,76090.13,Low
project_05537,EdTech,Medium,7,6,2,12,16,4.2,23.5,Basic,Medium,10534.12,456885.09,Medium
project_05538,SaaS,High,12,8,2,16,22,6.6,63.4,Intermediate,Medium,36319.34,2166805.5,High
project_05539,E-commerce,Low,5,2,2,4,12,2.5,10.0,Basic,Medium,1799.78,66268.14,Low
project_05540,E-commerce,Medium,8,8,2,16,22,4.9,31.4,Intermediate,Medium,20298.94,862422.22,Medium
project_05541,EdTech,High,8,10,2,20,21,5.8,37.1,Advanced,High,39313.49,1988110.45,High
project_05542,IoT,Low,3,4,2,8,15,3.1,7.4,Basic,Low,2047.96,75676.28,Low
project_05543,E-commerce,Medium,7,8,2,16,18,5.4,30.2,Basic,Medium,13300.36,650678.49,Medium
project_05544,SaaS,High,11,9,2,18,20,7.1,62.5,Advanced,Medium,45185.9,2491116.21,High
project_05545,EdTech,Low,4,2,2,4,13,4.0,12.8,Basic,Low,1515.45,51087.9,Low
project_05546,E-commerce,Medium,7,6,2,12,16,4.6,25.8,Intermediate,Medium,13398.29,642006.27,Medium
project_05547,E-commerce,High,9,6,2,12,30,7.3,52.6,Intermediate,High,24047.11,1288213.46,High
project_05548,EdTech,Low,5,4,2,8,14,3.1,12.4,Basic,Low,3482.95,120449.7,Low
project_05549,SaaS,Medium,5,4,2,8,21,6.0,24.0,Basic,High,6105.73,288123.91,High
project_05550,SaaS,High,8,8,2,16,21,5.6,35.8,Advanced,High,33126.49,1773383.88,High
project_05551,EdTech,Low,3,4,2,8,10,3.6,8.6,Basic,Medium,2198.54,75901.66,Low
project_05552,FinTech,Medium,5,5,2,10,16,4.8,19.2,Intermediate,Medium,7878.81,382070.22,Medium
project_05553,EdTech,High,10,11,2,22,27,6.7,53.6,Advanced,Medium,51786.11,2886063.03,High
project_05554,Cloud System,Low,4,4,2,8,10,3.6,11.5,Basic,Medium,2848.42,110029.32,Low
project_05555,Cloud System,Medium,5,4,2,8,20,5.0,20.0,Intermediate,Low,6082.32,260463.22,Medium
project_05556,SaaS,High,9,8,2,16,23,6.4,46.1,Intermediate,High,31724.16,1956135.16,High
project_05557,Cloud System,Low,4,4,2,8,13,2.7,8.6,Basic,Low,2690.83,86259.51,Low
project_05558,SaaS,Medium,8,8,2,16,15,5.2,33.3,Intermediate,High,21294.08,931486.9,High
project_05559,Healthcare,High,10,12,2,24,28,7.6,60.8,Advanced,High,63510.71,3280245.24,High
project_05560,FinTech,Low,4,2,2,4,14,2.5,8.0,Basic,Low,1400.44,47440.28,Low
project_05561,FinTech,Medium,7,8,2,16,15,4.2,23.5,Basic,High,15561.17,671438.69,High
project_05562,IoT,High,9,12,2,24,23,5.4,38.9,Advanced,High,56001.35,3199376.62,High
project_05563,Healthcare,Low,4,2,2,4,12,2.7,8.6,Basic,Low,1412.75,49712.82,Low
project_05564,FinTech,Medium,8,4,2,8,17,5.2,33.3,Intermediate,Low,9125.7,386277.22,Medium
project_05565,FinTech,High,9,10,2,20,29,5.1,36.7,Intermediate,Medium,35538.17,1864922.15,High
project_05566,AI Platform,Low,4,2,2,4,12,3.0,9.6,Basic,Low,1424.07,53989.93,Low
project_05567,Cloud System,Medium,8,8,2,16,16,6.0,38.4,Intermediate,Medium,19959.79,955030.8,Medium
project_05568,IoT,High,10,8,2,16,20,5.6,44.8,Advanced,High,40559.56,2258597.01,High
project_05569,IoT,Low,4,2,2,4,13,3.5,11.2,Basic,Medium,1668.9,60321.79,Low
project_05570,AI Platform,Medium,6,5,2,10,18,4.6,22.1,Basic,High,8689.88,391908.31,High
project_05571,IoT,High,11,8,2,16,27,7.3,64.2,Advanced,High,46350.14,2665371.55,High
project_05572,IoT,Low,5,3,2,6,15,2.5,10.0,Basic,Low,2642.97,78663.74,Low
project_05573,FinTech,Medium,8,7,2,14,17,4.1,26.2,Intermediate,Medium,17315.02,823143.29,Medium
project_05574,Cloud System,High,8,6,2,12,20,5.3,33.9,Advanced,High,25023.7,1428512.33,High
project_05575,EdTech,Low,5,4,2,8,15,3.9,15.6,Basic,Medium,3910.38,128080.79,Low
project_05576,EdTech,Medium,6,7,2,14,21,4.3,20.6,Intermediate,Low,11406.95,561123.14,Medium
project_05577,EdTech,High,11,9,2,18,20,7.8,68.6,Intermediate,High,42077.29,2355753.36,High
project_05578,IoT,Low,3,4,2,8,12,3.3,7.9,Basic,Medium,2335.2,71064.17,Low
project_05579,Cloud System,Medium,7,7,2,14,15,5.1,28.6,Intermediate,Medium,14429.73,609153.56,Medium
project_05580,AI Platform,High,10,6,2,12,28,7.7,61.6,Advanced,Medium,27571.79,1484501.57,High
project_05581,EdTech,Low,5,4,2,8,10,3.0,12.0,Basic,Low,3161.14,115483.7,Low
project_05582,Healthcare,Medium,7,4,2,8,16,5.1,28.6,Intermediate,Medium,8869.31,364234.35,Medium
project_05583,Healthcare,High,10,9,2,18,29,7.1,56.8,Advanced,High,46188.89,2660898.27,High
project_05584,Cloud System,Low,3,2,2,4,14,2.8,6.7,Basic,Medium,1176.71,38875.69,Low
project_05585,E-commerce,Medium,6,7,2,14,18,4.8,23.0,Intermediate,Medium,13036.61,616549.46,Medium
project_05586,Healthcare,High,10,6,2,12,23,6.0,48.0,Advanced,High,31898.35,1747727.2,High
project_05587,Healthcare,Low,4,4,2,8,14,2.6,8.3,Basic,Medium,3049.87,95465.82,Low
project_05588,AI Platform,Medium,8,5,2,10,21,5.6,35.8,Basic,High,11306.08,578199.92,High
project_05589,E-commerce,High,9,8,2,16,20,7.4,53.3,Intermediate,High,31942.08,1846577.23,High
project_05590,Cloud System,Low,5,3,2,6,15,2.3,9.2,Basic,Medium,2706.15,100212.58,Low
project_05591,FinTech,Medium,6,6,2,12,20,5.3,25.4,Intermediate,Medium,11531.29,519559.93,Medium
project_05592,FinTech,High,9,7,2,14,25,5.2,37.4,Advanced,High,31473.53,1731623.79,High
project_05593,EdTech,Low,3,4,2,8,14,2.4,5.8,Basic,Low,2131.05,75822.05,Low
project_05594,E-commerce,Medium,8,5,2,10,18,5.0,32.0,Intermediate,Low,11821.01,464198.45,Medium
project_05595,AI Platform,High,9,12,2,24,26,5.3,38.2,Advanced,High,54106.42,3038327.17,High
project_05596,Cloud System,Low,4,2,2,4,10,2.5,8.0,Basic,Low,1328.78,45312.76,Low
project_05597,AI Platform,Medium,8,5,2,10,18,5.0,32.0,Basic,Medium,10419.9,418599.13,Medium
project_05598,AI Platform,High,11,7,2,14,27,7.2,63.4,Intermediate,High,32533.82,2064953.29,High
project_05599,EdTech,Low,3,2,2,4,13,3.5,8.4,Basic,Low,1148.38,40704.59,Low
project_05600,FinTech,Medium,6,6,2,12,22,4.6,22.1,Intermediate,Medium,11106.6,480645.42,Medium
project_05601,E-commerce,High,11,11,2,22,24,7.7,67.8,Advanced,High,61572.93,3480427.6,High
project_05602,E-commerce,Low,5,3,2,6,11,3.7,14.8,Basic,Low,2439.3,91529.16,Low
project_05603,SaaS,Medium,7,8,2,16,16,4.9,27.4,Intermediate,Medium,16545.0,839686.55,Medium
project_05604,IoT,High,9,8,2,16,22,6.5,46.8,Advanced,High,36421.68,1992084.25,High
project_05605,SaaS,Low,3,3,2,6,15,3.5,8.4,Basic,Low,1611.67,66572.75,Low
project_05606,SaaS,Medium,5,5,2,10,22,4.1,16.4,Intermediate,Medium,8441.57,323969.97,Medium
project_05607,EdTech,High,12,11,2,22,21,7.6,73.0,Advanced,High,66250.8,3548127.09,High
project_05608,Cloud System,Low,4,4,2,8,15,2.9,9.3,Basic,Low,2627.06,99390.36,Low
project_05609,IoT,Medium,5,4,2,8,20,4.6,18.4,Intermediate,High,7507.34,364775.15,High
project_05610,SaaS,High,9,8,2,16,23,7.2,51.8,Intermediate,High,29950.21,1737641.59,High
project_05611,E-commerce,Low,4,2,2,4,13,3.3,10.6,Basic,Low,1494.31,59223.76,Low
project_05612,EdTech,Medium,8,8,2,16,15,4.3,27.5,Intermediate,Medium,20364.45,912220.43,Medium
project_05613,EdTech,High,10,11,2,22,21,8.0,64.0,Advanced,High,55900.03,2981607.04,High
project_05614,FinTech,Low,4,3,2,6,14,3.9,12.5,Basic,Low,2056.83,72671.43,Low
project_05615,FinTech,Medium,8,5,2,10,21,4.1,26.2,Intermediate,Low,11733.23,530863.88,Medium
project_05616,Cloud System,High,8,12,2,24,21,6.1,39.0,Intermediate,High,40472.44,2195883.91,High
project_05617,SaaS,Low,5,3,2,6,10,3.3,13.2,Basic,Low,2575.98,85477.57,Low
project_05618,E-commerce,Medium,5,5,2,10,20,4.5,18.0,Intermediate,High,9492.24,353137.8,High
project_05619,EdTech,High,12,8,2,16,25,6.4,61.4,Advanced,Medium,41586.13,2639451.25,High
project_05620,Healthcare,Low,5,3,2,6,10,3.4,13.6,Basic,Low,2462.72,105668.97,Low
project_05621,SaaS,Medium,7,5,2,10,21,4.2,23.5,Intermediate,Low,9876.39,503618.19,Medium
project_05622,SaaS,High,9,9,2,18,29,8.0,57.6,Intermediate,High,36082.76,1855644.75,High
project_05623,AI Platform,Low,4,2,2,4,11,2.6,8.3,Basic,Low,1377.66,52836.54,Low
project_05624,E-commerce,Medium,8,5,2,10,19,5.7,36.5,Basic,High,11742.04,517123.33,High
project_05625,SaaS,High,8,10,2,20,28,6.6,42.2,Advanced,Medium,38484.88,2021870.01,High
project_05626,AI Platform,Low,3,2,2,4,15,2.0,4.8,Basic,Medium,1165.37,43408.02,Low
project_05627,SaaS,Medium,5,6,2,12,18,4.4,17.6,Basic,Low,7050.59,284192.91,Medium
project_05628,EdTech,High,10,8,2,16,28,7.2,57.6,Intermediate,High,34111.37,1846712.7,High
project_05629,IoT,Low,5,2,2,4,15,3.3,13.2,Basic,Medium,1941.37,63832.86,Low
project_05630,Cloud System,Medium,8,7,2,14,15,5.0,32.0,Basic,Low,12616.28,500956.84,Medium
project_05631,AI Platform,High,10,9,2,18,26,8.0,64.0,Advanced,Medium,43003.36,2117289.52,High
project_05632,IoT,Low,3,4,2,8,14,2.2,5.3,Basic,Low,2109.73,72347.64,Low
project_05633,Healthcare,Medium,8,7,2,14,22,4.9,31.4,Intermediate,Medium,18014.89,764883.84,Medium
project_05634,Cloud System,High,11,6,2,12,20,7.0,61.6,Advanced,High,34731.98,1857288.51,High
project_05635,EdTech,Low,4,3,2,6,12,3.3,10.6,Basic,Medium,2373.0,86377.25,Low
project_05636,Healthcare,Medium,6,6,2,12,18,4.6,22.1,Intermediate,Low,10322.93,415712.96,Medium
project_05637,EdTech,High,12,12,2,24,27,7.6,73.0,Advanced,High,77428.42,3907718.99,High
project_05638,Healthcare,Low,5,2,2,4,14,2.6,10.4,Basic,Medium,1897.59,58255.99,Low
project_05639,Healthcare,Medium,5,7,2,14,19,5.2,20.8,Intermediate,High,12529.0,490540.45,High
project_05640,E-commerce,High,8,6,2,12,26,6.8,43.5,Advanced,Medium,23143.79,1250151.66,High
project_05641,IoT,Low,3,2,2,4,14,3.7,8.9,Basic,Medium,1220.01,38696.86,Low
project_05642,SaaS,Medium,5,6,2,12,16,5.2,20.8,Intermediate,Low,8593.64,380629.81,Medium
project_05643,FinTech,High,10,11,2,22,29,7.2,57.6,Advanced,Medium,49217.59,3122761.06,High
project_05644,Healthcare,Low,5,2,2,4,15,3.2,12.8,Basic,Medium,1953.65,78753.19,Low
project_05645,FinTech,Medium,8,5,2,10,16,4.8,30.7,Basic,Medium,10325.4,435603.93,Medium
project_05646,SaaS,High,9,12,2,24,24,6.9,49.7,Advanced,High,56480.06,3224645.8,High
project_05647,AI Platform,Low,3,2,2,4,15,4.0,9.6,Basic,Low,1140.13,43967.93,Low
project_05648,EdTech,Medium,7,6,2,12,17,4.2,23.5,Intermediate,Medium,13475.98,513848.82,Medium
project_05649,FinTech,High,10,9,2,18,26,7.6,60.8,Advanced,High,47352.81,2603802.91,High
project_05650,Healthcare,Low,4,3,2,6,11,3.7,11.8,Basic,Low,1986.72,80213.22,Low
project_05651,EdTech,Medium,8,4,2,8,18,4.3,27.5,Intermediate,Medium,10090.54,401628.79,Medium
project_05652,AI Platform,High,10,7,2,14,29,6.9,55.2,Advanced,Medium,31484.76,1683202.02,High
project_05653,IoT,Low,5,4,2,8,13,3.1,12.4,Basic,Medium,3560.94,126098.3,Low
project_05654,EdTech,Medium,8,7,2,14,21,4.0,25.6,Intermediate,High,20228.89,881364.64,High
project_05655,E-commerce,High,9,8,2,16,30,6.8,49.0,Advanced,High,37991.73,2040148.23,High
project_05656,AI Platform,Low,3,3,2,6,12,2.1,5.0,Basic,Low,1606.28,49673.57,Low
project_05657,E-commerce,Medium,5,5,2,10,21,4.2,16.8,Basic,Medium,6568.68,256725.84,Medium
project_05658,FinTech,High,11,12,2,24,21,5.3,46.6,Intermediate,Medium,48698.87,2565336.88,High
project_05659,FinTech,Low,4,2,2,4,14,3.8,12.2,Basic,Low,1443.12,49484.72,Low
project_05660,EdTech,Medium,5,4,2,8,17,4.4,17.6,Intermediate,Medium,6198.15,310205.1,Medium
project_05661,SaaS,High,12,9,2,18,24,5.3,50.9,Advanced,Medium,49824.72,2717676.06,High
project_05662,IoT,Low,4,4,2,8,14,3.8,12.2,Basic,Medium,3097.93,103005.26,Low
project_05663,EdTech,Medium,8,4,2,8,22,4.8,30.7,Intermediate,Medium,9961.63,440679.64,Medium
project_05664,AI Platform,High,8,12,2,24,22,6.3,40.3,Advanced,High,51100.89,2570014.55,High
project_05665,IoT,Low,3,4,2,8,10,2.1,5.0,Basic,Medium,2276.24,69203.85,Low
project_05666,EdTech,Medium,5,5,2,10,22,5.5,22.0,Intermediate,High,9076.46,418701.21,High
project_05667,Cloud System,High,12,10,2,20,25,6.4,61.4,Advanced,Medium,52801.84,3200568.76,High
project_05668,Healthcare,Low,5,3,2,6,12,3.9,15.6,Basic,Medium,2885.69,112494.86,Low
project_05669,EdTech,Medium,8,7,2,14,17,4.8,30.7,Basic,Medium,13860.74,551001.67,Medium
project_05670,AI Platform,High,12,11,2,22,24,7.4,71.0,Advanced,Medium,61916.37,3136098.49,High
project_05671,SaaS,Low,5,4,2,8,11,3.0,12.0,Basic,Medium,3750.78,135888.19,Low
project_05672,AI Platform,Medium,7,6,2,12,22,4.8,26.9,Intermediate,Low,12033.33,543109.35,Medium
project_05673,SaaS,High,10,11,2,22,27,6.5,52.0,Intermediate,High,45312.36,2521173.14,High
project_05674,FinTech,Low,5,3,2,6,14,3.6,14.4,Basic,Low,2530.66,90048.94,Low
project_05675,FinTech,Medium,7,8,2,16,17,4.4,24.6,Intermediate,High,18711.96,966130.5,High
project_05676,EdTech,High,10,12,2,24,28,6.6,52.8,Intermediate,High,52992.5,2519327.86,High
project_05677,Healthcare,Low,5,4,2,8,13,3.0,12.0,Basic,Medium,3776.9,133810.71,Low
project_05678,IoT,Medium,5,7,2,14,20,4.9,19.6,Intermediate,Low,10291.78,489330.57,Medium
project_05679,Cloud System,High,12,9,2,18,23,6.4,61.4,Intermediate,High,46631.8,2515707.75,High
project_05680,IoT,Low,3,3,2,6,15,3.0,7.2,Basic,Low,1551.31,56434.73,Low
project_05681,AI Platform,Medium,5,7,2,14,16,5.3,21.2,Basic,High,9704.56,508637.2,High
project_05682,SaaS,High,12,9,2,18,27,6.2,59.5,Advanced,High,53007.43,3258531.16,High
project_05683,SaaS,Low,3,4,2,8,10,2.5,6.0,Basic,Low,1975.88,81908.37,Low
project_05684,E-commerce,Medium,6,6,2,12,22,6.0,28.8,Basic,Low,8471.8,420237.66,Medium
project_05685,FinTech,High,10,12,2,24,24,6.7,53.6,Advanced,High,63108.73,3033213.73,High
project_05686,Healthcare,Low,4,3,2,6,13,2.8,9.0,Basic,Medium,2279.85,72834.25,Low
project_05687,IoT,Medium,8,8,2,16,20,5.9,37.8,Basic,Medium,16485.04,676122.11,Medium
project_05688,SaaS,High,10,10,2,20,20,7.1,56.8,Advanced,Medium,45173.0,2335896.69,High
project_05689,E-commerce,Low,5,4,2,8,14,3.0,12.0,Basic,Low,3416.3,119985.06,Low
project_05690,EdTech,Medium,7,5,2,10,22,4.1,23.0,Intermediate,Medium,11532.95,515070.38,Medium
project_05691,AI Platform,High,10,11,2,22,21,5.0,40.0,Advanced,High,56632.76,3295058.09,High
project_05692,AI Platform,Low,5,2,2,4,12,2.5,10.0,Basic,Low,1666.94,55483.82,Low
project_05693,Cloud System,Medium,5,6,2,12,19,4.5,18.0,Basic,Low,7238.23,337511.46,Medium
project_05694,FinTech,High,9,11,2,22,24,5.9,42.5,Advanced,High,51492.18,2680649.26,High
project_05695,SaaS,Low,3,4,2,8,11,2.7,6.5,Basic,Low,2072.68,76348.04,Low
project_05696,E-commerce,Medium,5,5,2,10,18,4.1,16.4,Basic,High,7310.24,322840.44,High
project_05697,EdTech,High,11,7,2,14,30,6.3,55.4,Intermediate,High,32909.67,1815789.87,High
project_05698,AI Platform,Low,3,2,2,4,11,3.7,8.9,Basic,Low,1147.93,43297.87,Low
project_05699,Cloud System,Medium,8,5,2,10,20,5.4,34.6,Basic,Low,8792.83,382314.4,Medium
project_05700,SaaS,High,9,6,2,12,29,6.2,44.6,Advanced,High,27549.03,1546651.35,High
project_05701,E-commerce,Low,3,2,2,4,14,2.6,6.2,Basic,Low,1147.3,39842.05,Low
project_05702,Cloud System,Medium,6,5,2,10,15,5.2,25.0,Intermediate,Medium,9835.53,384326.98,Medium
project_05703,IoT,High,8,11,2,22,29,5.2,33.3,Intermediate,High,38847.69,1963791.02,High
project_05704,Healthcare,Low,5,3,2,6,14,3.3,13.2,Basic,Low,2609.63,104484.01,Low
project_05705,AI Platform,Medium,6,4,2,8,20,4.7,22.6,Intermediate,Low,7458.47,307762.84,Medium
project_05706,E-commerce,High,9,9,2,18,20,7.9,56.9,Advanced,High,40505.63,2109403.3,High
project_05707,Cloud System,Low,5,3,2,6,11,2.8,11.2,Basic,Low,2618.37,91872.21,Low
project_05708,IoT,Medium,7,8,2,16,22,4.6,25.8,Intermediate,Low,15989.94,697803.45,Medium
project_05709,Cloud System,High,11,12,2,24,30,6.0,52.8,Advanced,High,68658.74,3927552.12,High
project_05710,Healthcare,Low,5,4,2,8,15,3.3,13.2,Basic,Medium,3897.17,137301.01,Low
project_05711,AI Platform,Medium,7,8,2,16,15,5.4,30.2,Intermediate,High,20444.21,921252.91,High
project_05712,SaaS,High,11,10,2,20,24,6.4,56.3,Advanced,High,58278.63,3214025.05,High
project_05713,AI Platform,Low,4,2,2,4,14,2.8,9.0,Basic,Low,1434.64,46569.77,Low
project_05714,SaaS,Medium,7,4,2,8,15,4.9,27.4,Intermediate,Medium,9086.55,421213.93,Medium
project_05715,E-commerce,High,8,8,2,16,23,7.7,49.3,Advanced,High,32423.77,1829230.33,High
project_05716,IoT,Low,3,4,2,8,11,3.7,8.9,Basic,Medium,2267.6,71078.7,Low
project_05717,E-commerce,Medium,7,5,2,10,22,4.6,25.8,Intermediate,Low,10130.63,431820.86,Medium
project_05718,EdTech,High,12,12,2,24,26,7.5,72.0,Advanced,High,76597.09,3928638.1,High
project_05719,FinTech,Low,3,2,2,4,14,2.6,6.2,Basic,Low,1120.23,40632.96,Low
project_05720,IoT,Medium,7,5,2,10,15,4.8,26.9,Intermediate,Medium,11107.42,433299.38,Medium
project_05721,FinTech,High,8,12,2,24,21,5.2,33.3,Advanced,Medium,44716.8,2498203.63,High
project_05722,Cloud System,Low,5,4,2,8,14,2.1,8.4,Basic,Low,3397.73,105934.89,Low
project_05723,AI Platform,Medium,8,8,2,16,15,4.7,30.1,Intermediate,High,22928.18,1024829.32,High
project_05724,Healthcare,High,9,7,2,14,20,7.7,55.4,Intermediate,High,27265.66,1499853.11,High
project_05725,EdTech,Low,4,3,2,6,11,3.9,12.5,Basic,Medium,2211.97,90603.55,Low
project_05726,AI Platform,Medium,8,8,2,16,21,5.4,34.6,Basic,Medium,16419.28,630844.73,Medium
project_05727,IoT,High,9,7,2,14,21,7.9,56.9,Intermediate,Medium,24946.41,1391402.74,High
project_05728,EdTech,Low,5,3,2,6,14,4.0,16.0,Basic,Low,2567.13,83833.82,Low
project_05729,IoT,Medium,7,5,2,10,18,5.9,33.0,Basic,Medium,8716.99,450220.48,Medium
project_05730,IoT,High,12,7,2,14,28,6.3,60.5,Intermediate,High,36826.61,1869109.27,High
project_05731,IoT,Low,5,4,2,8,12,2.1,8.4,Basic,Low,3166.79,111709.39,Low
project_05732,AI Platform,Medium,5,4,2,8,20,5.4,21.6,Intermediate,High,7483.75,355775.78,High
project_05733,AI Platform,High,11,7,2,14,27,6.1,53.7,Advanced,Medium,35650.01,2071127.48,High
project_05734,SaaS,Low,4,2,2,4,14,2.2,7.0,Basic,Medium,1492.56,48532.34,Low
project_05735,E-commerce,Medium,6,5,2,10,21,5.8,27.8,Intermediate,High,11175.01,500475.31,High
project_05736,AI Platform,High,10,9,2,18,24,6.1,48.8,Intermediate,High,39060.1,2094956.44,High
project_05737,E-commerce,Low,3,3,2,6,15,2.4,5.8,Basic,Low,1553.66,58831.98,Low
project_05738,EdTech,Medium,6,6,2,12,22,4.7,22.6,Basic,Medium,8827.47,404324.56,Medium
project_05739,E-commerce,High,9,12,2,24,29,7.6,54.7,Advanced,High,57203.3,2908833.82,High
project_05740,Healthcare,Low,3,3,2,6,14,2.4,5.8,Basic,Low,1557.55,54467.14,Low
project_05741,E-commerce,Medium,6,7,2,14,22,4.0,19.2,Basic,Medium,10481.56,472408.04,Medium
project_05742,Cloud System,High,10,6,2,12,21,7.1,56.8,Intermediate,High,25575.1,1374415.35,High
project_05743,E-commerce,Low,5,2,2,4,15,3.2,12.8,Basic,Low,1849.57,60215.7,Low
project_05744,Cloud System,Medium,6,5,2,10,15,5.4,25.9,Intermediate,High,11242.41,474442.4,High
project_05745,Cloud System,High,8,9,2,18,29,5.0,32.0,Advanced,Medium,33068.12,1739662.09,High
project_05746,Cloud System,Low,5,3,2,6,14,2.9,11.6,Basic,Low,2509.96,94458.27,Low
project_05747,E-commerce,Medium,7,6,2,12,22,4.2,23.5,Intermediate,High,14555.32,601770.4,High
project_05748,Healthcare,High,9,7,2,14,21,7.6,54.7,Advanced,Medium,28589.08,1490064.53,High
project_05749,AI Platform,Low,4,4,2,8,14,2.7,8.6,Basic,Low,2695.21,86632.72,Low
project_05750,E-commerce,Medium,6,7,2,14,16,5.3,25.4,Intermediate,Medium,13470.83,585609.54,Medium
project_05751,E-commerce,High,8,6,2,12,23,6.3,40.3,Intermediate,High,21014.67,1129108.55,High
project_05752,IoT,Low,3,4,2,8,13,2.6,6.2,Basic,Medium,2350.88,84771.18,Low
project_05753,SaaS,Medium,8,7,2,14,22,4.1,26.2,Intermediate,Low,16501.67,783203.35,Medium
project_05754,SaaS,High,8,8,2,16,28,6.5,41.6,Advanced,Medium,29358.5,1703765.14,High
project_05755,E-commerce,Low,3,3,2,6,12,3.4,8.2,Basic,Medium,1835.75,66319.19,Low
project_05756,AI Platform,Medium,5,6,2,12,17,5.3,21.2,Intermediate,Low,8480.25,370257.24,Medium
project_05757,E-commerce,High,8,6,2,12,27,5.1,32.6,Advanced,High,25671.9,1462923.96,High
project_05758,SaaS,Low,3,2,2,4,12,3.7,8.9,Basic,Medium,1192.06,45112.93,Low
project_05759,Cloud System,Medium,7,6,2,12,20,5.1,28.6,Intermediate,Medium,13091.58,552012.35,Medium
project_05760,EdTech,High,12,6,2,12,26,6.9,66.2,Advanced,High,39371.99,2073144.5,High
project_05761,Healthcare,Low,4,4,2,8,12,3.6,11.5,Basic,Low,2605.94,112814.51,Low
project_05762,E-commerce,Medium,5,7,2,14,17,4.6,18.4,Intermediate,Medium,10747.01,488204.11,Medium
project_05763,FinTech,High,11,8,2,16,30,7.9,69.5,Intermediate,Medium,33523.78,1959728.93,High
project_05764,SaaS,Low,3,3,2,6,14,2.9,7.0,Basic,Low,1525.75,51814.37,Low
project_05765,E-commerce,Medium,7,8,2,16,22,4.1,23.0,Basic,Low,12450.04,535755.54,Medium
project_05766,E-commerce,High,9,9,2,18,20,6.2,44.6,Advanced,High,40289.61,2448433.91,High
project_05767,Cloud System,Low,3,4,2,8,11,2.3,5.5,Basic,Medium,2114.7,83512.62,Low
project_05768,FinTech,Medium,7,6,2,12,21,4.3,24.1,Intermediate,Medium,13178.49,681109.61,Medium
project_05769,AI Platform,High,8,9,2,18,23,7.7,49.3,Advanced,High,38216.6,2117228.28,High
project_05770,IoT,Low,5,4,2,8,15,3.3,13.2,Basic,Low,3276.36,114268.0,Low
project_05771,FinTech,Medium,6,5,2,10,22,4.7,22.6,Basic,Low,7071.96,326897.2,Medium
project_05772,SaaS,High,9,7,2,14,24,6.7,48.2,Advanced,High,33345.57,1762799.56,High
project_05773,Cloud System,Low,3,2,2,4,12,3.0,7.2,Basic,Low,1125.4,43070.55,Low
project_05774,EdTech,Medium,8,8,2,16,16,6.0,38.4,Intermediate,Medium,18773.47,915194.02,Medium
project_05775,Healthcare,High,9,10,2,20,25,5.8,41.8,Intermediate,High,40526.43,1887698.57,High
project_05776,IoT,Low,5,3,2,6,10,2.7,10.8,Basic,Medium,2767.34,85868.97,Low
project_05777,SaaS,Medium,7,5,2,10,16,4.5,25.2,Basic,High,10366.2,428973.21,High
project_05778,SaaS,High,9,9,2,18,20,5.9,42.5,Advanced,Medium,37802.91,2148789.8,High
project_05779,FinTech,Low,3,3,2,6,12,3.0,7.2,Basic,Low,1554.26,48782.66,Low
project_05780,Healthcare,Medium,6,7,2,14,20,4.8,23.0,Intermediate,Medium,13232.95,511068.67,Medium
project_05781,E-commerce,High,12,10,2,20,30,5.3,50.9,Advanced,High,63703.52,3302273.77,High
project_05782,FinTech,Low,3,4,2,8,14,3.9,9.4,Basic,Medium,2420.49,91086.14,Low
project_05783,Healthcare,Medium,5,5,2,10,20,6.0,24.0,Intermediate,Medium,8098.52,407676.68,Medium
project_05784,IoT,High,11,10,2,20,22,5.9,51.9,Advanced,High,54155.18,2972760.56,High
project_05785,E-commerce,Low,4,4,2,8,13,3.7,11.8,Basic,Medium,3016.58,96793.84,Low
project_05786,Cloud System,Medium,8,5,2,10,21,5.9,37.8,Intermediate,Medium,13404.86,595337.68,Medium
project_05787,FinTech,High,12,7,2,14,30,5.4,51.8,Intermediate,Medium,33017.12,1544690.12,High
project_05788,EdTech,Low,3,4,2,8,13,3.1,7.4,Basic,Low,2048.53,61740.93,Low
project_05789,Cloud System,Medium,6,5,2,10,18,5.8,27.8,Intermediate,Medium,9655.64,400075.31,Medium
project_05790,E-commerce,High,10,7,2,14,23,7.4,59.2,Advanced,Medium,33491.15,1704956.61,High
project_05791,IoT,Low,5,4,2,8,13,3.8,15.2,Basic,Low,3289.82,136198.13,Low
project_05792,Cloud System,Medium,8,4,2,8,19,5.9,37.8,Intermediate,Low,9647.07,383029.44,Medium
project_05793,Cloud System,High,12,10,2,20,27,6.1,58.6,Advanced,High,58580.11,3414180.79,High
project_05794,FinTech,Low,4,3,2,6,11,3.4,10.9,Basic,Low,2024.81,72083.31,Low
project_05795,IoT,Medium,8,7,2,14,21,4.4,28.2,Intermediate,Medium,16588.34,744716.67,Medium
project_05796,Cloud System,High,11,7,2,14,27,6.3,55.4,Intermediate,Medium,30501.35,1701914.71,High
project_05797,Cloud System,Low,4,4,2,8,12,3.3,10.6,Basic,Low,2776.1,93886.05,Low
project_05798,FinTech,Medium,8,4,2,8,18,5.6,35.8,Intermediate,Medium,9859.69,525423.6,Medium
project_05799,E-commerce,High,9,6,2,12,21,7.5,54.0,Advanced,High,27568.24,1603042.82,High
project_05800,FinTech,Low,4,3,2,6,13,4.0,12.8,Basic,Low,2091.81,73187.11,Low
project_05801,Cloud System,Medium,8,7,2,14,17,4.0,25.6,Intermediate,High,19185.56,852783.29,High
project_05802,SaaS,High,11,10,2,20,24,6.0,52.8,Advanced,Medium,49237.27,2549362.02,High
project_05803,FinTech,Low,4,4,2,8,13,2.1,6.7,Basic,Low,2755.09,80963.03,Low
project_05804,E-commerce,Medium,7,8,2,16,16,4.4,24.6,Intermediate,Medium,17112.15,836554.95,Medium
project_05805,IoT,High,10,7,2,14,25,5.2,41.6,Advanced,High,37595.12,2106251.31,High
project_05806,Cloud System,Low,4,3,2,6,11,2.3,7.4,Basic,Low,1977.37,78328.62,Low
project_05807,SaaS,Medium,6,7,2,14,20,5.2,25.0,Intermediate,Medium,13476.85,574473.34,Medium
project_05808,Cloud System,High,11,7,2,14,28,7.0,61.6,Intermediate,High,32529.82,1761451.13,High
project_05809,EdTech,Low,3,2,2,4,15,2.2,5.3,Basic,Low,1118.46,39467.2,Low
project_05810,IoT,Medium,5,4,2,8,22,4.1,16.4,Intermediate,Medium,6622.13,301466.26,Medium
project_05811,Cloud System,High,9,12,2,24,28,7.3,52.6,Advanced,Medium,50724.96,2994288.15,High
project_05812,IoT,Low,5,3,2,6,14,2.6,10.4,Basic,Low,2638.69,76209.14,Low
project_05813,E-commerce,Medium,6,4,2,8,20,4.1,19.7,Basic,Low,5666.98,288499.92,Medium
project_05814,Cloud System,High,10,9,2,18,30,6.0,48.0,Advanced,Medium,42026.27,2158351.72,High
project_05815,Healthcare,Low,4,3,2,6,12,3.3,10.6,Basic,Medium,2196.58,77139.83,Low
project_05816,FinTech,Medium,6,7,2,14,17,4.8,23.0,Intermediate,High,14450.95,640680.31,High
project_05817,AI Platform,High,8,10,2,20,21,5.6,35.8,Advanced,Medium,36354.77,1933139.81,High
project_05818,E-commerce,Low,5,3,2,6,10,3.3,13.2,Basic,Low,2647.05,90839.75,Low
project_05819,Cloud System,Medium,8,7,2,14,16,5.9,37.8,Intermediate,High,18795.4,840542.26,High
project_05820,AI Platform,High,10,11,2,22,22,6.9,55.2,Intermediate,Medium,41613.23,2372922.11,High
project_05821,Cloud System,Low,4,3,2,6,14,2.3,7.4,Basic,Low,2022.58,79640.02,Low
project_05822,Healthcare,Medium,6,8,2,16,18,4.7,22.6,Basic,Low,11168.19,465576.38,Medium
project_05823,FinTech,High,9,12,2,24,27,5.1,36.7,Intermediate,High,43884.72,2302189.92,High
project_05824,Healthcare,Low,5,3,2,6,11,3.5,14.0,Basic,Low,2671.41,98681.34,Low
project_05825,AI Platform,Medium,6,5,2,10,19,5.1,24.5,Basic,Medium,7682.12,345507.35,Medium
project_05826,EdTech,High,9,8,2,16,26,5.3,38.2,Advanced,High,39046.14,2208502.36,High
project_05827,EdTech,Low,4,4,2,8,12,2.6,8.3,Basic,Low,2597.57,101132.26,Low
project_05828,EdTech,Medium,8,7,2,14,22,4.5,28.8,Intermediate,Medium,16610.12,816792.48,Medium
project_05829,Cloud System,High,11,6,2,12,21,6.1,53.7,Advanced,High,33429.06,1974213.17,High
project_05830,Cloud System,Low,5,3,2,6,13,3.0,12.0,Basic,Low,2602.76,88626.16,Low
project_05831,Cloud System,Medium,6,7,2,14,17,5.1,24.5,Intermediate,Low,12344.61,508333.21,Medium
project_05832,FinTech,High,12,12,2,24,27,6.2,59.5,Advanced,Medium,67660.03,3374790.78,High
project_05833,FinTech,Low,5,3,2,6,15,2.4,9.6,Basic,Low,2554.27,81675.18,Low
project_05834,EdTech,Medium,6,8,2,16,18,4.5,21.6,Intermediate,Low,14065.12,608825.74,Medium
project_05835,FinTech,High,9,7,2,14,27,5.8,41.8,Intermediate,Medium,25189.6,1439523.15,High
project_05836,Healthcare,Low,4,3,2,6,10,3.2,10.2,Basic,Medium,2175.12,72658.24,Low
project_05837,SaaS,Medium,7,4,2,8,22,5.6,31.4,Intermediate,Medium,8907.36,415504.75,Medium
project_05838,SaaS,High,9,11,2,22,30,7.3,52.6,Advanced,High,51241.29,2748028.51,High
project_05839,IoT,Low,5,3,2,6,13,2.6,10.4,Basic,Medium,2856.29,107975.96,Low
project_05840,E-commerce,Medium,8,6,2,12,18,4.8,30.7,Intermediate,Medium,15015.76,575364.79,Medium
project_05841,FinTech,High,8,11,2,22,28,6.8,43.5,Advanced,High,45203.24,2463725.41,High
project_05842,Healthcare,Low,5,3,2,6,14,3.8,15.2,Basic,Medium,2861.72,107130.79,Low
project_05843,E-commerce,Medium,5,6,2,12,15,4.2,16.8,Intermediate,Low,8229.13,393431.33,Medium
project_05844,IoT,High,11,10,2,20,22,5.3,46.6,Intermediate,High,46209.54,2761107.4,High
project_05845,Cloud System,Low,3,4,2,8,13,3.2,7.7,Basic,Low,2037.75,63777.81,Low
project_05846,Healthcare,Medium,8,7,2,14,15,4.6,29.4,Basic,Medium,13613.38,658472.41,Medium
project_05847,SaaS,High,11,11,2,22,25,6.3,55.4,Advanced,High,60800.55,3342538.67,High
project_05848,Healthcare,Low,5,4,2,8,13,3.6,14.4,Basic,Low,3334.35,100918.25,Low
project_05849,IoT,Medium,8,5,2,10,21,5.5,35.2,Intermediate,Low,11722.44,516426.57,Medium
project_05850,Cloud System,High,11,8,2,16,24,6.2,54.6,Advanced,High,46394.4,2418506.25,High
project_05851,SaaS,Low,4,2,2,4,14,2.0,6.4,Basic,Low,1377.37,53130.84,Low
project_05852,Cloud System,Medium,7,8,2,16,16,5.7,31.9,Intermediate,Medium,17390.61,798301.79,Medium
project_05853,FinTech,High,11,11,2,22,23,7.7,67.8,Advanced,Medium,56128.55,2783032.46,High
project_05854,E-commerce,Low,3,3,2,6,13,3.3,7.9,Basic,Low,1686.84,66331.48,Low
project_05855,Healthcare,Medium,8,7,2,14,21,5.1,32.6,Basic,Low,12532.8,614257.41,Medium
project_05856,SaaS,High,11,11,2,22,24,7.9,69.5,Intermediate,High,51552.52,2878109.8,High
project_05857,SaaS,Low,5,4,2,8,12,3.5,14.0,Basic,Low,3403.73,109525.19,Low
project_05858,AI Platform,Medium,6,5,2,10,17,4.3,20.6,Basic,Low,7118.07,337882.83,Medium
project_05859,EdTech,High,9,12,2,24,24,7.7,55.4,Intermediate,High,47189.34,2635268.34,High
project_05860,EdTech,Low,3,3,2,6,10,2.1,5.0,Basic,Medium,1648.21,59446.8,Low
project_05861,FinTech,Medium,8,5,2,10,15,4.7,30.1,Basic,Low,9115.13,429375.57,Medium
project_05862,Healthcare,High,12,12,2,24,24,6.6,63.4,Intermediate,High,58447.14,3369813.06,High
project_05863,FinTech,Low,4,2,2,4,13,2.6,8.3,Basic,Low,1466.22,42909.14,Low
project_05864,SaaS,Medium,7,8,2,16,19,4.8,26.9,Intermediate,Medium,17627.0,709715.43,Medium
project_05865,IoT,High,11,10,2,20,30,6.7,59.0,Advanced,Medium,51136.22,2855381.34,High
project_05866,E-commerce,Low,5,2,2,4,11,3.6,14.4,Basic,Medium,2015.33,69324.45,Low
project_05867,IoT,Medium,6,6,2,12,16,5.6,26.9,Intermediate,Medium,11894.48,515411.67,Medium
project_05868,E-commerce,High,10,9,2,18,20,6.1,48.8,Advanced,Medium,39382.68,2386093.51,High
project_05869,Healthcare,Low,4,2,2,4,10,2.1,6.7,Basic,Medium,1512.2,58339.99,Low
project_05870,AI Platform,Medium,8,7,2,14,22,5.9,37.8,Intermediate,Medium,18318.43,859114.99,Medium
project_05871,FinTech,High,9,11,2,22,21,7.8,56.2,Advanced,High,50235.96,2806851.4,High
project_05872,E-commerce,Low,5,2,2,4,15,2.6,10.4,Basic,Low,1747.59,67238.48,Low
project_05873,FinTech,Medium,8,6,2,12,18,4.6,29.4,Intermediate,Medium,14247.59,605900.01,Medium
project_05874,Cloud System,High,8,7,2,14,24,5.6,35.8,Advanced,Medium,27080.71,1446874.06,High
project_05875,SaaS,Low,4,4,2,8,11,2.2,7.0,Basic,Low,2632.76,83559.28,Low
project_05876,EdTech,Medium,8,6,2,12,15,5.0,32.0,Basic,Medium,12085.76,511051.73,Medium
project_05877,SaaS,High,11,10,2,20,27,5.5,48.4,Advanced,Medium,49964.72,2712332.71,High
project_05878,AI Platform,Low,3,4,2,8,13,2.8,6.7,Basic,Medium,2210.76,80301.58,Low
project_05879,IoT,Medium,6,7,2,14,16,5.7,27.4,Intermediate,High,14674.42,600442.63,High
project_05880,IoT,High,10,7,2,14,26,6.3,50.4,Advanced,High,37502.63,2047345.16,High
project_05881,Cloud System,Low,5,4,2,8,11,3.4,13.6,Basic,Medium,3716.39,139564.79,Low
project_05882,IoT,Medium,7,5,2,10,15,5.7,31.9,Intermediate,Low,10224.28,488254.52,Medium
project_05883,IoT,High,9,7,2,14,27,5.9,42.5,Intermediate,Medium,25183.32,1225247.92,High
project_05884,Cloud System,Low,3,4,2,8,15,3.1,7.4,Basic,Low,2005.74,65656.54,Low
project_05885,FinTech,Medium,5,8,2,16,22,4.4,17.6,Basic,Medium,10152.68,472470.63,Medium
project_05886,IoT,High,9,6,2,12,22,6.9,49.7,Advanced,Medium,25689.03,1208531.62,High
project_05887,Cloud System,Low,5,4,2,8,13,3.7,14.8,Basic,Low,3516.36,112741.47,Low
project_05888,Cloud System,Medium,7,5,2,10,20,5.3,29.7,Intermediate,Low,9807.28,470379.14,Medium
project_05889,SaaS,High,8,7,2,14,26,7.3,46.7,Advanced,Medium,25203.77,1417399.35,High
project_05890,Cloud System,Low,3,4,2,8,12,2.3,5.5,Basic,Low,2009.87,74139.51,Low
project_05891,Healthcare,Medium,8,5,2,10,17,4.2,26.9,Intermediate,Medium,12128.64,548811.58,Medium
project_05892,SaaS,High,12,12,2,24,26,7.3,70.1,Advanced,High,71010.47,4249232.03,High
project_05893,EdTech,Low,3,2,2,4,11,2.2,5.3,Basic,Low,1090.75,39223.26,Low
project_05894,AI Platform,Medium,7,5,2,10,19,4.0,22.4,Intermediate,Medium,10794.53,428166.79,Medium
project_05895,Cloud System,High,12,6,2,12,29,5.3,50.9,Advanced,Medium,34646.2,1649044.43,High
project_05896,E-commerce,Low,5,2,2,4,12,2.6,10.4,Basic,Medium,1889.45,64170.65,Low
project_05897,IoT,Medium,5,5,2,10,15,4.3,17.2,Intermediate,High,9294.55,369265.43,High
project_05898,FinTech,High,8,12,2,24,22,5.9,37.8,Intermediate,Medium,36323.86,1826850.8,High
project_05899,E-commerce,Low,5,4,2,8,12,3.1,12.4,Basic,Medium,3818.4,116305.03,Low
project_05900,Healthcare,Medium,6,5,2,10,19,5.3,25.4,Intermediate,Medium,9455.76,460737.84,Medium
project_05901,AI Platform,High,8,7,2,14,24,6.3,40.3,Intermediate,High,25048.96,1490521.35,High
project_05902,AI Platform,Low,5,2,2,4,10,3.0,12.0,Basic,Low,1712.63,57586.27,Low
project_05903,SaaS,Medium,6,7,2,14,19,4.2,20.2,Intermediate,Medium,13535.34,542283.62,Medium
project_05904,SaaS,High,11,11,2,22,20,5.6,49.3,Advanced,Medium,52889.5,2826869.88,High
project_05905,Healthcare,Low,4,2,2,4,11,3.2,10.2,Basic,Medium,1636.96,59844.31,Low
project_05906,SaaS,Medium,6,5,2,10,16,4.6,22.1,Intermediate,High,11133.54,455078.93,High
project_05907,SaaS,High,12,7,2,14,25,7.0,67.2,Advanced,Medium,39293.68,2360584.27,High
project_05908,AI Platform,Low,3,4,2,8,12,3.5,8.4,Basic,Low,2054.13,67974.39,Low
project_05909,IoT,Medium,8,4,2,8,20,5.5,35.2,Intermediate,Medium,10194.93,494941.7,Medium
project_05910,IoT,High,12,12,2,24,24,6.0,57.6,Advanced,High,73135.34,4138156.43,High
project_05911,EdTech,Low,4,3,2,6,10,3.3,10.6,Basic,Low,2067.34,77852.06,Low
project_05912,AI Platform,Medium,6,6,2,12,21,4.8,23.0,Basic,Medium,9094.85,396380.5,Medium
project_05913,IoT,High,8,11,2,22,29,6.7,42.9,Advanced,High,44595.48,2612307.43,High
project_05914,IoT,Low,3,3,2,6,10,2.5,6.0,Basic,Medium,1706.46,60469.44,Low
project_05915,FinTech,Medium,5,4,2,8,21,4.3,17.2,Intermediate,Medium,6396.01,283222.63,Medium
project_05916,AI Platform,High,12,10,2,20,20,7.3,70.1,Intermediate,High,48966.46,2806462.66,High
project_05917,FinTech,Low,5,4,2,8,10,2.5,10.0,Basic,Low,3445.26,121717.01,Low
project_05918,IoT,Medium,8,5,2,10,21,4.0,25.6,Intermediate,High,14421.56,694577.99,High
project_05919,IoT,High,12,6,2,12,20,5.3,50.9,Advanced,High,37627.84,2089416.45,High
project_05920,Cloud System,Low,5,4,2,8,15,3.2,12.8,Basic,Low,3511.6,104239.8,Low
project_05921,SaaS,Medium,6,4,2,8,15,5.1,24.5,Basic,Medium,6285.09,262114.29,Medium
project_05922,IoT,High,8,7,2,14,28,5.9,37.8,Advanced,High,28677.69,1649620.18,High
project_05923,E-commerce,Low,5,4,2,8,10,3.5,14.0,Basic,Low,3449.52,108334.88,Low
project_05924,FinTech,Medium,6,5,2,10,22,4.6,22.1,Intermediate,Medium,9284.21,442502.83,Medium
project_05925,EdTech,High,11,7,2,14,22,5.2,45.8,Advanced,High,40881.58,2174115.28,High
project_05926,AI Platform,Low,3,3,2,6,10,2.9,7.0,Basic,Medium,1647.33,54915.8,Low
project_05927,Healthcare,Medium,6,8,2,16,16,5.7,27.4,Intermediate,Low,13806.97,638341.55,Medium
project_05928,SaaS,High,9,10,2,20,21,7.6,54.7,Intermediate,High,37870.37,2147658.76,High
project_05929,Healthcare,Low,4,2,2,4,11,3.9,12.5,Basic,Low,1521.05,53280.06,Low
project_05930,Cloud System,Medium,8,5,2,10,16,5.2,33.3,Basic,Medium,10030.74,422668.79,Medium
project_05931,E-commerce,High,8,12,2,24,25,7.7,49.3,Advanced,Medium,43398.81,2346061.53,High
project_05932,AI Platform,Low,3,4,2,8,14,3.8,9.1,Basic,Low,2223.73,71059.36,Low
project_05933,EdTech,Medium,5,6,2,12,18,5.3,21.2,Basic,Medium,7671.48,320099.77,Medium
project_05934,SaaS,High,11,11,2,22,26,6.4,56.3,Intermediate,Medium,45138.48,2654259.66,High
project_05935,E-commerce,Low,5,3,2,6,12,2.9,11.6,Basic,Low,2536.82,82400.2,Low
project_05936,SaaS,Medium,8,8,2,16,18,4.6,29.4,Intermediate,High,21806.16,1054554.36,High
project_05937,E-commerce,High,11,7,2,14,24,7.8,68.6,Advanced,High,40795.55,2188446.51,High
project_05938,SaaS,Low,5,3,2,6,10,3.9,15.6,Basic,Low,2494.26,88961.86,Low
project_05939,EdTech,Medium,5,6,2,12,16,5.3,21.2,Intermediate,High,10548.02,540969.61,High
project_05940,FinTech,High,8,10,2,20,24,5.5,35.2,Intermediate,Medium,29419.72,1512969.02,High
project_05941,IoT,Low,5,3,2,6,15,3.9,15.6,Basic,Low,2750.73,101961.59,Low
project_05942,E-commerce,Medium,6,7,2,14,17,4.3,20.6,Intermediate,High,14608.83,637873.8,High
project_05943,FinTech,High,11,9,2,18,25,6.6,58.1,Advanced,High,53248.27,2814455.23,High
project_05944,Healthcare,Low,5,3,2,6,14,3.5,14.0,Basic,Medium,2928.15,93680.09,Low
project_05945,E-commerce,Medium,7,8,2,16,19,5.2,29.1,Basic,Medium,13495.82,628815.52,Medium
project_05946,E-commerce,High,10,8,2,16,22,5.5,44.0,Intermediate,Medium,31440.79,1663218.16,High
project_05947,SaaS,Low,5,4,2,8,13,2.9,11.6,Basic,Medium,3570.17,139886.97,Low
project_05948,IoT,Medium,7,6,2,12,15,4.1,23.0,Intermediate,High,14529.27,650013.62,High
project_05949,SaaS,High,8,11,2,22,28,7.3,46.7,Intermediate,High,37544.22,2029391.24,High
project_05950,E-commerce,Low,5,2,2,4,12,3.4,13.6,Basic,Low,1750.71,59976.18,Low
project_05951,IoT,Medium,6,7,2,14,22,4.1,19.7,Basic,Medium,10419.42,501467.4,Medium
project_05952,EdTech,High,11,11,2,22,27,6.0,52.8,Advanced,Medium,56775.41,2835072.07,High
project_05953,IoT,Low,5,2,2,4,11,2.8,11.2,Basic,Low,1667.87,63698.16,Low
project_05954,E-commerce,Medium,5,8,2,16,20,6.0,24.0,Intermediate,Medium,12517.54,533530.77,Medium
project_05955,IoT,High,10,9,2,18,25,6.4,51.2,Intermediate,High,39109.74,2320716.52,High
project_05956,E-commerce,Low,3,4,2,8,15,3.8,9.1,Basic,Medium,2478.89,73409.87,Low
project_05957,AI Platform,Medium,8,8,2,16,20,5.2,33.3,Intermediate,High,22002.5,1023645.49,High
project_05958,EdTech,High,8,6,2,12,25,5.7,36.5,Intermediate,Medium,18106.5,954541.8,High
project_05959,Healthcare,Low,4,3,2,6,10,2.3,7.4,Basic,Low,1945.05,61797.64,Low
project_05960,SaaS,Medium,5,8,2,16,17,4.8,19.2,Intermediate,Medium,12305.3,510271.75,Medium
project_05961,FinTech,High,11,6,2,12,28,5.2,45.8,Advanced,High,35003.12,1992858.95,High
project_05962,E-commerce,Low,3,2,2,4,15,3.6,8.6,Basic,Medium,1285.44,44238.77,Low
project_05963,SaaS,Medium,5,7,2,14,19,5.4,21.6,Intermediate,Low,10310.34,458912.28,Medium
project_05964,Healthcare,High,8,7,2,14,25,6.5,41.6,Advanced,High,28745.43,1572583.31,High
project_05965,AI Platform,Low,3,2,2,4,12,2.5,6.0,Basic,Low,1038.71,37762.87,Low
project_05966,FinTech,Medium,6,6,2,12,20,5.4,25.9,Intermediate,Medium,11661.26,488673.5,Medium
project_05967,IoT,High,8,10,2,20,22,5.4,34.6,Advanced,Medium,37666.29,1781929.87,High
project_05968,FinTech,Low,5,4,2,8,15,3.7,14.8,Basic,Medium,3791.66,113266.4,Low
project_05969,Cloud System,Medium,5,7,2,14,21,4.8,19.2,Basic,Low,8343.92,343685.81,Medium
project_05970,FinTech,High,12,8,2,16,28,6.0,57.6,Intermediate,High,42935.18,2364930.34,High
project_05971,FinTech,Low,4,3,2,6,10,2.4,7.7,Basic,Low,2074.64,63637.17,Low
project_05972,FinTech,Medium,7,5,2,10,15,4.6,25.8,Intermediate,High,12126.72,614359.88,High
project_05973,SaaS,High,10,9,2,18,27,5.7,45.6,Advanced,High,47121.38,2282451.49,High
project_05974,E-commerce,Low,3,2,2,4,11,2.8,6.7,Basic,Medium,1170.77,42288.88,Low
project_05975,E-commerce,Medium,7,6,2,12,20,5.2,29.1,Intermediate,Medium,13159.4,602312.34,Medium
project_05976,SaaS,High,12,12,2,24,24,6.6,63.4,Intermediate,High,60621.17,3429556.32,High
project_05977,IoT,Low,3,4,2,8,11,3.7,8.9,Basic,Medium,2393.04,84077.43,Low
project_05978,Cloud System,Medium,8,8,2,16,20,4.4,28.2,Intermediate,Medium,20198.48,946763.98,Medium
project_05979,EdTech,High,11,11,2,22,26,6.1,53.7,Advanced,Medium,55842.63,2846201.48,High
project_05980,FinTech,Low,3,2,2,4,10,3.7,8.9,Basic,Low,1156.1,37276.09,Low
project_05981,AI Platform,Medium,8,4,2,8,17,4.0,25.6,Intermediate,High,11162.71,518350.24,High
project_05982,E-commerce,High,11,10,2,20,22,7.7,67.8,Advanced,High,56308.27,3348422.9,High
project_05983,SaaS,Low,4,3,2,6,12,3.6,11.5,Basic,Low,2113.88,77383.72,Low
project_05984,EdTech,Medium,6,8,2,16,21,4.9,23.5,Intermediate,Medium,14400.29,701274.11,Medium
project_05985,SaaS,High,10,10,2,20,21,7.1,56.8,Advanced,High,53401.24,2902283.62,High
project_05986,AI Platform,Low,3,2,2,4,12,3.3,7.9,Basic,Low,1101.42,39833.16,Low
project_05987,Healthcare,Medium,6,6,2,12,20,5.5,26.4,Basic,High,10777.3,472520.98,High
project_05988,E-commerce,High,8,6,2,12,28,5.6,35.8,Intermediate,High,21990.97,1140578.78,High
project_05989,SaaS,Low,3,4,2,8,13,3.2,7.7,Basic,Low,2048.55,86016.82,Low
project_05990,E-commerce,Medium,7,7,2,14,19,5.9,33.0,Intermediate,Low,14033.34,726067.81,Medium
project_05991,EdTech,High,9,12,2,24,21,7.5,54.0,Advanced,High,56154.0,3380667.72,High
project_05992,Cloud System,Low,5,3,2,6,13,3.3,13.2,Basic,Medium,2757.82,109936.27,Low
project_05993,FinTech,Medium,6,7,2,14,16,6.0,28.8,Intermediate,Medium,13572.96,583734.5,Medium
project_05994,IoT,High,9,8,2,16,23,7.8,56.2,Advanced,High,39453.9,2274281.27,High
project_05995,EdTech,Low,4,4,2,8,11,2.5,8.0,Basic,Medium,2995.08,112389.61,Low
project_05996,E-commerce,Medium,5,4,2,8,18,4.4,17.6,Intermediate,Low,5833.18,230006.07,Medium
project_05997,FinTech,High,10,12,2,24,29,8.0,64.0,Advanced,Medium,52848.64,3305761.85,High
project_05998,E-commerce,Low,4,3,2,6,13,2.7,8.6,Basic,Low,2079.91,69055.6,Low
project_05999,FinTech,Medium,7,6,2,12,21,4.9,27.4,Intermediate,Medium,12749.58,661234.33,Medium
project_06000,IoT,High,8,8,2,16,29,7.0,44.8,Advanced,Medium,30063.3,1869123.54,High
project_06001,Healthcare,Low,4,2,2,4,11,3.2,10.2,Basic,Low,1402.46,48527.83,Low
project_06002,IoT,Medium,8,7,2,14,15,5.3,33.9,Basic,Low,12974.11,612374.83,Medium
project_06003,Cloud System,High,9,9,2,18,20,8.0,57.6,Intermediate,Medium,30495.99,1779666.63,High
project_06004,FinTech,Low,5,3,2,6,12,3.3,13.2,Basic,Medium,2937.72,108436.6,Low
project_06005,Cloud System,Medium,6,6,2,12,22,4.4,21.1,Intermediate,Medium,11340.93,518190.06,Medium
project_06006,IoT,High,10,10,2,20,29,6.7,53.6,Advanced,High,52109.9,3047983.73,High
project_06007,Cloud System,Low,3,3,2,6,12,2.9,7.0,Basic,Low,1626.34,47423.83,Low
project_06008,Cloud System,Medium,7,5,2,10,22,5.9,33.0,Intermediate,Medium,11900.1,536109.34,Medium
project_06009,AI Platform,High,9,12,2,24,25,5.5,39.6,Intermediate,High,47414.89,2367821.31,High
project_06010,SaaS,Low,4,4,2,8,10,2.8,9.0,Basic,Medium,3038.57,113283.75,Low
project_06011,Healthcare,Medium,6,7,2,14,16,5.0,24.0,Intermediate,Low,11977.06,534781.14,Medium
project_06012,FinTech,High,11,11,2,22,25,7.9,69.5,Advanced,High,61079.23,3725155.76,High
project_06013,Healthcare,Low,3,3,2,6,11,4.0,9.6,Basic,Low,1645.01,57694.14,Low
project_06014,Cloud System,Medium,7,6,2,12,16,4.4,24.6,Intermediate,High,14319.02,616429.69,High
project_06015,Healthcare,High,11,10,2,20,24,7.7,67.8,Intermediate,High,45527.68,2837725.9,High
project_06016,Cloud System,Low,5,3,2,6,14,2.5,10.0,Basic,Low,2606.13,93895.1,Low
project_06017,EdTech,Medium,5,4,2,8,15,5.3,21.2,Intermediate,Medium,6635.44,314204.23,Medium
project_06018,SaaS,High,12,8,2,16,24,7.8,74.9,Advanced,High,49364.89,2667975.17,High
project_06019,FinTech,Low,5,3,2,6,13,2.5,10.0,Basic,Low,2631.6,87012.1,Low
project_06020,Healthcare,Medium,8,8,2,16,18,6.0,38.4,Intermediate,Medium,19525.34,853682.88,Medium
project_06021,FinTech,High,9,12,2,24,24,7.5,54.0,Intermediate,High,48698.03,2712564.75,High
project_06022,SaaS,Low,3,2,2,4,15,3.2,7.7,Basic,Medium,1249.68,37708.7,Low
project_06023,IoT,Medium,8,7,2,14,19,5.3,33.9,Intermediate,High,19760.26,949387.97,High
project_06024,AI Platform,High,11,11,2,22,26,5.0,44.0,Advanced,High,60869.52,3501510.47,High
project_06025,Healthcare,Low,4,3,2,6,14,2.3,7.4,Basic,Medium,2154.3,87341.59,Low
project_06026,AI Platform,Medium,7,5,2,10,18,4.2,23.5,Intermediate,Low,9608.17,481480.48,Medium
project_06027,FinTech,High,9,9,2,18,24,7.1,51.1,Intermediate,High,35608.21,1857587.72,High
project_06028,E-commerce,Low,4,2,2,4,11,3.0,9.6,Basic,Low,1461.12,49844.04,Low
project_06029,AI Platform,Medium,5,5,2,10,21,5.6,22.4,Intermediate,Medium,8080.38,358937.55,Medium
project_06030,IoT,High,8,6,2,12,30,7.6,48.6,Intermediate,Medium,19204.15,1122212.85,High
project_06031,FinTech,Low,5,3,2,6,12,3.0,12.0,Basic,Medium,2794.24,111751.59,Low
project_06032,EdTech,Medium,7,6,2,12,22,5.1,28.6,Intermediate,Medium,13244.16,630598.36,Medium
project_06033,EdTech,High,8,11,2,22,27,7.6,48.6,Advanced,Medium,41066.51,2495985.99,High
project_06034,AI Platform,Low,5,4,2,8,12,2.8,11.2,Basic,Low,3345.2,116633.72,Low
project_06035,Cloud System,Medium,6,6,2,12,21,4.4,21.1,Intermediate,Medium,11678.38,531719.51,Medium
project_06036,E-commerce,High,10,12,2,24,30,8.0,64.0,Intermediate,High,54437.79,3026381.77,High
project_06037,EdTech,Low,5,4,2,8,10,2.5,10.0,Basic,Low,3424.13,130556.18,Low
project_06038,EdTech,Medium,6,4,2,8,17,4.1,19.7,Intermediate,Medium,7934.74,345034.32,Medium
project_06039,AI Platform,High,8,12,2,24,28,7.6,48.6,Advanced,High,48138.74,2815759.74,High
project_06040,FinTech,Low,3,2,2,4,12,2.8,6.7,Basic,Low,1140.49,39447.5,Low
project_06041,Healthcare,Medium,7,5,2,10,22,6.0,33.6,Basic,Low,8012.36,392932.86,Medium
project_06042,EdTech,High,11,10,2,20,29,6.4,56.3,Advanced,Medium,48123.18,2723423.02,High
project_06043,Cloud System,Low,3,3,2,6,14,3.9,9.4,Basic,Low,1613.26,57369.2,Low
project_06044,E-commerce,Medium,7,8,2,16,22,4.5,25.2,Intermediate,High,19449.47,818546.71,High
project_06045,EdTech,High,10,7,2,14,21,5.2,41.6,Advanced,High,36685.29,1984735.67,High
project_06046,IoT,Low,5,2,2,4,15,3.6,14.4,Basic,Low,1846.37,70106.72,Low
project_06047,IoT,Medium,8,6,2,12,17,5.7,36.5,Basic,Low,10663.52,456389.7,Medium
project_06048,IoT,High,9,9,2,18,30,5.6,40.3,Intermediate,Medium,30779.76,1530775.63,High
project_06049,Cloud System,Low,5,2,2,4,13,2.4,9.6,Basic,Low,1736.94,57059.01,Low
project_06050,EdTech,Medium,5,8,2,16,22,4.1,16.4,Intermediate,Medium,12553.27,499859.57,Medium
project_06051,AI Platform,High,12,12,2,24,21,7.1,68.2,Advanced,High,75219.65,4304897.2,High
project_06052,Cloud System,Low,5,4,2,8,10,3.2,12.8,Basic,Low,3473.67,112176.05,Low
project_06053,Cloud System,Medium,8,6,2,12,19,5.4,34.6,Intermediate,Low,13825.16,577658.99,Medium
project_06054,EdTech,High,12,8,2,16,20,7.6,73.0,Advanced,High,51462.17,2664483.51,High
project_06055,AI Platform,Low,5,3,2,6,11,3.6,14.4,Basic,Medium,2945.27,96976.22,Low
project_06056,E-commerce,Medium,6,4,2,8,16,5.5,26.4,Basic,Medium,6388.86,315317.5,Medium
project_06057,AI Platform,High,10,9,2,18,30,7.4,59.2,Advanced,Medium,40460.22,2017853.64,High
project_06058,Healthcare,Low,3,3,2,6,13,3.8,9.1,Basic,Low,1626.96,53117.68,Low
project_06059,Healthcare,Medium,6,6,2,12,20,5.1,24.5,Intermediate,Medium,10885.7,549051.92,Medium
project_06060,EdTech,High,8,7,2,14,24,5.3,33.9,Advanced,Medium,27034.58,1458278.91,High
project_06061,FinTech,Low,4,3,2,6,11,3.8,12.2,Basic,Low,2106.56,83635.28,Low
project_06062,AI Platform,Medium,7,4,2,8,20,5.7,31.9,Intermediate,Medium,8949.48,444231.75,Medium
project_06063,Cloud System,High,8,11,2,22,28,6.7,42.9,Intermediate,High,39613.87,2090709.61,High
project_06064,Healthcare,Low,3,4,2,8,12,2.2,5.3,Basic,Medium,2241.84,83571.9,Low
project_06065,E-commerce,Medium,5,7,2,14,19,4.6,18.4,Intermediate,Medium,10634.63,458975.76,Medium
project_06066,Cloud System,High,9,6,2,12,25,5.1,36.7,Advanced,Medium,24098.86,1417362.25,High
project_06067,IoT,Low,3,3,2,6,11,2.8,6.7,Basic,Low,1635.92,57485.96,Low
project_06068,AI Platform,Medium,8,7,2,14,17,5.2,33.3,Intermediate,Low,16112.02,664199.72,Medium
project_06069,AI Platform,High,9,7,2,14,23,5.2,37.4,Advanced,High,34256.4,1770619.85,High
project_06070,Healthcare,Low,4,3,2,6,15,2.6,8.3,Basic,Low,2037.41,62240.07,Low
project_06071,FinTech,Medium,8,5,2,10,22,5.7,36.5,Intermediate,Low,11432.74,476503.84,Medium
project_06072,FinTech,High,9,11,2,22,26,5.2,37.4,Advanced,Medium,42717.03,2552592.19,High
project_06073,Cloud System,Low,3,3,2,6,10,2.9,7.0,Basic,Low,1621.32,53166.45,Low
project_06074,Cloud System,Medium,8,4,2,8,19,5.4,34.6,Basic,High,9441.41,385906.1,High
project_06075,E-commerce,High,12,8,2,16,23,6.6,63.4,Advanced,High,48073.43,2665963.39,High
project_06076,IoT,Low,4,3,2,6,10,2.3,7.4,Basic,Low,1982.53,68773.42,Low
project_06077,Cloud System,Medium,5,5,2,10,20,4.7,18.8,Basic,Low,5726.64,299639.99,Medium
project_06078,IoT,High,8,8,2,16,25,5.8,37.1,Advanced,Medium,29647.77,1676712.3,High
project_06079,EdTech,Low,4,2,2,4,11,2.6,8.3,Basic,Low,1422.53,41956.39,Low
project_06080,IoT,Medium,8,6,2,12,19,4.3,27.5,Basic,Medium,12007.49,525885.29,Medium
project_06081,IoT,High,9,11,2,22,29,7.0,50.4,Advanced,Medium,45931.93,2496131.26,High
project_06082,IoT,Low,5,2,2,4,15,3.7,14.8,Basic,Medium,2019.9,65111.82,Low
project_06083,EdTech,Medium,8,4,2,8,21,5.9,37.8,Intermediate,High,12134.28,573840.16,High
project_06084,FinTech,High,10,12,2,24,24,6.3,50.4,Intermediate,High,53093.86,2692678.36,High
project_06085,FinTech,Low,3,3,2,6,15,3.3,7.9,Basic,Low,1677.07,68285.91,Low
project_06086,IoT,Medium,5,7,2,14,19,5.2,20.8,Intermediate,Low,10391.61,395443.56,Medium
project_06087,Healthcare,High,9,9,2,18,27,7.5,54.0,Advanced,Medium,35724.06,2233973.17,High
project_06088,E-commerce,Low,4,4,2,8,11,3.9,12.5,Basic,Low,2708.58,106328.62,Low
project_06089,AI Platform,Medium,5,6,2,12,17,5.6,22.4,Intermediate,Low,9147.42,433871.68,Medium
project_06090,E-commerce,High,8,8,2,16,24,6.8,43.5,Intermediate,High,27252.13,1554052.98,High
project_06091,Cloud System,Low,5,4,2,8,13,2.2,8.8,Basic,Low,3293.5,100695.42,Low
project_06092,Cloud System,Medium,7,7,2,14,22,5.0,28.0,Basic,Low,11351.13,577432.4,Medium
project_06093,FinTech,High,11,7,2,14,28,7.3,64.2,Intermediate,High,33766.05,1930668.95,High
project_06094,EdTech,Low,4,4,2,8,14,3.8,12.2,Basic,Medium,2927.79,98273.86,Low
project_06095,AI Platform,Medium,6,6,2,12,16,4.9,23.5,Intermediate,Medium,11527.77,469797.34,Medium
project_06096,Cloud System,High,10,7,2,14,29,6.6,52.8,Advanced,Medium,31424.75,1692629.52,High
project_06097,FinTech,Low,5,2,2,4,13,3.8,15.2,Basic,Low,1798.43,72175.62,Low
project_06098,SaaS,Medium,5,8,2,16,19,5.9,23.6,Intermediate,Medium,12432.47,549526.39,Medium
project_06099,IoT,High,11,7,2,14,22,7.5,66.0,Advanced,High,40528.43,2187542.26,High
project_06100,EdTech,Low,5,3,2,6,12,2.3,9.2,Basic,Low,2553.93,101549.65,Low
project_06101,SaaS,Medium,5,7,2,14,20,5.2,20.8,Intermediate,Low,10012.64,458158.15,Medium
project_06102,Healthcare,High,12,6,2,12,20,7.1,68.2,Intermediate,High,31746.33,1638167.23,High
project_06103,SaaS,Low,3,3,2,6,15,3.0,7.2,Basic,Medium,1820.73,54918.66,Low
project_06104,SaaS,Medium,7,8,2,16,20,4.2,23.5,Basic,Low,12729.02,635701.54,Medium
project_06105,Healthcare,High,10,11,2,22,22,7.9,63.2,Advanced,High,56039.76,2919213.62,High
project_06106,EdTech,Low,4,4,2,8,15,2.1,6.7,Basic,Medium,2860.19,102324.24,Low
project_06107,FinTech,Medium,8,4,2,8,22,4.3,27.5,Intermediate,Low,9415.22,451253.04,Medium
project_06108,E-commerce,High,9,9,2,18,23,5.9,42.5,Advanced,Medium,37230.27,2029916.87,High
project_06109,EdTech,Low,4,4,2,8,11,2.5,8.0,Basic,Medium,2898.04,102692.68,Low
project_06110,Healthcare,Medium,7,4,2,8,18,4.5,25.2,Intermediate,Low,7835.89,376336.54,Medium
project_06111,Healthcare,High,11,12,2,24,30,5.1,44.9,Intermediate,Medium,49369.22,2622314.87,High
project_06112,IoT,Low,3,2,2,4,12,2.3,5.5,Basic,Medium,1203.56,44649.18,Low
project_06113,IoT,Medium,5,6,2,12,21,4.9,19.6,Intermediate,Low,9174.73,362187.82,Medium
project_06114,SaaS,High,11,11,2,22,24,5.5,48.4,Intermediate,Medium,46549.87,2491895.66,High
project_06115,Cloud System,Low,4,2,2,4,14,2.9,9.3,Basic,Medium,1605.31,60967.2,Low
project_06116,AI Platform,Medium,6,6,2,12,19,4.2,20.2,Intermediate,Medium,10956.6,535895.94,Medium
project_06117,SaaS,High,12,9,2,18,29,7.0,67.2,Advanced,High,55184.43,3019086.54,High
project_06118,SaaS,Low,3,3,2,6,13,2.4,5.8,Basic,Low,1632.24,53369.02,Low
project_06119,Healthcare,Medium,5,4,2,8,22,4.1,16.4,Basic,High,5889.13,282552.56,High
project_06120,EdTech,High,9,7,2,14,29,6.9,49.7,Advanced,High,32259.77,1856311.59,High
project_06121,AI Platform,Low,5,4,2,8,11,4.0,16.0,Basic,Low,3247.37,117752.51,Low
project_06122,EdTech,Medium,5,7,2,14,16,5.5,22.0,Intermediate,High,12043.23,525517.85,High
project_06123,FinTech,High,9,12,2,24,23,6.3,45.4,Intermediate,High,44438.91,2447004.3,High
project_06124,SaaS,Low,4,2,2,4,11,2.4,7.7,Basic,Low,1445.42,41698.38,Low
project_06125,Healthcare,Medium,7,4,2,8,16,4.7,26.3,Intermediate,Low,7886.04,384668.54,Medium
project_06126,AI Platform,High,12,12,2,24,24,5.7,54.7,Intermediate,High,62477.55,3189224.48,High
project_06127,SaaS,Low,3,4,2,8,15,3.2,7.7,Basic,Low,2102.04,77107.71,Low
project_06128,Healthcare,Medium,7,5,2,10,15,5.9,33.0,Basic,Low,8264.99,376979.68,Medium
project_06129,FinTech,High,11,12,2,24,30,6.5,57.2,Advanced,High,69657.99,3970158.98,High
project_06130,FinTech,Low,4,2,2,4,14,2.7,8.6,Basic,Low,1379.76,42664.32,Low
project_06131,E-commerce,Medium,5,4,2,8,16,4.6,18.4,Basic,Medium,5380.24,211034.35,Medium
project_06132,IoT,High,12,6,2,12,29,7.4,71.0,Advanced,High,38752.68,2066102.6,High
project_06133,Cloud System,Low,3,3,2,6,11,3.5,8.4,Basic,Low,1634.04,49924.34,Low
project_06134,E-commerce,Medium,5,6,2,12,15,5.0,20.0,Intermediate,High,10724.3,456350.6,High
project_06135,AI Platform,High,12,9,2,18,20,6.2,59.5,Advanced,Medium,50052.7,2794421.46,High
project_06136,IoT,Low,4,4,2,8,14,3.4,10.9,Basic,Low,2822.2,80568.31,Low
project_06137,IoT,Medium,8,6,2,12,19,4.9,31.4,Basic,High,13527.63,654375.96,High
project_06138,Healthcare,High,9,8,2,16,25,6.7,48.2,Advanced,High,37055.37,2252262.44,High
project_06139,FinTech,Low,5,2,2,4,15,2.0,8.0,Basic,Low,1716.13,65910.72,Low
project_06140,SaaS,Medium,7,6,2,12,22,5.9,33.0,Basic,High,12234.37,579681.41,High
project_06141,E-commerce,High,11,11,2,22,24,5.6,49.3,Advanced,High,63556.54,3416938.99,High
project_06142,FinTech,Low,5,2,2,4,15,2.0,8.0,Basic,Low,1634.6,57822.66,Low
project_06143,Cloud System,Medium,5,5,2,10,15,4.1,16.4,Intermediate,Low,7258.39,299771.29,Medium
project_06144,FinTech,High,12,12,2,24,22,7.2,69.1,Intermediate,High,63225.59,3154003.35,High
project_06145,EdTech,Low,5,3,2,6,12,2.2,8.8,Basic,Low,2595.68,93939.41,Low
project_06146,FinTech,Medium,8,7,2,14,21,5.7,36.5,Basic,Medium,13971.75,627408.06,Medium
project_06147,FinTech,High,9,11,2,22,28,5.9,42.5,Intermediate,High,40807.22,2620379.08,High
project_06148,Healthcare,Low,4,3,2,6,15,4.0,12.8,Basic,Medium,2291.21,88228.11,Low
project_06149,Healthcare,Medium,6,6,2,12,17,4.2,20.2,Basic,Medium,9421.27,386207.66,Medium
project_06150,E-commerce,High,9,8,2,16,26,7.6,54.7,Advanced,High,36686.3,1952990.15,High
project_06151,AI Platform,Low,4,3,2,6,12,3.9,12.5,Basic,Medium,2228.77,87043.65,Low
project_06152,E-commerce,Medium,6,4,2,8,19,5.5,26.4,Basic,Medium,6376.39,286706.02,Medium
project_06153,E-commerce,High,10,10,2,20,25,6.2,49.6,Advanced,High,52689.88,2675373.71,High
project_06154,SaaS,Low,5,4,2,8,13,3.6,14.4,Basic,Medium,3651.12,125777.96,Low
project_06155,Cloud System,Medium,6,5,2,10,15,5.1,24.5,Intermediate,Medium,9702.4,436125.39,Medium
project_06156,AI Platform,High,10,9,2,18,23,5.6,44.8,Advanced,High,46445.68,2373241.49,High
project_06157,SaaS,Low,3,4,2,8,11,2.5,6.0,Basic,Medium,2159.46,76069.41,Low
project_06158,AI Platform,Medium,6,6,2,12,21,5.6,26.9,Basic,Low,8271.33,397160.43,Medium
project_06159,AI Platform,High,10,10,2,20,29,6.9,55.2,Advanced,Medium,44824.39,2595331.85,High
project_06160,Healthcare,Low,3,3,2,6,11,3.6,8.6,Basic,Low,1643.34,61996.99,Low
project_06161,Healthcare,Medium,5,4,2,8,19,4.3,17.2,Intermediate,Medium,6868.38,314541.54,Medium
project_06162,E-commerce,High,10,8,2,16,23,6.4,51.2,Advanced,Medium,38171.68,2211259.41,High
project_06163,EdTech,Low,4,4,2,8,10,3.9,12.5,Basic,Low,2781.97,90124.04,Low
project_06164,Healthcare,Medium,7,8,2,16,17,4.2,23.5,Basic,Medium,14322.01,660812.78,Medium
project_06165,FinTech,High,11,6,2,12,25,7.9,69.5,Advanced,High,34352.4,1852212.01,High
project_06166,E-commerce,Low,3,4,2,8,14,3.6,8.6,Basic,Low,2037.76,66331.57,Low
project_06167,FinTech,Medium,8,8,2,16,22,5.7,36.5,Basic,Low,14264.15,605120.56,Medium
project_06168,SaaS,High,10,9,2,18,20,7.8,62.4,Intermediate,High,40218.71,1852083.04,High
project_06169,Healthcare,Low,4,3,2,6,13,3.8,12.2,Basic,Low,2192.06,72373.46,Low
project_06170,IoT,Medium,7,7,2,14,15,4.9,27.4,Basic,High,13466.33,545167.29,High
project_06171,EdTech,High,8,10,2,20,20,7.4,47.4,Intermediate,Medium,30176.02,1552746.85,High
project_06172,IoT,Low,3,3,2,6,11,2.2,5.3,Basic,Low,1509.56,56087.93,Low
project_06173,IoT,Medium,5,4,2,8,17,4.9,19.6,Basic,Low,4929.8,233572.01,Medium
project_06174,Cloud System,High,8,8,2,16,28,5.3,33.9,Advanced,Medium,30956.98,1572292.11,High
project_06175,Cloud System,Low,4,4,2,8,12,2.7,8.6,Basic,Low,2777.09,98660.2,Low
project_06176,FinTech,Medium,8,4,2,8,16,4.8,30.7,Intermediate,Medium,10162.01,475682.19,Medium
project_06177,SaaS,High,10,9,2,18,28,6.5,52.0,Advanced,Medium,41829.12,2138756.78,High
project_06178,SaaS,Low,3,3,2,6,15,3.6,8.6,Basic,Low,1665.72,63793.19,Low
project_06179,SaaS,Medium,7,8,2,16,15,4.6,25.8,Basic,Medium,13431.01,653057.95,Medium
project_06180,E-commerce,High,8,6,2,12,23,6.3,40.3,Advanced,Medium,22062.3,1157064.37,High
project_06181,FinTech,Low,5,3,2,6,15,2.2,8.8,Basic,Medium,2896.41,92482.42,Low
project_06182,FinTech,Medium,5,5,2,10,22,4.7,18.8,Intermediate,High,9686.56,412325.64,High
project_06183,SaaS,High,10,6,2,12,23,6.3,50.4,Intermediate,High,26012.58,1356268.66,High
project_06184,FinTech,Low,4,3,2,6,11,3.8,12.2,Basic,Low,2150.34,70716.21,Low
project_06185,FinTech,Medium,6,7,2,14,19,4.8,23.0,Intermediate,Medium,12714.87,675101.59,Medium
project_06186,EdTech,High,10,12,2,24,26,7.9,63.2,Advanced,High,60097.46,3311633.47,High
project_06187,EdTech,Low,4,2,2,4,13,2.2,7.0,Basic,Low,1383.39,50473.8,Low
project_06188,Cloud System,Medium,6,6,2,12,16,5.8,27.8,Intermediate,Medium,11362.36,492037.84,Medium
project_06189,E-commerce,High,8,12,2,24,27,6.9,44.2,Advanced,High,51862.28,2469000.91,High
project_06190,E-commerce,Low,3,3,2,6,15,3.1,7.4,Basic,Medium,1768.37,66181.12,Low
project_06191,EdTech,Medium,8,6,2,12,15,5.1,32.6,Intermediate,Medium,15518.77,660040.43,Medium
project_06192,Healthcare,High,11,6,2,12,29,5.6,49.3,Intermediate,High,29804.3,1429945.51,High
project_06193,EdTech,Low,5,4,2,8,13,3.9,15.6,Basic,Low,3521.68,136308.89,Low
project_06194,SaaS,Medium,7,5,2,10,15,5.9,33.0,Basic,Low,7874.94,369974.53,Medium
project_06195,E-commerce,High,9,7,2,14,22,7.0,50.4,Advanced,Medium,29392.98,1525548.5,High
project_06196,EdTech,Low,4,2,2,4,15,3.4,10.9,Basic,Low,1434.19,57281.38,Low
project_06197,Healthcare,Medium,8,6,2,12,17,4.1,26.2,Basic,Medium,11971.89,549853.77,Medium
project_06198,IoT,High,9,6,2,12,22,6.7,48.2,Advanced,Medium,24921.56,1287356.22,High
project_06199,IoT,Low,5,2,2,4,15,3.5,14.0,Basic,Low,1869.39,67730.46,Low
project_06200,FinTech,Medium,6,5,2,10,18,5.4,25.9,Basic,Low,6988.2,274674.81,Medium
project_06201,Cloud System,High,9,10,2,20,21,6.6,47.5,Advanced,High,47724.34,2528167.35,High
project_06202,Healthcare,Low,4,3,2,6,11,2.8,9.0,Basic,Low,2068.82,70900.38,Low
project_06203,FinTech,Medium,6,5,2,10,16,5.0,24.0,Intermediate,Medium,9966.48,431402.1,Medium
project_06204,AI Platform,High,8,6,2,12,25,7.5,48.0,Advanced,High,25521.64,1440515.18,High
project_06205,IoT,Low,3,4,2,8,14,3.2,7.7,Basic,Medium,2413.32,67820.37,Low
project_06206,Cloud System,Medium,7,8,2,16,21,4.3,24.1,Intermediate,Medium,17442.99,749430.74,Medium
project_06207,Healthcare,High,11,7,2,14,25,5.3,46.6,Intermediate,High,34004.32,1836025.99,High
project_06208,E-commerce,Low,5,4,2,8,10,3.6,14.4,Basic,Low,3198.25,117459.61,Low
project_06209,FinTech,Medium,8,8,2,16,22,5.0,32.0,Intermediate,High,23335.04,1061984.75,High
project_06210,Healthcare,High,11,11,2,22,21,6.5,57.2,Advanced,Medium,53485.25,2776371.21,High
project_06211,Cloud System,Low,5,2,2,4,11,3.7,14.8,Basic,Low,1711.92,56360.97,Low
project_06212,IoT,Medium,7,4,2,8,19,4.3,24.1,Intermediate,High,10224.76,450951.14,High
project_06213,Healthcare,High,11,11,2,22,25,6.1,53.7,Advanced,High,60618.53,3647836.13,High
project_06214,EdTech,Low,5,3,2,6,12,3.9,15.6,Basic,Low,2594.67,92570.26,Low
project_06215,IoT,Medium,8,5,2,10,21,5.5,35.2,Intermediate,Medium,13297.11,586823.19,Medium
project_06216,Healthcare,High,10,10,2,20,25,5.6,44.8,Advanced,High,51342.06,2732528.59,High
project_06217,FinTech,Low,3,4,2,8,15,3.7,8.9,Basic,Low,2058.12,75654.5,Low
project_06218,Cloud System,Medium,6,6,2,12,21,5.3,25.4,Intermediate,High,12458.17,601982.64,High
project_06219,AI Platform,High,12,12,2,24,24,6.1,58.6,Intermediate,High,63335.05,3388650.57,High
project_06220,SaaS,Low,3,4,2,8,15,2.8,6.7,Basic,Low,1998.74,63457.68,Low
project_06221,FinTech,Medium,5,4,2,8,22,5.2,20.8,Intermediate,Low,6238.63,293710.28,Medium
project_06222,EdTech,High,8,7,2,14,27,6.0,38.4,Intermediate,High,24340.83,1312786.91,High
project_06223,Cloud System,Low,4,2,2,4,13,2.2,7.0,Basic,Low,1450.16,45571.11,Low
project_06224,IoT,Medium,5,4,2,8,16,5.7,22.8,Intermediate,Low,6083.42,302128.67,Medium
project_06225,E-commerce,High,10,12,2,24,28,5.7,45.6,Advanced,Medium,56455.3,2906505.54,High
project_06226,E-commerce,Low,4,4,2,8,11,4.0,12.8,Basic,Medium,2984.16,102381.05,Low
project_06227,E-commerce,Medium,8,5,2,10,21,4.9,31.4,Basic,Medium,10414.46,434378.69,Medium
project_06228,Cloud System,High,12,9,2,18,29,5.7,54.7,Advanced,High,54989.99,2732390.69,High
project_06229,Cloud System,Low,4,4,2,8,11,3.9,12.5,Basic,Low,2860.47,105547.71,Low
project_06230,E-commerce,Medium,8,8,2,16,21,5.3,33.9,Intermediate,Low,17714.93,793832.58,Medium
project_06231,E-commerce,High,11,7,2,14,24,6.9,60.7,Advanced,High,41515.83,2293822.07,High
project_06232,E-commerce,Low,5,2,2,4,12,3.5,14.0,Basic,Low,1808.66,61921.26,Low
project_06233,SaaS,Medium,5,8,2,16,16,5.5,22.0,Intermediate,Low,11868.58,562538.08,Medium
project_06234,IoT,High,9,8,2,16,22,5.9,42.5,Advanced,Medium,31265.4,1668082.88,High
project_06235,FinTech,Low,4,2,2,4,11,2.6,8.3,Basic,Medium,1601.73,58557.72,Low
project_06236,E-commerce,Medium,6,4,2,8,22,4.1,19.7,Intermediate,Medium,8066.34,352566.28,Medium
project_06237,FinTech,High,8,11,2,22,25,7.2,46.1,Advanced,High,46147.76,2201158.9,High
project_06238,Healthcare,Low,4,4,2,8,15,3.2,10.2,Basic,Low,2738.66,91922.0,Low
project_06239,AI Platform,Medium,5,5,2,10,15,4.6,18.4,Intermediate,Medium,7928.13,351790.87,Medium
project_06240,Cloud System,High,12,9,2,18,25,6.8,65.3,Advanced,Medium,51111.25,2877231.16,High
project_06241,EdTech,Low,4,4,2,8,13,3.2,10.2,Basic,Low,2710.36,97268.44,Low
project_06242,Healthcare,Medium,6,5,2,10,15,4.2,20.2,Basic,High,8302.09,378788.31,High
project_06243,AI Platform,High,12,12,2,24,20,6.2,59.5,Advanced,High,72462.27,4076867.46,High
project_06244,Healthcare,Low,3,3,2,6,15,2.0,4.8,Basic,Low,1613.52,47222.1,Low
project_06245,AI Platform,Medium,6,7,2,14,16,5.3,25.4,Basic,Medium,10695.7,486937.17,Medium
project_06246,FinTech,High,10,10,2,20,24,6.3,50.4,Intermediate,Medium,38533.36,1823784.77,High
project_06247,AI Platform,Low,3,4,2,8,15,3.7,8.9,Basic,Low,2176.78,73686.15,Low
project_06248,IoT,Medium,8,6,2,12,17,5.1,32.6,Intermediate,Low,14028.31,610016.42,Medium
project_06249,IoT,High,9,8,2,16,29,8.0,57.6,Advanced,High,38083.59,2137915.91,High
project_06250,EdTech,Low,5,3,2,6,14,3.9,15.6,Basic,Medium,2993.57,91352.14,Low
project_06251,E-commerce,Medium,8,7,2,14,15,4.8,30.7,Intermediate,Low,14925.13,673379.45,Medium
project_06252,Cloud System,High,11,6,2,12,24,5.2,45.8,Advanced,Medium,28976.92,1745003.37,High
project_06253,AI Platform,Low,5,2,2,4,15,2.2,8.8,Basic,Low,1786.75,67895.92,Low
project_06254,FinTech,Medium,6,6,2,12,17,5.0,24.0,Basic,High,10338.37,482622.77,High
project_06255,FinTech,High,12,8,2,16,28,5.3,50.9,Advanced,Medium,44587.21,2418974.23,High
project_06256,SaaS,Low,3,2,2,4,11,2.9,7.0,Basic,Low,1038.41,40700.34,Low
project_06257,SaaS,Medium,8,5,2,10,16,5.5,35.2,Intermediate,Low,11359.41,471767.28,Medium
project_06258,IoT,High,8,8,2,16,30,5.7,36.5,Advanced,High,35470.26,1929664.24,High
project_06259,Healthcare,Low,5,2,2,4,10,3.4,13.6,Basic,Low,1794.27,58938.36,Low
project_06260,EdTech,Medium,5,5,2,10,21,4.7,18.8,Intermediate,Medium,8473.04,327461.58,Medium
project_06261,SaaS,High,12,6,2,12,30,7.5,72.0,Intermediate,High,30992.56,1849121.77,High
project_06262,Cloud System,Low,3,2,2,4,15,4.0,9.6,Basic,Medium,1303.65,49796.07,Low
project_06263,IoT,Medium,8,5,2,10,22,5.8,37.1,Intermediate,Medium,13173.49,535388.33,Medium
project_06264,Healthcare,High,12,11,2,22,24,7.6,73.0,Intermediate,Medium,50985.41,2858261.5,High
project_06265,AI Platform,Low,3,4,2,8,13,3.9,9.4,Basic,Low,2193.31,82350.18,Low
project_06266,EdTech,Medium,5,4,2,8,19,5.4,21.6,Basic,Medium,5367.14,240988.99,Medium
project_06267,SaaS,High,9,9,2,18,21,5.2,37.4,Intermediate,Medium,31599.5,1660293.68,High
project_06268,IoT,Low,3,3,2,6,15,3.6,8.6,Basic,Medium,1754.2,65497.64,Low
project_06269,EdTech,Medium,5,8,2,16,20,4.3,17.2,Intermediate,High,13952.06,632937.75,High
project_06270,Cloud System,High,9,9,2,18,30,6.0,43.2,Intermediate,High,35907.15,1818182.47,High
project_06271,Cloud System,Low,5,2,2,4,15,2.9,11.6,Basic,Low,1697.94,69812.74,Low
project_06272,IoT,Medium,5,6,2,12,16,5.1,20.4,Basic,High,8734.18,351567.2,High
project_06273,IoT,High,12,10,2,20,23,7.1,68.2,Advanced,High,62192.47,3185312.99,High
project_06274,IoT,Low,5,2,2,4,11,3.1,12.4,Basic,Medium,1905.21,69046.16,Low
project_06275,SaaS,Medium,7,4,2,8,19,4.3,24.1,Basic,Medium,6781.87,335724.96,Medium
project_06276,E-commerce,High,12,12,2,24,24,6.8,65.3,Advanced,High,70080.54,4294639.92,High
project_06277,SaaS,Low,4,2,2,4,15,2.4,7.7,Basic,Low,1393.1,48228.9,Low
project_06278,E-commerce,Medium,7,6,2,12,22,4.5,25.2,Intermediate,Medium,13345.18,587082.55,Medium
project_06279,Healthcare,High,11,12,2,24,21,6.8,59.8,Advanced,High,70234.09,3664391.83,High
project_06280,FinTech,Low,3,4,2,8,10,2.5,6.0,Basic,Low,1947.53,73722.25,Low
project_06281,Cloud System,Medium,7,7,2,14,17,5.6,31.4,Intermediate,Low,13989.66,605256.68,Medium
project_06282,EdTech,High,11,10,2,20,29,7.7,67.8,Advanced,High,57093.56,3052198.98,High
project_06283,E-commerce,Low,3,4,2,8,14,2.8,6.7,Basic,Medium,2190.69,90698.16,Low
project_06284,E-commerce,Medium,8,8,2,16,15,4.9,31.4,Intermediate,Low,16954.85,798681.85,Medium
project_06285,EdTech,High,9,9,2,18,28,5.3,38.2,Advanced,Medium,38652.69,1873886.26,High
project_06286,AI Platform,Low,5,2,2,4,12,2.2,8.8,Basic,Low,1717.63,51705.44,Low
project_06287,FinTech,Medium,6,6,2,12,22,5.6,26.9,Intermediate,Low,11072.91,430769.03,Medium
project_06288,IoT,High,9,9,2,18,28,6.7,48.2,Advanced,High,42876.51,2386855.83,High
project_06289,SaaS,Low,5,4,2,8,13,2.6,10.4,Basic,Low,3335.33,107140.97,Low
project_06290,E-commerce,Medium,6,8,2,16,16,5.8,27.8,Intermediate,Medium,15663.71,741977.39,Medium
project_06291,SaaS,High,12,7,2,14,20,6.9,66.2,Intermediate,Medium,30778.05,1890267.02,High
project_06292,E-commerce,Low,3,2,2,4,12,2.9,7.0,Basic,Low,1100.17,43020.41,Low
project_06293,Healthcare,Medium,5,7,2,14,22,5.6,22.4,Basic,Medium,9115.09,389766.1,Medium
project_06294,FinTech,High,12,6,2,12,26,7.3,70.1,Intermediate,Medium,28102.68,1640985.8,High
project_06295,Healthcare,Low,3,4,2,8,13,3.4,8.2,Basic,Low,2062.53,69126.64,Low
project_06296,Cloud System,Medium,8,4,2,8,17,5.2,33.3,Intermediate,Medium,10273.45,472082.85,Medium
project_06297,FinTech,High,11,11,2,22,25,6.8,59.8,Advanced,High,63593.38,3523154.24,High
project_06298,Cloud System,Low,5,4,2,8,10,3.3,13.2,Basic,Low,3313.71,108974.87,Low
project_06299,AI Platform,Medium,5,4,2,8,22,5.3,21.2,Intermediate,High,7848.32,330005.07,High
project_06300,EdTech,High,12,6,2,12,29,7.0,67.2,Advanced,High,37096.7,2113252.7,High
project_06301,E-commerce,Low,4,4,2,8,13,3.8,12.2,Basic,Medium,3096.74,119684.13,Low
project_06302,E-commerce,Medium,5,6,2,12,21,5.8,23.2,Intermediate,Low,9359.48,405580.84,Medium
project_06303,EdTech,High,11,7,2,14,22,5.7,50.2,Advanced,Medium,33170.98,2063011.74,High
project_06304,IoT,Low,5,2,2,4,12,2.3,9.2,Basic,Low,1706.82,62952.0,Low
project_06305,Healthcare,Medium,5,4,2,8,19,5.2,20.8,Basic,Low,4630.73,200497.11,Medium
project_06306,FinTech,High,10,6,2,12,28,7.6,60.8,Advanced,High,33883.71,1651216.73,High
project_06307,EdTech,Low,3,3,2,6,14,3.2,7.7,Basic,Low,1652.1,59849.36,Low
project_06308,EdTech,Medium,5,4,2,8,21,5.8,23.2,Basic,Medium,5461.83,280047.82,Medium
project_06309,Cloud System,High,11,9,2,18,25,7.1,62.5,Advanced,High,53460.76,3028120.4,High
project_06310,SaaS,Low,3,4,2,8,11,3.7,8.9,Basic,Medium,2287.59,76319.01,Low
project_06311,AI Platform,Medium,6,6,2,12,19,4.4,21.1,Intermediate,High,13488.07,594291.6,High
project_06312,IoT,High,11,6,2,12,23,7.7,67.8,Intermediate,Medium,26369.75,1298176.14,High
project_06313,IoT,Low,4,2,2,4,15,2.6,8.3,Basic,Low,1422.42,53243.62,Low
project_06314,AI Platform,Medium,8,4,2,8,18,5.3,33.9,Intermediate,Low,9680.56,377621.68,Medium
project_06315,Healthcare,High,8,7,2,14,30,5.9,37.8,Advanced,Medium,26890.7,1589691.4,High
project_06316,E-commerce,Low,3,4,2,8,13,3.9,9.4,Basic,Medium,2390.07,89724.57,Low
project_06317,Cloud System,Medium,6,4,2,8,17,5.5,26.4,Intermediate,High,8849.48,403522.09,High
project_06318,SaaS,High,10,9,2,18,27,5.2,41.6,Intermediate,Medium,35074.68,2022932.25,High
project_06319,SaaS,Low,5,2,2,4,13,2.6,10.4,Basic,Medium,1941.17,67573.12,Low
project_06320,Healthcare,Medium,8,8,2,16,20,4.1,26.2,Basic,Medium,16380.83,723305.56,Medium
project_06321,E-commerce,High,9,7,2,14,23,5.4,38.9,Advanced,Medium,28745.01,1410436.86,High
project_06322,AI Platform,Low,3,4,2,8,12,3.1,7.4,Basic,Medium,2329.44,84314.25,Low
project_06323,AI Platform,Medium,5,7,2,14,15,4.5,18.0,Intermediate,High,12954.71,560949.99,High
project_06324,FinTech,High,9,7,2,14,26,6.7,48.2,Advanced,High,33881.03,1773356.43,High
project_06325,FinTech,Low,5,4,2,8,11,3.6,14.4,Basic,Low,3309.38,118740.45,Low
project_06326,IoT,Medium,5,7,2,14,17,4.7,18.8,Intermediate,Low,9535.12,426654.85,Medium
project_06327,IoT,High,11,8,2,16,23,7.6,66.9,Advanced,High,45638.02,2353593.43,High
project_06328,EdTech,Low,3,3,2,6,13,2.9,7.0,Basic,Low,1614.45,55475.2,Low
project_06329,FinTech,Medium,8,5,2,10,19,5.2,33.3,Intermediate,Medium,12986.89,563781.33,Medium
project_06330,E-commerce,High,11,7,2,14,20,5.5,48.4,Intermediate,High,33118.71,1744663.43,High
project_06331,IoT,Low,4,2,2,4,10,3.0,9.6,Basic,Medium,1525.39,51583.98,Low
project_06332,Healthcare,Medium,7,4,2,8,17,4.1,23.0,Intermediate,Medium,8813.75,393069.92,Medium
project_06333,EdTech,High,8,9,2,18,21,5.5,35.2,Intermediate,High,29553.99,1640722.11,High
project_06334,FinTech,Low,3,4,2,8,15,3.2,7.7,Basic,Low,2078.38,66563.62,Low
project_06335,AI Platform,Medium,7,7,2,14,18,4.9,27.4,Basic,Low,11313.33,482387.38,Medium
project_06336,EdTech,High,11,6,2,12,20,5.2,45.8,Advanced,High,33404.74,1751919.59,High
project_06337,AI Platform,Low,3,3,2,6,12,3.9,9.4,Basic,Low,1563.73,57639.85,Low
project_06338,FinTech,Medium,8,6,2,12,21,5.2,33.3,Intermediate,Medium,15120.28,695553.52,Medium
project_06339,Cloud System,High,11,8,2,16,28,6.2,54.6,Intermediate,Medium,33733.64,1759365.25,High
project_06340,SaaS,Low,4,3,2,6,10,2.0,6.4,Basic,Medium,2175.29,88071.83,Low
project_06341,IoT,Medium,8,5,2,10,21,5.9,37.8,Intermediate,Low,11867.52,500576.49,Medium
project_06342,SaaS,High,12,6,2,12,23,7.9,75.8,Advanced,High,36211.49,2105568.12,High
project_06343,E-commerce,Low,5,4,2,8,10,3.1,12.4,Basic,Low,3189.41,120354.68,Low
project_06344,AI Platform,Medium,8,6,2,12,19,5.9,37.8,Intermediate,Medium,15551.69,659227.94,Medium
project_06345,AI Platform,High,8,9,2,18,29,7.7,49.3,Advanced,High,36970.22,2226621.21,High
project_06346,AI Platform,Low,4,2,2,4,12,3.7,11.8,Basic,Low,1499.27,48297.27,Low
project_06347,AI Platform,Medium,8,4,2,8,21,4.1,26.2,Basic,High,8924.3,419388.01,High
project_06348,EdTech,High,11,12,2,24,23,7.2,63.4,Advanced,Medium,62089.87,3393857.68,High
project_06349,IoT,Low,3,2,2,4,15,3.7,8.9,Basic,Medium,1306.1,50662.64,Low
project_06350,E-commerce,Medium,6,8,2,16,21,4.7,22.6,Basic,Low,11239.15,521972.6,Medium
project_06351,FinTech,High,9,8,2,16,28,6.9,49.7,Advanced,High,38686.34,2123606.26,High
project_06352,FinTech,Low,5,3,2,6,13,3.8,15.2,Basic,Low,2712.22,74554.81,Low
project_06353,FinTech,Medium,5,5,2,10,18,5.5,22.0,Intermediate,Medium,8557.27,348639.36,Medium
project_06354,FinTech,High,8,9,2,18,20,7.2,46.1,Advanced,High,39031.0,2044049.81,High
project_06355,E-commerce,Low,5,3,2,6,11,3.7,14.8,Basic,Low,2644.76,94975.1,Low
project_06356,EdTech,Medium,6,7,2,14,18,4.2,20.2,Basic,Medium,9989.52,405353.94,Medium
project_06357,E-commerce,High,11,9,2,18,29,7.9,69.5,Intermediate,High,43870.72,2325328.73,High
project_06358,SaaS,Low,5,3,2,6,13,3.5,14.0,Basic,Medium,2837.71,88057.19,Low
project_06359,E-commerce,Medium,6,6,2,12,20,5.3,25.4,Intermediate,Medium,11590.43,484790.84,Medium
project_06360,Healthcare,High,10,10,2,20,22,7.3,58.4,Advanced,Medium,44763.34,2516988.12,High
project_06361,FinTech,Low,4,2,2,4,10,3.4,10.9,Basic,Low,1451.6,42435.9,Low
project_06362,SaaS,Medium,7,7,2,14,22,5.0,28.0,Intermediate,Medium,16044.3,662983.41,Medium
project_06363,IoT,High,12,7,2,14,24,6.3,60.5,Advanced,High,41377.39,2488388.08,High
project_06364,AI Platform,Low,5,4,2,8,12,2.8,11.2,Basic,Low,3340.15,129608.52,Low
project_06365,IoT,Medium,7,7,2,14,20,4.6,25.8,Basic,High,13250.89,642731.55,High
project_06366,EdTech,High,8,7,2,14,20,5.4,34.6,Intermediate,High,24198.61,1275542.82,High
project_06367,Healthcare,Low,3,2,2,4,11,3.9,9.4,Basic,Low,1183.43,43989.72,Low
project_06368,Healthcare,Medium,6,8,2,16,17,4.9,23.5,Basic,Medium,11878.09,472954.1,Medium
project_06369,Cloud System,High,10,10,2,20,28,6.6,52.8,Intermediate,High,44849.67,2140818.21,High
project_06370,FinTech,Low,5,2,2,4,10,3.7,14.8,Basic,Low,1732.87,66048.71,Low
project_06371,Cloud System,Medium,6,7,2,14,16,4.1,19.7,Intermediate,Medium,12953.01,575013.44,Medium
project_06372,FinTech,High,10,10,2,20,22,7.0,56.0,Advanced,Medium,43885.23,2680544.37,High
project_06373,EdTech,Low,3,4,2,8,12,3.5,8.4,Basic,Low,2006.64,76400.35,Low
project_06374,AI Platform,Medium,6,7,2,14,18,4.3,20.6,Intermediate,Low,11806.46,478960.09,Medium
project_06375,EdTech,High,10,11,2,22,20,6.1,48.8,Advanced,High,57183.0,3167405.41,High
project_06376,EdTech,Low,5,4,2,8,11,3.9,15.6,Basic,Low,3232.42,119769.17,Low
project_06377,Cloud System,Medium,6,6,2,12,21,6.0,28.8,Intermediate,Medium,12151.48,597084.51,Medium
project_06378,IoT,High,8,10,2,20,25,7.4,47.4,Advanced,Medium,36619.88,2078988.54,High
project_06379,Cloud System,Low,3,3,2,6,15,3.9,9.4,Basic,Medium,1801.66,55091.84,Low
project_06380,EdTech,Medium,7,4,2,8,21,5.1,28.6,Intermediate,High,10322.17,489891.66,High
project_06381,Healthcare,High,9,10,2,20,27,6.7,48.2,Advanced,High,45038.96,2583287.66,High
project_06382,AI Platform,Low,4,3,2,6,14,2.8,9.0,Basic,Medium,2225.45,85570.3,Low
project_06383,Healthcare,Medium,7,4,2,8,22,5.0,28.0,Intermediate,Medium,9218.16,416683.38,Medium
project_06384,SaaS,High,10,10,2,20,22,6.8,54.4,Advanced,High,53189.41,2633037.08,High
project_06385,FinTech,Low,3,4,2,8,15,2.8,6.7,Basic,Low,2188.43,83874.28,Low
project_06386,Cloud System,Medium,7,5,2,10,16,4.2,23.5,Intermediate,Medium,10820.64,512143.94,Medium
project_06387,SaaS,High,10,12,2,24,24,6.1,48.8,Advanced,High,63398.83,3576476.11,High
project_06388,Healthcare,Low,5,4,2,8,10,2.4,9.6,Basic,Low,3271.28,102769.37,Low
project_06389,E-commerce,Medium,5,6,2,12,18,5.2,20.8,Intermediate,High,11308.96,478530.6,High
project_06390,E-commerce,High,12,7,2,14,23,7.4,71.0,Advanced,High,43447.96,2216672.38,High
project_06391,AI Platform,Low,5,3,2,6,13,2.0,8.0,Basic,Low,2441.09,76940.37,Low
project_06392,IoT,Medium,7,5,2,10,19,5.7,31.9,Intermediate,High,12858.19,574036.05,High
project_06393,IoT,High,10,12,2,24,24,6.2,49.6,Advanced,High,59994.5,3647321.8,High
project_06394,SaaS,Low,4,2,2,4,12,3.0,9.6,Basic,Medium,1516.89,55864.92,Low
project_06395,Healthcare,Medium,6,5,2,10,15,5.4,25.9,Basic,Low,7259.79,278540.63,Medium
project_06396,Healthcare,High,9,8,2,16,28,6.9,49.7,Intermediate,High,31937.41,1591788.09,High
project_06397,IoT,Low,4,2,2,4,10,3.4,10.9,Basic,Low,1468.53,46657.47,Low
project_06398,E-commerce,Medium,5,4,2,8,19,5.9,23.6,Basic,High,5987.69,270366.18,High
project_06399,FinTech,High,8,7,2,14,25,6.4,41.0,Intermediate,Medium,21291.58,1129401.39,High
project_06400,AI Platform,Low,3,4,2,8,14,3.1,7.4,Basic,Low,2139.51,65192.39,Low
project_06401,SaaS,Medium,8,7,2,14,22,5.3,33.9,Intermediate,High,19903.32,837593.74,High
project_06402,Healthcare,High,10,7,2,14,23,5.5,44.0,Intermediate,Medium,27375.96,1453856.3,High
project_06403,SaaS,Low,5,2,2,4,13,3.4,13.6,Basic,Low,1762.53,67228.84,Low
project_06404,IoT,Medium,7,5,2,10,21,5.4,30.2,Basic,Medium,8982.77,426876.4,Medium
project_06405,IoT,High,8,6,2,12,24,7.4,47.4,Advanced,Medium,22229.81,1143906.0,High
project_06406,Healthcare,Low,5,4,2,8,10,2.4,9.6,Basic,Low,3133.96,137530.91,Low
project_06407,EdTech,Medium,5,5,2,10,20,5.3,21.2,Intermediate,High,9519.78,389111.87,High
project_06408,AI Platform,High,8,10,2,20,26,5.5,35.2,Intermediate,High,35646.52,1737667.13,High
project_06409,Cloud System,Low,3,3,2,6,14,3.8,9.1,Basic,Low,1735.39,52605.16,Low
project_06410,Cloud System,Medium,5,7,2,14,15,5.2,20.8,Basic,Medium,8682.76,426698.92,Medium
project_06411,Cloud System,High,11,8,2,16,25,7.1,62.5,Advanced,High,44201.36,2545570.92,High
project_06412,AI Platform,Low,4,4,2,8,12,3.2,10.2,Basic,Low,2754.83,87992.62,Low
project_06413,Cloud System,Medium,5,8,2,16,19,5.2,20.8,Basic,Low,9487.06,423798.87,Medium
project_06414,Healthcare,High,11,6,2,12,28,5.4,47.5,Advanced,High,34129.23,1933521.05,High
project_06415,Cloud System,Low,4,2,2,4,14,2.1,6.7,Basic,Medium,1595.24,54218.19,Low
project_06416,IoT,Medium,7,8,2,16,18,5.5,30.8,Intermediate,Medium,17344.85,791486.39,Medium
project_06417,Healthcare,High,9,11,2,22,27,6.5,46.8,Advanced,High,49250.54,3077475.92,High
project_06418,IoT,Low,4,2,2,4,13,2.7,8.6,Basic,Low,1353.46,46780.64,Low
project_06419,Cloud System,Medium,7,6,2,12,19,4.7,26.3,Basic,Medium,10613.52,412594.99,Medium
project_06420,EdTech,High,11,7,2,14,26,7.4,65.1,Advanced,High,38501.31,2275758.42,High
project_06421,FinTech,Low,3,3,2,6,11,2.4,5.8,Basic,Low,1592.69,55260.06,Low
project_06422,Healthcare,Medium,5,6,2,12,20,5.4,21.6,Intermediate,Low,9021.56,352141.7,Medium
project_06423,Cloud System,High,9,12,2,24,30,5.2,37.4,Advanced,Medium,49820.68,2862261.31,High
project_06424,FinTech,Low,3,2,2,4,14,3.3,7.9,Basic,Low,1200.52,43310.5,Low
project_06425,AI Platform,Medium,8,6,2,12,15,5.4,34.6,Intermediate,Medium,14206.36,607293.04,Medium
project_06426,SaaS,High,11,9,2,18,22,5.7,50.2,Intermediate,High,40891.3,2379723.35,High
project_06427,IoT,Low,5,4,2,8,11,2.2,8.8,Basic,Low,3179.11,111107.07,Low
project_06428,Cloud System,Medium,5,7,2,14,15,4.4,17.6,Intermediate,High,12162.93,528809.73,High
project_06429,IoT,High,9,11,2,22,21,6.9,49.7,Intermediate,High,40487.31,2191877.28,High
project_06430,EdTech,Low,3,4,2,8,12,2.5,6.0,Basic,Medium,2342.7,86215.59,Low
project_06431,IoT,Medium,6,5,2,10,17,5.7,27.4,Basic,Low,7250.12,303134.71,Medium
project_06432,E-commerce,High,8,6,2,12,21,5.2,33.3,Advanced,High,24482.7,1318419.21,High
project_06433,AI Platform,Low,3,4,2,8,14,3.9,9.4,Basic,Low,2182.5,84212.0,Low
project_06434,SaaS,Medium,6,6,2,12,17,6.0,28.8,Intermediate,High,12607.65,550914.7,High
project_06435,SaaS,High,10,12,2,24,30,5.6,44.8,Advanced,High,61282.42,3420404.55,High
project_06436,Cloud System,Low,4,4,2,8,12,2.2,7.0,Basic,Low,2600.75,108680.86,Low
project_06437,Healthcare,Medium,5,8,2,16,21,4.8,19.2,Intermediate,High,13774.31,680838.94,High
project_06438,IoT,High,9,11,2,22,25,5.9,42.5,Intermediate,High,41457.56,2399636.73,High
project_06439,IoT,Low,3,4,2,8,11,3.3,7.9,Basic,Low,2094.04,75927.86,Low
project_06440,IoT,Medium,5,7,2,14,20,5.8,23.2,Basic,Medium,9448.92,410320.39,Medium
project_06441,EdTech,High,12,12,2,24,22,5.8,55.7,Intermediate,High,58241.4,3200299.38,High
project_06442,Healthcare,Low,4,3,2,6,12,2.0,6.4,Basic,Low,2071.88,82347.62,Low
project_06443,E-commerce,Medium,6,7,2,14,17,4.2,20.2,Intermediate,High,14394.07,585112.33,High
project_06444,FinTech,High,8,7,2,14,23,5.1,32.6,Advanced,High,29290.46,1675774.32,High
project_06445,E-commerce,Low,3,2,2,4,11,2.6,6.2,Basic,Low,1078.58,31356.85,Low
project_06446,FinTech,Medium,7,6,2,12,21,4.9,27.4,Intermediate,Medium,12796.86,576461.08,Medium
project_06447,FinTech,High,8,12,2,24,23,5.3,33.9,Advanced,High,50027.24,2765078.69,High
project_06448,SaaS,Low,5,2,2,4,10,3.6,14.4,Basic,Low,1758.36,55469.04,Low
project_06449,Cloud System,Medium,6,5,2,10,19,4.5,21.6,Basic,High,8601.66,341263.3,High
project_06450,Cloud System,High,12,6,2,12,23,5.6,53.8,Intermediate,High,29685.78,1793288.58,High
project_06451,E-commerce,Low,4,2,2,4,10,2.1,6.7,Basic,Low,1399.57,49140.74,Low
project_06452,Healthcare,Medium,7,6,2,12,21,5.1,28.6,Intermediate,Medium,13771.86,582456.18,Medium
project_06453,Cloud System,High,12,7,2,14,25,5.6,53.8,Advanced,High,42027.56,2398740.49,High
project_06454,AI Platform,Low,4,3,2,6,11,2.5,8.0,Basic,Medium,2332.42,72884.16,Low
project_06455,SaaS,Medium,5,7,2,14,21,4.5,18.0,Basic,Medium,8927.7,374388.78,Medium
project_06456,AI Platform,High,12,8,2,16,26,5.3,50.9,Advanced,Medium,43072.72,2560255.89,High
project_06457,EdTech,Low,3,4,2,8,11,3.2,7.7,Basic,Low,2153.88,78915.79,Low
project_06458,SaaS,Medium,8,6,2,12,16,4.7,30.1,Intermediate,High,16602.95,723451.73,High
project_06459,FinTech,High,12,7,2,14,21,5.3,50.9,Intermediate,High,37482.34,1760747.42,High
project_06460,SaaS,Low,5,3,2,6,13,2.1,8.4,Basic,Medium,2642.39,111736.35,Low
project_06461,SaaS,Medium,5,8,2,16,20,5.2,20.8,Intermediate,Medium,12272.78,582060.06,Medium
project_06462,EdTech,High,8,12,2,24,22,7.7,49.3,Intermediate,High,40611.75,2344239.8,High
project_06463,SaaS,Low,3,4,2,8,12,2.1,5.0,Basic,Low,2091.45,69099.68,Low
project_06464,Healthcare,Medium,5,6,2,12,17,4.2,16.8,Intermediate,Low,8766.36,397252.91,Medium
project_06465,SaaS,High,9,8,2,16,21,6.6,47.5,Intermediate,High,31144.33,1805737.23,High
project_06466,EdTech,Low,3,2,2,4,12,2.9,7.0,Basic,Low,1090.24,38810.64,Low
project_06467,FinTech,Medium,7,6,2,12,17,6.0,33.6,Basic,Medium,10216.05,472295.39,Medium
project_06468,Cloud System,High,11,8,2,16,21,6.3,55.4,Advanced,High,44297.77,2611001.48,High
project_06469,Cloud System,Low,5,3,2,6,13,3.4,13.6,Basic,Medium,2730.73,98203.9,Low
project_06470,IoT,Medium,7,5,2,10,20,5.2,29.1,Basic,Medium,8909.06,385090.56,Medium
project_06471,SaaS,High,9,10,2,20,21,6.1,43.9,Advanced,High,44941.62,2824168.36,High
project_06472,E-commerce,Low,4,3,2,6,15,3.9,12.5,Basic,Medium,2262.79,97207.49,Low
project_06473,EdTech,Medium,6,8,2,16,18,4.5,21.6,Intermediate,Medium,14600.48,777852.14,Medium
project_06474,EdTech,High,10,8,2,16,26,7.4,59.2,Intermediate,Medium,30704.81,1694505.74,High
project_06475,FinTech,Low,5,2,2,4,14,3.9,15.6,Basic,Low,1763.66,56924.02,Low
project_06476,Cloud System,Medium,7,6,2,12,21,5.6,31.4,Intermediate,Medium,13502.33,654135.14,Medium
project_06477,Cloud System,High,8,8,2,16,20,6.0,38.4,Advanced,High,33138.83,1935845.15,High
project_06478,IoT,Low,3,3,2,6,13,2.3,5.5,Basic,Low,1549.77,59136.74,Low
project_06479,Cloud System,Medium,6,5,2,10,20,5.5,26.4,Intermediate,Low,8910.95,416607.51,Medium
project_06480,AI Platform,High,8,8,2,16,22,7.6,48.6,Intermediate,Medium,23933.61,1460736.17,High
project_06481,AI Platform,Low,5,2,2,4,15,3.4,13.6,Basic,Low,1780.92,60664.6,Low
project_06482,IoT,Medium,7,5,2,10,19,4.9,27.4,Intermediate,High,13188.42,526534.3,High
project_06483,E-commerce,High,11,8,2,16,22,6.3,55.4,Advanced,High,44132.75,2711551.26,High
project_06484,EdTech,Low,4,2,2,4,15,2.2,7.0,Basic,Low,1445.18,52492.22,Low
project_06485,IoT,Medium,5,5,2,10,21,5.0,20.0,Basic,High,7436.81,334338.97,High
project_06486,SaaS,High,9,7,2,14,24,7.9,56.9,Intermediate,High,27211.6,1648151.64,High
project_06487,IoT,Low,4,2,2,4,10,3.4,10.9,Basic,Low,1372.24,54474.32,Low
project_06488,Cloud System,Medium,6,5,2,10,21,4.1,19.7,Intermediate,Medium,9686.96,476180.88,Medium
project_06489,Cloud System,High,12,12,2,24,28,6.1,58.6,Advanced,Medium,62945.56,3296535.62,High
project_06490,SaaS,Low,3,2,2,4,10,3.7,8.9,Basic,Low,1069.45,38993.54,Low
project_06491,E-commerce,Medium,6,4,2,8,18,5.6,26.9,Basic,High,7055.47,332399.17,High
project_06492,AI Platform,High,10,6,2,12,27,6.2,49.6,Advanced,High,31580.43,1737579.72,High
project_06493,IoT,Low,5,3,2,6,12,2.9,11.6,Basic,Low,2647.29,100723.67,Low
project_06494,Cloud System,Medium,6,8,2,16,18,5.2,25.0,Intermediate,Medium,14329.15,649557.6,Medium
project_06495,EdTech,High,9,9,2,18,25,7.0,50.4,Advanced,High,40518.58,2374154.45,High
project_06496,EdTech,Low,3,3,2,6,10,3.1,7.4,Basic,Low,1550.76,49028.56,Low
project_06497,Healthcare,Medium,7,6,2,12,16,5.6,31.4,Intermediate,Low,12078.89,590581.72,Medium
project_06498,Healthcare,High,12,12,2,24,29,7.3,70.1,Intermediate,High,62592.13,3555694.7,High
project_06499,Cloud System,Low,5,4,2,8,15,2.9,11.6,Basic,Medium,3566.68,114514.89,Low
project_06500,SaaS,Medium,8,5,2,10,17,5.0,32.0,Intermediate,Medium,13008.01,511228.1,Medium
project_06501,AI Platform,High,12,11,2,22,28,7.8,74.9,Intermediate,High,57395.52,3021599.32,High
project_06502,E-commerce,Low,5,3,2,6,11,3.5,14.0,Basic,Low,2446.46,76866.28,Low
project_06503,IoT,Medium,6,4,2,8,21,4.1,19.7,Intermediate,High,8985.97,362263.93,High
project_06504,FinTech,High,8,10,2,20,23,7.2,46.1,Advanced,High,43073.81,2446291.09,High
project_06505,Healthcare,Low,3,2,2,4,10,2.3,5.5,Basic,Low,1007.34,36036.79,Low
project_06506,Cloud System,Medium,7,8,2,16,22,4.3,24.1,Intermediate,Low,15015.06,656028.99,Medium
project_06507,EdTech,High,11,8,2,16,22,7.2,63.4,Intermediate,Medium,32616.71,1885080.85,High
project_06508,E-commerce,Low,5,3,2,6,15,3.6,14.4,Basic,Low,2685.76,96649.66,Low
project_06509,FinTech,Medium,7,8,2,16,22,5.6,31.4,Basic,Low,12606.57,614740.86,Medium
project_06510,EdTech,High,9,10,2,20,22,5.5,39.6,Advanced,Medium,41332.27,2088257.79,High
project_06511,E-commerce,Low,3,2,2,4,12,3.6,8.6,Basic,Medium,1286.71,46980.84,Low
project_06512,E-commerce,Medium,7,4,2,8,18,6.0,33.6,Intermediate,Low,8129.81,422997.15,Medium
project_06513,IoT,High,9,10,2,20,23,7.6,54.7,Intermediate,High,39464.42,2086403.7,High
project_06514,Healthcare,Low,4,3,2,6,14,3.1,9.9,Basic,Low,2196.54,78361.22,Low
project_06515,E-commerce,Medium,6,5,2,10,20,4.4,21.1,Intermediate,Medium,9506.16,471110.36,Medium
project_06516,AI Platform,High,10,12,2,24,26,5.3,42.4,Advanced,High,58085.43,3334212.82,High
project_06517,Cloud System,Low,3,4,2,8,10,4.0,9.6,Basic,Low,2038.64,71120.39,Low
project_06518,SaaS,Medium,7,8,2,16,16,5.6,31.4,Intermediate,Medium,16663.35,754472.85,Medium
project_06519,E-commerce,High,11,10,2,20,25,6.7,59.0,Advanced,High,55396.89,3242099.12,High
project_06520,AI Platform,Low,3,3,2,6,14,2.1,5.0,Basic,Medium,1763.08,58611.84,Low
project_06521,Healthcare,Medium,6,7,2,14,20,4.2,20.2,Intermediate,Low,11925.97,462135.31,Medium
project_06522,EdTech,High,9,6,2,12,20,5.4,38.9,Advanced,High,26853.57,1659520.42,High
project_06523,IoT,Low,3,3,2,6,10,2.6,6.2,Basic,Low,1533.07,52845.41,Low
project_06524,EdTech,Medium,8,4,2,8,17,4.1,26.2,Basic,Medium,8158.9,398734.36,Medium
project_06525,SaaS,High,8,11,2,22,22,7.7,49.3,Advanced,High,44850.08,2446400.14,High
project_06526,IoT,Low,5,2,2,4,13,3.9,15.6,Basic,Low,1821.38,58624.49,Low
project_06527,EdTech,Medium,7,7,2,14,21,5.1,28.6,Intermediate,Low,13297.16,624389.39,Medium
project_06528,E-commerce,High,12,6,2,12,20,6.2,59.5,Intermediate,Medium,27698.32,1416532.75,High
project_06529,E-commerce,Low,5,3,2,6,13,3.6,14.4,Basic,Medium,2968.94,108405.4,Low
project_06530,Cloud System,Medium,6,4,2,8,15,4.6,22.1,Basic,Low,5825.09,231739.79,Medium
project_06531,FinTech,High,10,11,2,22,22,7.7,61.6,Intermediate,High,48855.18,2655911.28,High
project_06532,IoT,Low,4,3,2,6,11,2.2,7.0,Basic,Low,1941.97,65324.37,Low
project_06533,AI Platform,Medium,8,5,2,10,18,4.5,28.8,Intermediate,Medium,12927.04,521103.06,Medium
project_06534,EdTech,High,8,7,2,14,30,6.3,40.3,Advanced,High,29136.04,1787151.81,High
project_06535,AI Platform,Low,4,4,2,8,13,2.3,7.4,Basic,Low,2730.01,90424.61,Low
project_06536,AI Platform,Medium,6,5,2,10,19,5.5,26.4,Intermediate,High,11349.7,568989.07,High
project_06537,IoT,High,9,12,2,24,21,6.8,49.0,Advanced,Medium,46301.09,2511218.11,High
project_06538,Healthcare,Low,3,2,2,4,10,3.3,7.9,Basic,Low,1099.79,43649.03,Low
project_06539,EdTech,Medium,5,6,2,12,22,4.4,17.6,Basic,High,8824.0,368571.57,High
project_06540,EdTech,High,9,9,2,18,26,5.8,41.8,Advanced,High,41868.51,2346229.03,High
project_06541,EdTech,Low,5,4,2,8,15,3.2,12.8,Basic,Low,3521.74,109101.06,Low
project_06542,Cloud System,Medium,8,6,2,12,20,5.0,32.0,Intermediate,Medium,14840.44,770442.88,Medium
project_06543,SaaS,High,8,12,2,24,28,7.2,46.1,Intermediate,Medium,36542.96,1968034.54,High
project_06544,EdTech,Low,4,3,2,6,11,3.4,10.9,Basic,Low,2095.48,77133.81,Low
project_06545,SaaS,Medium,8,8,2,16,19,4.7,30.1,Intermediate,Medium,19797.97,864437.37,Medium
project_06546,SaaS,High,8,10,2,20,29,7.2,46.1,Advanced,Medium,38328.2,1857774.69,High
project_06547,EdTech,Low,5,2,2,4,12,3.3,13.2,Basic,Low,1792.12,67202.21,Low
project_06548,EdTech,Medium,7,7,2,14,18,5.3,29.7,Intermediate,Medium,14875.3,650761.08,Medium
project_06549,Healthcare,High,9,10,2,20,27,7.4,53.3,Advanced,Medium,43024.87,2162238.48,High
project_06550,AI Platform,Low,3,3,2,6,14,3.3,7.9,Basic,Low,1583.66,55307.37,Low
project_06551,Cloud System,Medium,5,5,2,10,21,5.7,22.8,Intermediate,Medium,8638.68,362549.23,Medium
project_06552,EdTech,High,8,12,2,24,27,7.0,44.8,Intermediate,High,42160.63,2111894.95,High
project_06553,IoT,Low,5,3,2,6,15,3.2,12.8,Basic,Medium,2713.85,112625.71,Low
project_06554,AI Platform,Medium,8,8,2,16,22,4.3,27.5,Basic,High,18481.86,839099.6,High
project_06555,FinTech,High,8,7,2,14,25,7.9,50.6,Advanced,High,29037.18,1856962.33,High
project_06556,SaaS,Low,4,3,2,6,15,3.6,11.5,Basic,Low,2062.43,75143.92,Low
project_06557,SaaS,Medium,5,4,2,8,22,5.8,23.2,Basic,Medium,5727.02,246315.94,Medium
project_06558,FinTech,High,11,6,2,12,25,7.9,69.5,Intermediate,Medium,25098.28,1428233.45,High
project_06559,SaaS,Low,5,3,2,6,15,2.1,8.4,Basic,Medium,2916.68,94052.7,Low
project_06560,Healthcare,Medium,5,5,2,10,17,4.6,18.4,Intermediate,High,8909.39,408873.89,High
project_06561,Cloud System,High,12,8,2,16,28,5.6,53.8,Advanced,High,47212.57,2800823.91,High
project_06562,AI Platform,Low,5,3,2,6,12,2.2,8.8,Basic,Medium,2874.87,107032.16,Low
project_06563,AI Platform,Medium,5,8,2,16,19,4.4,17.6,Basic,Low,9474.48,417739.44,Medium
project_06564,FinTech,High,12,11,2,22,25,7.3,70.1,Advanced,High,69553.18,3771963.17,High
project_06565,Healthcare,Low,4,3,2,6,14,3.1,9.9,Basic,Medium,2335.81,83353.9,Low
project_06566,SaaS,Medium,5,4,2,8,18,4.7,18.8,Basic,Low,4869.68,216470.12,Medium
project_06567,SaaS,High,10,7,2,14,26,5.9,47.2,Intermediate,High,29110.73,1585960.8,High
project_06568,EdTech,Low,4,2,2,4,12,3.6,11.5,Basic,Medium,1534.35,53020.24,Low
project_06569,E-commerce,Medium,6,5,2,10,17,4.3,20.6,Basic,Low,6534.92,337775.24,Medium
project_06570,FinTech,High,10,6,2,12,22,5.1,40.8,Advanced,High,30614.42,1634257.38,High
project_06571,E-commerce,Low,5,3,2,6,10,2.3,9.2,Basic,Low,2492.35,82658.93,Low
project_06572,IoT,Medium,8,5,2,10,15,5.6,35.8,Intermediate,High,13965.88,585657.13,High
project_06573,Cloud System,High,11,9,2,18,25,7.1,62.5,Advanced,High,52274.02,2691891.53,High
project_06574,Cloud System,Low,4,3,2,6,11,2.2,7.0,Basic,Medium,2173.68,80168.73,Low
project_06575,Cloud System,Medium,5,6,2,12,18,4.6,18.4,Intermediate,High,10502.62,514148.41,High
project_06576,Cloud System,High,11,11,2,22,22,6.4,56.3,Intermediate,High,51679.74,2790284.84,High
project_06577,IoT,Low,4,4,2,8,10,2.3,7.4,Basic,Medium,2994.26,119834.53,Low
project_06578,FinTech,Medium,6,6,2,12,15,5.3,25.4,Basic,Low,8595.26,383055.06,Medium
project_06579,Healthcare,High,8,10,2,20,23,5.3,33.9,Intermediate,High,34688.88,2005332.03,High
project_06580,E-commerce,Low,3,4,2,8,12,3.5,8.4,Basic,Low,2133.21,85028.31,Low
project_06581,Healthcare,Medium,6,6,2,12,20,4.9,23.5,Intermediate,Low,10009.52,463725.42,Medium
project_06582,SaaS,High,12,10,2,20,22,7.9,75.8,Advanced,Medium,52823.7,3245802.53,High
project_06583,AI Platform,Low,5,4,2,8,12,2.9,11.6,Basic,Low,3260.01,126441.76,Low
project_06584,SaaS,Medium,6,7,2,14,17,5.3,25.4,Basic,Low,9873.5,454041.54,Medium
project_06585,EdTech,High,12,12,2,24,27,6.6,63.4,Advanced,High,70330.97,4390070.68,High
project_06586,SaaS,Low,5,2,2,4,15,3.2,12.8,Basic,Low,1821.46,66181.4,Low
project_06587,Healthcare,Medium,8,5,2,10,19,4.0,25.6,Basic,Medium,9598.67,456857.84,Medium
project_06588,IoT,High,10,10,2,20,29,6.0,48.0,Advanced,Medium,47041.51,2392931.03,High
project_06589,IoT,Low,3,3,2,6,15,3.6,8.6,Basic,Medium,1745.01,65200.57,Low
project_06590,AI Platform,Medium,7,6,2,12,21,5.8,32.5,Intermediate,Low,12054.75,557792.8,Medium
project_06591,EdTech,High,10,7,2,14,24,6.6,52.8,Advanced,High,35313.34,1932162.71,High
project_06592,AI Platform,Low,3,2,2,4,13,3.4,8.2,Basic,Medium,1204.21,38801.05,Low
project_06593,E-commerce,Medium,5,6,2,12,15,5.5,22.0,Intermediate,Medium,9069.98,459937.82,Medium
project_06594,IoT,High,11,6,2,12,28,7.2,63.4,Advanced,High,36723.03,1815580.97,High
project_06595,E-commerce,Low,5,2,2,4,15,3.5,14.0,Basic,Low,1756.58,62040.55,Low
project_06596,Cloud System,Medium,7,7,2,14,15,4.9,27.4,Intermediate,High,17862.26,716993.14,High
project_06597,AI Platform,High,8,12,2,24,26,7.6,48.6,Intermediate,High,40515.13,2389508.74,High
project_06598,Healthcare,Low,4,4,2,8,12,3.0,9.6,Basic,Low,2771.8,102640.01,Low
project_06599,IoT,Medium,7,7,2,14,17,4.4,24.6,Basic,Medium,12662.17,630188.68,Medium
project_06600,IoT,High,8,9,2,18,24,6.2,39.7,Intermediate,High,31730.82,1614167.91,High
project_06601,FinTech,Low,5,2,2,4,15,3.7,14.8,Basic,Low,1861.19,55893.83,Low
project_06602,IoT,Medium,6,8,2,16,22,4.1,19.7,Basic,Medium,12008.15,610551.21,Medium
project_06603,IoT,High,11,10,2,20,23,7.3,64.2,Intermediate,Medium,40490.05,2065246.46,High
project_06604,E-commerce,Low,5,3,2,6,14,3.1,12.4,Basic,Low,2623.25,88468.34,Low
project_06605,EdTech,Medium,5,8,2,16,19,5.1,20.4,Intermediate,Medium,12321.35,565833.15,Medium
project_06606,E-commerce,High,12,7,2,14,23,7.8,74.9,Advanced,High,42329.01,2553828.35,High
project_06607,IoT,Low,3,2,2,4,10,3.9,9.4,Basic,Medium,1193.87,41853.12,Low
project_06608,Healthcare,Medium,7,8,2,16,18,5.4,30.2,Basic,Low,13042.62,545392.83,Medium
project_06609,IoT,High,8,12,2,24,26,5.4,34.6,Advanced,High,51235.61,2569014.95,High
project_06610,SaaS,Low,3,2,2,4,10,3.7,8.9,Basic,Low,1152.46,34250.48,Low
project_06611,AI Platform,Medium,7,5,2,10,22,4.2,23.5,Basic,Medium,8713.83,433009.23,Medium
project_06612,Healthcare,High,10,6,2,12,22,8.0,64.0,Advanced,Medium,28599.3,1514314.52,High
project_06613,AI Platform,Low,5,3,2,6,14,3.8,15.2,Basic,Medium,2799.56,100176.19,Low
project_06614,Cloud System,Medium,7,8,2,16,22,4.5,25.2,Basic,Medium,13858.19,640348.69,Medium
project_06615,AI Platform,High,11,9,2,18,27,5.4,47.5,Advanced,High,48741.67,3002674.31,High
project_06616,E-commerce,Low,5,4,2,8,13,3.1,12.4,Basic,Medium,3756.7,125968.04,Low
project_06617,E-commerce,Medium,6,4,2,8,17,5.1,24.5,Intermediate,Low,7293.89,335452.46,Medium
project_06618,IoT,High,10,7,2,14,28,5.6,44.8,Intermediate,High,31220.69,1606219.49,High
project_06619,E-commerce,Low,4,2,2,4,13,2.2,7.0,Basic,Low,1448.82,41629.78,Low
project_06620,E-commerce,Medium,7,5,2,10,16,5.0,28.0,Intermediate,High,11981.12,554734.16,High
project_06621,SaaS,High,11,8,2,16,23,7.9,69.5,Intermediate,High,39764.42,2143817.34,High
project_06622,IoT,Low,4,2,2,4,12,3.7,11.8,Basic,Low,1510.1,58929.67,Low
project_06623,AI Platform,Medium,5,4,2,8,16,4.0,16.0,Intermediate,Medium,6390.21,272208.13,Medium
project_06624,SaaS,High,8,9,2,18,20,6.9,44.2,Intermediate,High,32502.71,1579189.57,High
project_06625,FinTech,Low,3,2,2,4,12,2.0,4.8,Basic,Low,1007.71,36094.15,Low
project_06626,Cloud System,Medium,5,6,2,12,20,5.2,20.8,Basic,Medium,7683.99,325437.42,Medium
project_06627,E-commerce,High,12,9,2,18,20,6.7,64.3,Advanced,High,57094.74,3103112.67,High
project_06628,AI Platform,Low,3,2,2,4,12,4.0,9.6,Basic,Low,1196.38,37192.99,Low
project_06629,IoT,Medium,7,8,2,16,22,4.8,26.9,Intermediate,Medium,16727.07,759477.94,Medium
project_06630,SaaS,High,12,8,2,16,25,6.6,63.4,Advanced,High,49728.19,2716114.48,High
project_06631,EdTech,Low,3,3,2,6,13,2.8,6.7,Basic,Medium,1817.44,61608.35,Low
project_06632,AI Platform,Medium,5,8,2,16,16,5.4,21.6,Intermediate,High,13525.5,645301.61,High
project_06633,AI Platform,High,11,8,2,16,30,7.0,61.6,Intermediate,Medium,32522.29,2076194.95,High
project_06634,EdTech,Low,5,2,2,4,11,2.2,8.8,Basic,Low,1699.33,53721.83,Low
project_06635,IoT,Medium,5,4,2,8,15,4.6,18.4,Intermediate,Medium,6710.67,304550.48,Medium
project_06636,EdTech,High,9,11,2,22,25,5.6,40.3,Intermediate,High,41751.45,2303554.02,High
project_06637,AI Platform,Low,5,3,2,6,13,2.7,10.8,Basic,Medium,2882.66,81289.3,Low
project_06638,Healthcare,Medium,7,4,2,8,17,5.4,30.2,Intermediate,Medium,9036.75,413019.64,Medium
project_06639,SaaS,High,8,12,2,24,21,5.5,35.2,Advanced,High,49581.38,2459361.23,High
project_06640,SaaS,Low,5,4,2,8,12,2.8,11.2,Basic,Low,3415.39,115591.39,Low
project_06641,AI Platform,Medium,7,5,2,10,15,4.2,23.5,Basic,Low,7896.7,384179.93,Medium
project_06642,E-commerce,High,10,6,2,12,25,8.0,64.0,Advanced,Medium,27987.84,1521938.25,High
project_06643,FinTech,Low,5,3,2,6,12,3.7,14.8,Basic,Low,2631.09,90212.0,Low
project_06644,FinTech,Medium,6,7,2,14,18,4.7,22.6,Intermediate,Medium,13120.96,639594.38,Medium
project_06645,EdTech,High,10,11,2,22,29,6.2,49.6,Advanced,Medium,47657.1,3015714.24,High
project_06646,E-commerce,Low,4,4,2,8,13,3.0,9.6,Basic,Low,2604.12,100877.62,Low
project_06647,IoT,Medium,8,6,2,12,20,4.5,28.8,Intermediate,Medium,15317.55,622545.6,Medium
project_06648,Healthcare,High,12,8,2,16,22,6.5,62.4,Advanced,High,48116.53,2868453.72,High
project_06649,E-commerce,Low,5,4,2,8,14,2.9,11.6,Basic,Low,3323.95,111880.58,Low
project_06650,EdTech,Medium,6,5,2,10,18,5.6,26.9,Intermediate,Low,8565.11,403024.27,Medium
project_06651,Healthcare,High,12,6,2,12,25,7.1,68.2,Advanced,High,37245.92,1923137.66,High
project_06652,AI Platform,Low,5,3,2,6,14,3.1,12.4,Basic,Low,2479.65,84575.46,Low
project_06653,EdTech,Medium,6,6,2,12,15,4.7,22.6,Basic,High,10291.44,503166.52,High
project_06654,Cloud System,High,8,9,2,18,27,5.4,34.6,Advanced,High,36236.68,2109372.52,High
project_06655,E-commerce,Low,4,2,2,4,15,2.5,8.0,Basic,Low,1387.48,43518.05,Low
project_06656,SaaS,Medium,7,8,2,16,17,5.8,32.5,Intermediate,Medium,18058.13,703174.79,Medium
project_06657,SaaS,High,10,9,2,18,23,6.2,49.6,Advanced,High,46995.55,2658080.67,High
project_06658,AI Platform,Low,5,3,2,6,13,2.0,8.0,Basic,Low,2485.63,84828.38,Low
project_06659,IoT,Medium,8,4,2,8,19,4.9,31.4,Intermediate,Medium,10109.55,469794.47,Medium
project_06660,AI Platform,High,9,8,2,16,24,6.7,48.2,Advanced,Medium,32566.08,1672642.76,High
project_06661,SaaS,Low,5,2,2,4,12,2.8,11.2,Basic,Medium,1824.82,76470.57,Low
project_06662,E-commerce,Medium,7,7,2,14,16,5.0,28.0,Intermediate,High,17881.77,794260.36,High
project_06663,IoT,High,8,7,2,14,22,7.3,46.7,Advanced,Medium,25157.56,1396964.05,High
project_06664,IoT,Low,5,2,2,4,10,2.8,11.2,Basic,Low,1737.36,66480.53,Low
project_06665,AI Platform,Medium,5,8,2,16,22,4.5,18.0,Intermediate,High,14670.59,639911.36,High
project_06666,Healthcare,High,10,9,2,18,21,6.7,53.6,Intermediate,Medium,32341.6,1938392.08,High
project_06667,EdTech,Low,4,2,2,4,11,3.4,10.9,Basic,Low,1470.34,45002.49,Low
project_06668,EdTech,Medium,7,7,2,14,18,5.5,30.8,Basic,Low,11304.41,504579.45,Medium
project_06669,SaaS,High,12,11,2,22,25,6.5,62.4,Intermediate,Medium,49187.14,2716056.03,High
project_06670,EdTech,Low,3,2,2,4,11,2.2,5.3,Basic,Medium,1164.84,43159.37,Low
project_06671,SaaS,Medium,7,6,2,12,16,5.7,31.9,Intermediate,Medium,12998.87,541744.74,Medium
project_06672,EdTech,High,8,12,2,24,27,7.9,50.6,Advanced,Medium,42692.97,2208215.37,High
project_06673,AI Platform,Low,3,4,2,8,14,3.4,8.2,Basic,Medium,2330.24,72620.49,Low
project_06674,IoT,Medium,6,6,2,12,16,5.2,25.0,Basic,Low,8234.13,375436.01,Medium
project_06675,IoT,High,8,10,2,20,21,7.5,48.0,Advanced,Medium,36593.65,1911606.69,High
project_06676,EdTech,Low,4,3,2,6,12,2.6,8.3,Basic,Low,2047.92,66565.76,Low
project_06677,FinTech,Medium,5,4,2,8,19,5.4,21.6,Intermediate,Medium,7005.01,312179.56,Medium
project_06678,SaaS,High,10,10,2,20,29,6.1,48.8,Intermediate,High,43290.68,2128808.75,High
project_06679,Cloud System,Low,3,4,2,8,13,2.5,6.0,Basic,Low,2139.17,62284.32,Low
project_06680,SaaS,Medium,6,5,2,10,16,5.0,24.0,Intermediate,Medium,9795.44,432813.49,Medium
project_06681,E-commerce,High,8,8,2,16,21,7.1,45.4,Intermediate,High,28114.49,1559309.24,High
project_06682,Cloud System,Low,5,4,2,8,13,3.9,15.6,Basic,Medium,3835.73,140189.77,Low
project_06683,IoT,Medium,8,6,2,12,17,4.1,26.2,Basic,Medium,12177.3,550597.0,Medium
project_06684,Healthcare,High,11,12,2,24,20,6.1,53.7,Intermediate,High,54935.84,3280231.28,High
project_06685,SaaS,Low,4,3,2,6,11,3.0,9.6,Basic,Medium,2369.68,74035.94,Low
project_06686,AI Platform,Medium,8,6,2,12,17,4.9,31.4,Intermediate,Medium,14446.46,618979.82,Medium
project_06687,Healthcare,High,9,10,2,20,30,6.9,49.7,Advanced,High,48500.63,2547059.59,High
project_06688,AI Platform,Low,3,2,2,4,15,3.1,7.4,Basic,Low,1105.99,40037.57,Low
project_06689,Cloud System,Medium,7,8,2,16,15,4.6,25.8,Intermediate,Medium,16618.74,690461.21,Medium
project_06690,EdTech,High,9,10,2,20,30,7.4,53.3,Intermediate,Medium,33533.03,2148000.58,High
project_06691,Cloud System,Low,3,3,2,6,13,4.0,9.6,Basic,Medium,1862.2,64901.13,Low
project_06692,E-commerce,Medium,6,4,2,8,17,5.3,25.4,Basic,High,6753.36,321956.12,High
project_06693,IoT,High,9,8,2,16,28,7.4,53.3,Advanced,Medium,34072.37,1898146.94,High
project_06694,Healthcare,Low,4,3,2,6,13,3.0,9.6,Basic,Low,2146.22,73740.62,Low
project_06695,FinTech,Medium,7,8,2,16,15,5.6,31.4,Basic,Medium,13140.48,563014.35,Medium
project_06696,Healthcare,High,11,7,2,14,23,5.4,47.5,Intermediate,High,33565.45,1834819.94,High
project_06697,Healthcare,Low,4,4,2,8,12,2.8,9.0,Basic,Low,2672.07,94145.52,Low
project_06698,SaaS,Medium,8,5,2,10,18,4.3,27.5,Intermediate,Low,11089.76,487613.88,Medium
project_06699,E-commerce,High,9,11,2,22,26,5.1,36.7,Advanced,High,48470.31,2851896.45,High
project_06700,AI Platform,Low,5,2,2,4,14,3.4,13.6,Basic,Low,1705.73,59871.44,Low
project_06701,Healthcare,Medium,7,7,2,14,21,5.5,30.8,Intermediate,High,17490.82,870957.77,High
project_06702,Healthcare,High,9,6,2,12,30,7.4,53.3,Advanced,High,29415.49,1635831.2,High
project_06703,EdTech,Low,4,3,2,6,13,3.8,12.2,Basic,Low,2075.3,72615.48,Low
project_06704,FinTech,Medium,5,6,2,12,18,4.6,18.4,Basic,High,8231.37,425721.58,High
project_06705,FinTech,High,10,11,2,22,21,8.0,64.0,Intermediate,High,45003.33,2470649.87,High
project_06706,Healthcare,Low,4,3,2,6,10,3.9,12.5,Basic,Low,2162.81,67999.82,Low
project_06707,FinTech,Medium,7,4,2,8,15,4.4,24.6,Basic,Medium,7047.84,303503.16,Medium
project_06708,SaaS,High,10,11,2,22,26,6.2,49.6,Advanced,High,56107.47,3326979.16,High
project_06709,Cloud System,Low,3,4,2,8,11,2.2,5.3,Basic,Low,1930.54,70174.46,Low
project_06710,Healthcare,Medium,6,6,2,12,17,5.4,25.9,Basic,Medium,9033.65,419386.78,Medium
project_06711,IoT,High,9,9,2,18,30,5.2,37.4,Advanced,High,43712.35,2249135.04,High
project_06712,IoT,Low,4,4,2,8,14,2.6,8.3,Basic,Low,2671.31,99496.09,Low
project_06713,E-commerce,Medium,7,8,2,16,20,4.6,25.8,Intermediate,Medium,17142.31,771790.97,Medium
project_06714,SaaS,High,9,6,2,12,26,5.7,41.0,Advanced,High,28292.71,1512632.7,High
project_06715,FinTech,Low,4,2,2,4,15,3.1,9.9,Basic,Low,1486.8,47983.61,Low
project_06716,IoT,Medium,7,6,2,12,15,4.8,26.9,Basic,High,12021.43,471862.22,High
project_06717,Healthcare,High,12,12,2,24,20,7.7,73.9,Advanced,Medium,65699.9,3861278.06,High
project_06718,SaaS,Low,4,4,2,8,14,3.6,11.5,Basic,Low,2769.24,111157.85,Low
project_06719,Healthcare,Medium,6,5,2,10,22,5.5,26.4,Basic,High,9236.37,374486.36,High
project_06720,IoT,High,11,10,2,20,23,5.3,46.6,Advanced,Medium,49675.9,2857672.06,High
project_06721,EdTech,Low,5,4,2,8,10,2.9,11.6,Basic,Low,3369.62,119527.82,Low
project_06722,Healthcare,Medium,6,4,2,8,18,5.8,27.8,Basic,Medium,6512.36,276719.16,Medium
project_06723,EdTech,High,11,6,2,12,29,7.9,69.5,Advanced,Medium,31923.87,1542287.43,High
project_06724,IoT,Low,3,3,2,6,13,2.8,6.7,Basic,Low,1531.12,58380.67,Low
project_06725,SaaS,Medium,7,5,2,10,17,4.6,25.8,Intermediate,Medium,11359.99,509376.57,Medium
project_06726,AI Platform,High,8,11,2,22,21,5.5,35.2,Intermediate,High,37822.96,2015763.1,High
project_06727,EdTech,Low,3,2,2,4,14,2.1,5.0,Basic,Medium,1130.66,42450.95,Low
project_06728,AI Platform,Medium,7,8,2,16,16,5.8,32.5,Intermediate,High,19087.86,929953.66,High
project_06729,E-commerce,High,11,8,2,16,22,5.6,49.3,Advanced,High,43749.74,2231890.37,High
project_06730,E-commerce,Low,5,4,2,8,10,2.7,10.8,Basic,Low,3331.83,116477.8,Low
project_06731,E-commerce,Medium,8,8,2,16,22,4.4,28.2,Intermediate,Medium,19836.25,969558.38,Medium
project_06732,AI Platform,High,8,12,2,24,24,7.3,46.7,Intermediate,High,42562.11,2207648.69,High
project_06733,SaaS,Low,5,3,2,6,15,2.2,8.8,Basic,Low,2470.36,96788.73,Low
project_06734,E-commerce,Medium,7,6,2,12,19,5.2,29.1,Intermediate,Medium,12629.45,605960.18,Medium
project_06735,EdTech,High,9,8,2,16,25,5.5,39.6,Advanced,High,35867.21,2043345.51,High
project_06736,Cloud System,Low,4,2,2,4,13,3.0,9.6,Basic,Low,1417.77,52199.84,Low
project_06737,SaaS,Medium,6,6,2,12,18,5.0,24.0,Basic,Medium,8716.51,428506.24,Medium
project_06738,Cloud System,High,11,6,2,12,28,5.5,48.4,Advanced,Medium,31136.24,1669701.81,High
project_06739,Cloud System,Low,4,2,2,4,12,2.8,9.0,Basic,Low,1428.5,49249.22,Low
project_06740,SaaS,Medium,6,4,2,8,20,5.8,27.8,Basic,Low,5845.05,299513.91,Medium
project_06741,E-commerce,High,8,7,2,14,23,7.0,44.8,Intermediate,High,25855.2,1349514.17,High
project_06742,IoT,Low,5,4,2,8,15,3.0,12.0,Basic,Medium,3563.19,110563.95,Low
project_06743,AI Platform,Medium,5,5,2,10,15,5.0,20.0,Basic,High,6915.79,313682.57,High
project_06744,EdTech,High,12,12,2,24,21,5.4,51.8,Advanced,High,73574.16,4034372.63,High
project_06745,E-commerce,Low,3,4,2,8,12,2.8,6.7,Basic,Low,2120.99,62400.63,Low
project_06746,SaaS,Medium,7,5,2,10,17,5.7,31.9,Intermediate,Low,9954.3,402643.98,Medium
project_06747,E-commerce,High,12,6,2,12,22,5.2,49.9,Intermediate,High,29429.13,1544501.25,High
project_06748,IoT,Low,4,2,2,4,11,2.6,8.3,Basic,Medium,1519.23,59288.58,Low
project_06749,Cloud System,Medium,5,6,2,12,16,4.4,17.6,Basic,Medium,7789.68,324233.22,Medium
project_06750,EdTech,High,8,10,2,20,30,5.5,35.2,Advanced,High,41326.15,2520751.88,High
project_06751,Cloud System,Low,4,3,2,6,10,3.1,9.9,Basic,Low,2071.3,65326.84,Low
project_06752,FinTech,Medium,8,5,2,10,16,4.6,29.4,Intermediate,Low,10824.91,535711.89,Medium
project_06753,AI Platform,High,12,9,2,18,27,7.5,72.0,Intermediate,Medium,41870.71,2371299.98,High
project_06754,E-commerce,Low,3,2,2,4,14,2.7,6.5,Basic,Medium,1190.29,38119.86,Low
project_06755,EdTech,Medium,5,8,2,16,22,4.2,16.8,Basic,Low,8928.29,453621.07,Medium
project_06756,EdTech,High,8,10,2,20,21,7.8,49.9,Advanced,Medium,37218.1,2199628.52,High
project_06757,E-commerce,Low,4,2,2,4,14,2.3,7.4,Basic,Low,1420.63,51839.55,Low
project_06758,EdTech,Medium,5,4,2,8,15,4.7,18.8,Intermediate,High,7621.73,296796.9,High
project_06759,E-commerce,High,8,6,2,12,22,6.4,41.0,Advanced,High,25087.73,1371281.22,High
project_06760,Cloud System,Low,4,3,2,6,12,3.3,10.6,Basic,Low,2115.11,72303.89,Low
project_06761,IoT,Medium,7,7,2,14,15,5.7,31.9,Basic,Medium,12045.9,563956.38,Medium
project_06762,IoT,High,9,6,2,12,30,6.6,47.5,Intermediate,High,23242.22,1220104.24,High
project_06763,FinTech,Low,5,4,2,8,13,3.1,12.4,Basic,Low,3317.47,110135.08,Low
project_06764,Cloud System,Medium,6,4,2,8,16,4.8,23.0,Intermediate,High,8476.74,430675.39,High
project_06765,AI Platform,High,10,8,2,16,20,5.6,44.8,Advanced,High,42843.99,1997578.23,High
project_06766,SaaS,Low,3,2,2,4,11,3.2,7.7,Basic,Low,1132.45,33984.98,Low
project_06767,AI Platform,Medium,8,8,2,16,22,4.3,27.5,Intermediate,High,21781.33,1081842.78,High
project_06768,EdTech,High,8,8,2,16,20,5.8,37.1,Advanced,High,33097.05,1612424.31,High
project_06769,Healthcare,Low,3,3,2,6,14,2.2,5.3,Basic,Low,1505.27,55102.53,Low
project_06770,E-commerce,Medium,6,7,2,14,18,4.6,22.1,Intermediate,Medium,13655.71,659062.49,Medium
project_06771,E-commerce,High,12,8,2,16,30,6.0,57.6,Intermediate,Medium,35682.58,2134775.3,High
project_06772,EdTech,Low,5,3,2,6,11,3.4,13.6,Basic,Low,2432.66,91264.37,Low
project_06773,IoT,Medium,8,8,2,16,20,5.0,32.0,Intermediate,Medium,19096.09,868347.89,Medium
project_06774,Healthcare,High,11,11,2,22,20,5.8,51.0,Advanced,Medium,55960.87,2793210.64,High
project_06775,IoT,Low,4,2,2,4,15,3.5,11.2,Basic,Low,1450.66,52319.62,Low
project_06776,E-commerce,Medium,6,6,2,12,19,5.1,24.5,Intermediate,Low,10847.52,511951.18,Medium
project_06777,E-commerce,High,12,8,2,16,21,6.4,61.4,Intermediate,High,41918.2,2324510.78,High
project_06778,Healthcare,Low,3,3,2,6,13,2.6,6.2,Basic,Low,1611.11,52340.57,Low
project_06779,Healthcare,Medium,6,4,2,8,16,4.4,21.1,Intermediate,High,8833.92,378998.18,High
project_06780,FinTech,High,8,9,2,18,30,6.5,41.6,Intermediate,Medium,28328.0,1516510.66,High
project_06781,Healthcare,Low,5,4,2,8,10,2.3,9.2,Basic,Medium,3671.21,126784.52,Low
project_06782,Cloud System,Medium,6,8,2,16,15,5.6,26.9,Intermediate,Medium,14805.6,743664.77,Medium
project_06783,E-commerce,High,10,6,2,12,22,7.2,57.6,Intermediate,High,25270.23,1436959.89,High
project_06784,SaaS,Low,4,4,2,8,10,3.5,11.2,Basic,Low,2719.69,107912.71,Low
project_06785,Healthcare,Medium,8,4,2,8,22,5.1,32.6,Intermediate,High,11632.07,465719.84,High
project_06786,EdTech,High,9,9,2,18,28,6.0,43.2,Advanced,High,40389.44,2319779.36,High
project_06787,EdTech,Low,5,4,2,8,10,2.3,9.2,Basic,Medium,3671.46,107270.06,Low
project_06788,SaaS,Medium,7,7,2,14,21,4.3,24.1,Intermediate,Medium,14462.5,755817.94,Medium
project_06789,Healthcare,High,12,7,2,14,21,6.3,60.5,Advanced,High,41101.54,2291949.69,High
project_06790,Cloud System,Low,3,4,2,8,13,3.1,7.4,Basic,Low,2137.96,65391.17,Low
project_06791,EdTech,Medium,5,7,2,14,16,4.3,17.2,Intermediate,High,12547.8,539136.12,High
project_06792,EdTech,High,8,11,2,22,25,6.0,38.4,Advanced,High,44077.06,2531843.01,High
project_06793,FinTech,Low,4,2,2,4,10,3.1,9.9,Basic,Low,1377.32,47198.68,Low
project_06794,Healthcare,Medium,5,7,2,14,15,5.3,21.2,Intermediate,High,12000.21,558324.71,High
project_06795,EdTech,High,8,6,2,12,28,6.8,43.5,Advanced,High,26379.73,1409191.42,High
project_06796,SaaS,Low,5,3,2,6,11,2.4,9.6,Basic,Low,2553.24,81883.17,Low
project_06797,E-commerce,Medium,6,5,2,10,16,4.3,20.6,Intermediate,Medium,9162.76,437043.19,Medium
project_06798,Healthcare,High,10,8,2,16,20,6.1,48.8,Intermediate,High,35200.8,1995732.72,High
project_06799,FinTech,Low,5,2,2,4,11,2.8,11.2,Basic,Low,1778.98,57270.8,Low
project_06800,EdTech,Medium,5,8,2,16,17,4.7,18.8,Intermediate,Medium,12113.65,584144.35,Medium
project_06801,SaaS,High,10,10,2,20,27,5.2,41.6,Intermediate,High,43314.24,2113384.11,High
project_06802,EdTech,Low,3,3,2,6,14,2.6,6.2,Basic,Medium,1741.44,62534.26,Low
project_06803,E-commerce,Medium,6,4,2,8,16,5.3,25.4,Intermediate,Low,6892.88,318911.85,Medium
project_06804,Healthcare,High,11,11,2,22,25,5.6,49.3,Advanced,High,63947.62,3157754.71,High
project_06805,AI Platform,Low,3,2,2,4,13,2.0,4.8,Basic,Low,1082.46,34600.4,Low
project_06806,FinTech,Medium,8,4,2,8,16,4.3,27.5,Intermediate,Medium,9580.43,459981.98,Medium
project_06807,FinTech,High,9,10,2,20,22,5.3,38.2,Advanced,High,47356.51,2645705.21,High
project_06808,IoT,Low,4,4,2,8,15,2.2,7.0,Basic,Low,2582.35,95875.74,Low
project_06809,Cloud System,Medium,8,8,2,16,19,4.0,25.6,Intermediate,Medium,19824.07,866716.5,Medium
project_06810,E-commerce,High,8,12,2,24,20,5.9,37.8,Intermediate,High,40227.43,2283522.29,High
project_06811,Cloud System,Low,4,3,2,6,13,3.4,10.9,Basic,Low,2063.96,82790.5,Low
project_06812,FinTech,Medium,5,8,2,16,22,4.6,18.4,Intermediate,Medium,12773.16,626494.93,Medium
project_06813,E-commerce,High,9,10,2,20,27,6.0,43.2,Advanced,High,48293.88,2538410.32,High
project_06814,E-commerce,Low,3,2,2,4,15,2.0,4.8,Basic,Low,1064.43,42174.63,Low
project_06815,EdTech,Medium,7,4,2,8,15,5.3,29.7,Intermediate,Low,8441.07,381611.09,Medium
project_06816,SaaS,High,10,8,2,16,27,6.9,55.2,Intermediate,High,35076.47,1972337.98,High
project_06817,Cloud System,Low,5,3,2,6,12,2.7,10.8,Basic,Medium,2780.36,88971.41,Low
project_06818,AI Platform,Medium,6,8,2,16,21,5.7,27.4,Intermediate,Low,13199.29,565149.32,Medium
project_06819,EdTech,High,12,8,2,16,22,7.8,74.9,Advanced,High,47872.93,2875387.29,High
project_06820,Cloud System,Low,4,3,2,6,15,3.8,12.2,Basic,Medium,2467.25,83281.95,Low
project_06821,Healthcare,Medium,8,5,2,10,15,5.3,33.9,Intermediate,High,14450.1,602980.64,High
project_06822,IoT,High,8,8,2,16,20,7.1,45.4,Advanced,High,33829.55,1713409.51,High
project_06823,Healthcare,Low,3,3,2,6,14,3.9,9.4,Basic,Low,1656.37,64428.59,Low
project_06824,IoT,Medium,8,6,2,12,21,5.3,33.9,Intermediate,Medium,14914.29,706278.22,Medium
project_06825,IoT,High,9,10,2,20,24,6.2,44.6,Intermediate,Medium,33536.2,2096773.61,High
project_06826,E-commerce,Low,3,3,2,6,13,3.5,8.4,Basic,Medium,1785.26,62076.0,Low
project_06827,AI Platform,Medium,7,5,2,10,15,5.5,30.8,Basic,Low,7917.05,362560.19,Medium
project_06828,EdTech,High,10,12,2,24,27,6.0,48.0,Advanced,High,58441.71,3080147.03,High
project_06829,E-commerce,Low,4,2,2,4,14,3.8,12.2,Basic,Medium,1661.83,51324.08,Low
project_06830,E-commerce,Medium,8,6,2,12,21,5.4,34.6,Intermediate,High,17010.8,741981.32,High
project_06831,EdTech,High,10,7,2,14,25,5.7,45.6,Advanced,Medium,32878.49,1655580.45,High
project_06832,FinTech,Low,5,2,2,4,14,3.5,14.0,Basic,Medium,1905.82,76183.1,Low
project_06833,EdTech,Medium,5,5,2,10,18,5.7,22.8,Intermediate,Medium,7972.4,376575.74,Medium
project_06834,AI Platform,High,8,11,2,22,21,6.7,42.9,Advanced,High,44759.37,2563496.48,High
project_06835,Healthcare,Low,3,2,2,4,14,3.4,8.2,Basic,Low,1155.68,40851.84,Low
project_06836,IoT,Medium,7,4,2,8,18,5.0,28.0,Intermediate,Low,8223.25,332845.83,Medium
project_06837,SaaS,High,12,9,2,18,26,7.5,72.0,Advanced,Medium,48921.93,2772692.16,High
project_06838,FinTech,Low,3,2,2,4,11,2.8,6.7,Basic,Medium,1140.89,36634.91,Low
project_06839,IoT,Medium,7,4,2,8,20,6.0,33.6,Intermediate,Medium,8779.12,427233.93,Medium
project_06840,FinTech,High,11,8,2,16,25,5.2,45.8,Advanced,High,46992.66,2361905.5,High
project_06841,SaaS,Low,3,2,2,4,12,3.9,9.4,Basic,Low,1203.58,35478.13,Low
project_06842,EdTech,Medium,8,4,2,8,21,4.7,30.1,Intermediate,High,11456.74,539032.23,High
project_06843,E-commerce,High,12,10,2,20,28,5.7,54.7,Advanced,High,60846.47,3486687.69,High
project_06844,E-commerce,Low,4,3,2,6,10,3.9,12.5,Basic,Low,1977.77,62246.6,Low
project_06845,Healthcare,Medium,6,5,2,10,15,5.6,26.9,Basic,Low,7209.52,276681.36,Medium
project_06846,Healthcare,High,12,7,2,14,27,7.8,74.9,Intermediate,High,35688.71,2023097.45,High
project_06847,Cloud System,Low,3,4,2,8,12,3.3,7.9,Basic,Low,2067.58,72098.65,Low
project_06848,Healthcare,Medium,5,4,2,8,17,4.0,16.0,Intermediate,Low,6068.72,286235.32,Medium
project_06849,SaaS,High,12,11,2,22,22,7.6,73.0,Intermediate,High,56298.25,3054944.58,High
project_06850,IoT,Low,4,2,2,4,12,3.5,11.2,Basic,Medium,1640.95,61981.52,Low
project_06851,Healthcare,Medium,7,4,2,8,15,5.4,30.2,Intermediate,High,10411.27,500857.02,High
project_06852,Healthcare,High,9,12,2,24,26,6.2,44.6,Advanced,High,54320.55,2991013.99,High
project_06853,FinTech,Low,5,4,2,8,14,3.6,14.4,Basic,Low,3508.84,128503.56,Low
project_06854,AI Platform,Medium,5,7,2,14,16,5.1,20.4,Intermediate,High,12960.19,586406.75,High
project_06855,EdTech,High,12,11,2,22,22,7.5,72.0,Advanced,Medium,62166.02,3645232.4,High
project_06856,FinTech,Low,3,2,2,4,14,2.7,6.5,Basic,Low,1111.12,37434.76,Low
project_06857,E-commerce,Medium,8,8,2,16,21,4.8,30.7,Basic,High,17943.57,823088.1,High
project_06858,AI Platform,High,8,8,2,16,29,5.5,35.2,Advanced,Medium,29898.36,1774517.78,High
project_06859,E-commerce,Low,3,4,2,8,14,3.7,8.9,Basic,Low,2227.57,63588.24,Low
project_06860,Cloud System,Medium,8,8,2,16,16,5.4,34.6,Intermediate,High,21796.53,936980.11,High
project_06861,Cloud System,High,9,11,2,22,28,6.2,44.6,Intermediate,High,40774.64,2410629.11,High
project_06862,SaaS,Low,4,2,2,4,12,2.7,8.6,Basic,Medium,1570.15,52454.4,Low
project_06863,EdTech,Medium,8,4,2,8,21,4.4,28.2,Intermediate,Medium,10640.15,460260.35,Medium
project_06864,Healthcare,High,8,8,2,16,25,6.2,39.7,Advanced,High,34611.15,2057480.83,High
project_06865,FinTech,Low,3,2,2,4,15,2.9,7.0,Basic,Low,1141.53,34912.0,Low
project_06866,SaaS,Medium,6,8,2,16,22,4.1,19.7,Intermediate,Low,13153.88,590668.46,Medium
project_06867,E-commerce,High,9,8,2,16,20,7.7,55.4,Intermediate,High,31041.83,1724144.06,High
project_06868,AI Platform,Low,5,2,2,4,15,3.7,14.8,Basic,Low,1903.43,55976.07,Low
project_06869,EdTech,Medium,7,4,2,8,22,4.3,24.1,Intermediate,Medium,9267.67,423430.45,Medium
project_06870,Healthcare,High,8,8,2,16,29,6.7,42.9,Advanced,High,33020.14,1955759.46,High
project_06871,FinTech,Low,4,4,2,8,13,3.4,10.9,Basic,Low,2788.7,83643.04,Low
project_06872,FinTech,Medium,5,8,2,16,22,4.4,17.6,Intermediate,Low,11524.88,537127.44,Medium
project_06873,AI Platform,High,9,6,2,12,26,7.0,50.4,Advanced,High,30408.42,1447707.9,High
project_06874,E-commerce,Low,4,3,2,6,11,3.0,9.6,Basic,Low,2052.58,67873.05,Low
project_06875,AI Platform,Medium,7,6,2,12,17,5.5,30.8,Intermediate,Low,12224.93,521116.15,Medium
project_06876,E-commerce,High,12,6,2,12,24,5.8,55.7,Advanced,Medium,34178.19,1811314.0,High
project_06877,E-commerce,Low,5,3,2,6,10,3.1,12.4,Basic,Low,2464.13,90805.48,Low
project_06878,FinTech,Medium,8,8,2,16,21,4.0,25.6,Intermediate,High,21686.51,943209.06,High
project_06879,FinTech,High,10,8,2,16,24,7.4,59.2,Advanced,High,42258.78,2329707.93,High
project_06880,Cloud System,Low,3,2,2,4,12,3.4,8.2,Basic,Medium,1260.16,43547.31,Low
project_06881,SaaS,Medium,5,8,2,16,21,5.1,20.4,Intermediate,High,14662.42,685468.69,High
project_06882,EdTech,High,11,8,2,16,27,7.6,66.9,Advanced,High,46100.98,2674972.43,High
project_06883,SaaS,Low,4,2,2,4,10,3.3,10.6,Basic,Low,1412.19,51306.31,Low
project_06884,FinTech,Medium,5,7,2,14,16,5.9,23.6,Basic,Medium,8495.38,437593.1,Medium
project_06885,SaaS,High,11,11,2,22,30,5.8,51.0,Advanced,High,63262.54,3442910.86,High
project_06886,E-commerce,Low,4,2,2,4,13,3.3,10.6,Basic,Medium,1602.1,51716.56,Low
project_06887,FinTech,Medium,5,5,2,10,22,5.0,20.0,Intermediate,Medium,8337.04,329187.82,Medium
project_06888,AI Platform,High,12,10,2,20,21,5.2,49.9,Advanced,High,57748.38,2998875.0,High
project_06889,SaaS,Low,5,3,2,6,13,3.0,12.0,Basic,Medium,2782.14,91375.57,Low
project_06890,Healthcare,Medium,5,7,2,14,21,5.7,22.8,Intermediate,Medium,11748.26,527354.3,Medium
project_06891,EdTech,High,8,12,2,24,20,6.4,41.0,Advanced,Medium,44155.48,2247000.33,High
project_06892,FinTech,Low,4,3,2,6,13,2.1,6.7,Basic,Low,2114.84,63671.78,Low
project_06893,Cloud System,Medium,7,7,2,14,18,4.9,27.4,Basic,Medium,12450.39,504594.75,Medium
project_06894,AI Platform,High,8,9,2,18,27,6.7,42.9,Intermediate,High,32199.52,1930882.68,High
project_06895,Healthcare,Low,5,3,2,6,15,2.9,11.6,Basic,Medium,2744.53,107493.42,Low
project_06896,Cloud System,Medium,8,4,2,8,21,4.8,30.7,Intermediate,Low,9253.17,414959.21,Medium
project_06897,IoT,High,8,6,2,12,29,7.5,48.0,Advanced,Medium,23594.83,1399721.31,High
project_06898,FinTech,Low,5,2,2,4,10,3.5,14.0,Basic,Medium,1985.11,58892.08,Low
project_06899,Healthcare,Medium,6,7,2,14,17,6.0,28.8,Intermediate,Medium,12898.07,588070.4,Medium
project_06900,E-commerce,High,8,9,2,18,22,5.0,32.0,Advanced,High,35937.29,2126535.49,High
project_06901,EdTech,Low,3,2,2,4,10,2.4,5.8,Basic,Medium,1124.72,47166.75,Low
project_06902,Cloud System,Medium,7,8,2,16,21,4.6,25.8,Intermediate,High,18854.4,899626.48,High
project_06903,EdTech,High,10,6,2,12,30,7.2,57.6,Advanced,High,33641.28,1862352.66,High
project_06904,AI Platform,Low,4,2,2,4,10,2.2,7.0,Basic,Low,1394.27,54636.68,Low
project_06905,Cloud System,Medium,7,4,2,8,15,5.4,30.2,Basic,Low,6363.69,263576.51,Medium
project_06906,SaaS,High,10,9,2,18,30,6.7,53.6,Intermediate,High,40793.38,2186032.12,High
project_06907,IoT,Low,3,3,2,6,13,2.4,5.8,Basic,Low,1538.77,60604.5,Low
project_06908,EdTech,Medium,6,5,2,10,19,5.9,28.3,Intermediate,Low,9297.27,388715.18,Medium
project_06909,E-commerce,High,8,12,2,24,30,6.8,43.5,Advanced,High,48737.58,2515091.54,High
project_06910,Healthcare,Low,3,2,2,4,10,2.4,5.8,Basic,Low,1045.77,34462.82,Low
project_06911,AI Platform,Medium,6,6,2,12,20,4.7,22.6,Intermediate,High,13427.63,596255.4,High
project_06912,EdTech,High,9,12,2,24,26,6.1,43.9,Advanced,High,54981.85,2802530.24,High
project_06913,EdTech,Low,3,4,2,8,11,2.9,7.0,Basic,Low,2145.81,60354.79,Low
project_06914,EdTech,Medium,8,8,2,16,15,5.6,35.8,Intermediate,Medium,19679.59,819284.69,Medium
project_06915,E-commerce,High,12,6,2,12,23,5.5,52.8,Intermediate,High,31365.93,1549700.25,High
project_06916,EdTech,Low,3,4,2,8,14,3.4,8.2,Basic,Low,2012.84,74981.61,Low
project_06917,E-commerce,Medium,7,6,2,12,15,4.0,22.4,Intermediate,Medium,12992.52,548534.86,Medium
project_06918,E-commerce,High,9,7,2,14,22,5.1,36.7,Advanced,High,34118.77,1778868.0,High
project_06919,Healthcare,Low,5,2,2,4,14,3.5,14.0,Basic,Medium,2058.82,75782.25,Low
project_06920,E-commerce,Medium,6,6,2,12,22,4.3,20.6,Intermediate,Medium,11671.22,526648.69,Medium
project_06921,E-commerce,High,11,6,2,12,22,5.9,51.9,Intermediate,Medium,24222.62,1342435.42,High
project_06922,E-commerce,Low,5,3,2,6,15,2.2,8.8,Basic,Medium,2859.78,110380.48,Low
project_06923,E-commerce,Medium,6,6,2,12,21,5.1,24.5,Basic,High,9963.05,415721.91,High
project_06924,SaaS,High,10,7,2,14,21,6.0,48.0,Intermediate,High,30600.03,1567339.12,High
project_06925,E-commerce,Low,4,4,2,8,12,3.7,11.8,Basic,Low,2743.89,97330.86,Low
project_06926,E-commerce,Medium,7,4,2,8,17,5.2,29.1,Intermediate,Low,7809.37,377904.65,Medium
project_06927,EdTech,High,10,9,2,18,24,6.4,51.2,Intermediate,Medium,33387.23,1707927.25,High
project_06928,FinTech,Low,5,2,2,4,10,3.4,13.6,Basic,Low,1787.24,52282.77,Low
project_06929,IoT,Medium,5,6,2,12,18,5.3,21.2,Intermediate,Medium,9246.93,399389.79,Medium
project_06930,E-commerce,High,9,11,2,22,22,6.7,48.2,Advanced,High,52297.45,2599078.49,High
project_06931,FinTech,Low,4,2,2,4,11,2.7,8.6,Basic,Low,1425.01,52579.06,Low
project_06932,E-commerce,Medium,8,5,2,10,15,4.6,29.4,Intermediate,Medium,12553.75,482045.22,Medium
project_06933,E-commerce,High,8,11,2,22,24,5.8,37.1,Advanced,High,43198.43,2264277.26,High
project_06934,Cloud System,Low,4,4,2,8,12,2.1,6.7,Basic,Medium,2830.73,111281.21,Low
project_06935,IoT,Medium,7,8,2,16,20,4.5,25.2,Intermediate,Medium,17005.34,837226.39,Medium
project_06936,FinTech,High,10,9,2,18,22,6.5,52.0,Intermediate,High,37067.8,2066482.43,High
project_06937,Healthcare,Low,3,4,2,8,13,3.4,8.2,Basic,Medium,2242.09,82468.23,Low
project_06938,E-commerce,Medium,5,6,2,12,15,5.5,22.0,Basic,Medium,7240.37,369376.43,Medium
project_06939,IoT,High,11,11,2,22,27,7.0,61.6,Advanced,Medium,55452.73,2655703.67,High
project_06940,EdTech,Low,4,4,2,8,12,3.9,12.5,Basic,Low,2629.05,87078.29,Low
project_06941,AI Platform,Medium,8,4,2,8,15,4.7,30.1,Basic,Low,7542.71,324300.9,Medium
project_06942,AI Platform,High,8,10,2,20,22,7.3,46.7,Intermediate,High,33545.68,1778309.32,High
project_06943,SaaS,Low,4,4,2,8,10,2.6,8.3,Basic,Low,2641.8,92784.99,Low
project_06944,Healthcare,Medium,8,7,2,14,18,5.3,33.9,Basic,Medium,14104.35,614927.28,Medium
project_06945,E-commerce,High,8,8,2,16,23,7.7,49.3,Advanced,High,32363.06,1928804.4,High
project_06946,E-commerce,Low,3,4,2,8,10,3.4,8.2,Basic,Low,2112.95,73165.68,Low
project_06947,E-commerce,Medium,6,6,2,12,22,5.4,25.9,Basic,Low,8285.42,348869.34,Medium
project_06948,AI Platform,High,10,11,2,22,22,6.7,53.6,Advanced,High,58082.28,2930131.51,High
project_06949,Cloud System,Low,4,4,2,8,14,3.0,9.6,Basic,Medium,3120.86,99214.94,Low
project_06950,IoT,Medium,8,4,2,8,17,4.7,30.1,Basic,High,9127.9,411085.89,High
project_06951,Cloud System,High,8,10,2,20,21,7.1,45.4,Intermediate,High,36227.02,2031466.94,High
project_06952,EdTech,Low,5,4,2,8,13,2.7,10.8,Basic,Low,3292.01,126102.79,Low
project_06953,E-commerce,Medium,7,5,2,10,15,5.7,31.9,Basic,Medium,8492.88,375416.49,Medium
project_06954,AI Platform,High,12,11,2,22,21,6.0,57.6,Intermediate,High,53462.62,3401141.93,High
project_06955,AI Platform,Low,5,4,2,8,11,3.5,14.0,Basic,Medium,3827.59,112505.63,Low
project_06956,IoT,Medium,8,5,2,10,22,5.0,32.0,Intermediate,High,14836.1,721684.2,High
project_06957,SaaS,High,12,6,2,12,27,6.2,59.5,Advanced,High,37117.78,2152887.02,High
project_06958,EdTech,Low,3,4,2,8,14,2.1,5.0,Basic,Low,2003.58,67720.82,Low
project_06959,SaaS,Medium,7,4,2,8,20,5.3,29.7,Basic,High,8121.27,394005.41,High
project_06960,IoT,High,8,10,2,20,29,6.1,39.0,Advanced,Medium,36363.15,2158760.9,High
project_06961,E-commerce,Low,5,2,2,4,12,3.1,12.4,Basic,Medium,1861.07,73989.26,Low
project_06962,EdTech,Medium,5,6,2,12,20,5.7,22.8,Intermediate,Low,8740.61,400923.32,Medium
project_06963,IoT,High,12,10,2,20,30,7.4,71.0,Advanced,High,64063.77,3486015.58,High
project_06964,AI Platform,Low,4,4,2,8,14,2.8,9.0,Basic,Low,2712.79,92292.66,Low
project_06965,FinTech,Medium,5,4,2,8,20,5.1,20.4,Intermediate,Medium,6834.72,320116.6,Medium
project_06966,IoT,High,10,12,2,24,21,6.6,52.8,Intermediate,High,52822.1,2789105.04,High
project_06967,FinTech,Low,5,4,2,8,12,3.4,13.6,Basic,Medium,3641.34,124703.57,Low
project_06968,Healthcare,Medium,5,7,2,14,15,5.0,20.0,Basic,Low,7711.71,359278.77,Medium
project_06969,Cloud System,High,9,10,2,20,24,5.9,42.5,Intermediate,Medium,32974.54,1879757.75,High
project_06970,EdTech,Low,3,2,2,4,11,3.1,7.4,Basic,Low,1064.02,35679.31,Low
project_06971,E-commerce,Medium,5,4,2,8,19,5.8,23.2,Intermediate,High,7891.21,351064.08,High
project_06972,Healthcare,High,12,11,2,22,30,5.1,49.0,Advanced,Medium,61330.16,3328687.15,High
project_06973,IoT,Low,4,4,2,8,12,3.6,11.5,Basic,Low,2824.52,94011.0,Low
project_06974,Cloud System,Medium,7,8,2,16,19,5.2,29.1,Intermediate,Medium,16524.96,737722.76,Medium
project_06975,E-commerce,High,9,9,2,18,26,5.0,36.0,Intermediate,High,33923.37,1818528.89,High
project_06976,Cloud System,Low,3,2,2,4,14,2.4,5.8,Basic,Low,1088.67,39810.45,Low
project_06977,Healthcare,Medium,6,4,2,8,20,4.1,19.7,Intermediate,High,9178.42,425979.21,High
project_06978,FinTech,High,11,10,2,20,26,6.1,53.7,Intermediate,Medium,42435.35,2235541.33,High
project_06979,Healthcare,Low,5,2,2,4,11,3.7,14.8,Basic,Low,1850.63,58529.85,Low
project_06980,Healthcare,Medium,7,8,2,16,22,5.8,32.5,Basic,Low,12506.73,609459.82,Medium
project_06981,AI Platform,High,8,7,2,14,22,5.3,33.9,Advanced,High,30056.64,1500653.56,High
project_06982,Cloud System,Low,5,2,2,4,15,2.7,10.8,Basic,Low,1690.3,54668.35,Low
project_06983,IoT,Medium,5,5,2,10,16,5.0,20.0,Basic,Medium,6258.24,308249.37,Medium
project_06984,Healthcare,High,10,12,2,24,24,6.0,48.0,Advanced,High,62471.25,2981814.74,High
project_06985,FinTech,Low,4,4,2,8,13,3.0,9.6,Basic,Medium,2964.3,108541.38,Low
project_06986,E-commerce,Medium,5,8,2,16,19,5.8,23.2,Intermediate,Medium,12114.21,537157.71,Medium
project_06987,SaaS,High,9,8,2,16,20,6.1,43.9,Intermediate,High,32210.35,1683095.3,High
project_06988,Healthcare,Low,4,4,2,8,14,2.8,9.0,Basic,Low,2582.37,101175.31,Low
project_06989,SaaS,Medium,5,7,2,14,19,5.8,23.2,Basic,High,10186.69,514098.92,High
project_06990,SaaS,High,9,9,2,18,24,6.3,45.4,Advanced,High,43624.25,2239269.06,High
project_06991,Cloud System,Low,3,3,2,6,15,2.5,6.0,Basic,Medium,1702.32,65559.0,Low
project_06992,Healthcare,Medium,7,4,2,8,19,5.6,31.4,Basic,Medium,7345.46,342496.33,Medium
project_06993,EdTech,High,9,10,2,20,29,6.5,46.8,Intermediate,High,37939.11,1963554.85,High
project_06994,Cloud System,Low,5,2,2,4,11,2.1,8.4,Basic,Medium,1778.64,77270.55,Low
project_06995,EdTech,Medium,8,4,2,8,19,4.1,26.2,Intermediate,Medium,10369.24,413327.54,Medium
project_06996,E-commerce,High,10,10,2,20,28,7.0,56.0,Advanced,Medium,44530.88,2783521.05,High
project_06997,IoT,Low,4,4,2,8,10,2.8,9.0,Basic,Low,2754.98,86426.53,Low
project_06998,Healthcare,Medium,6,4,2,8,15,4.7,22.6,Basic,Medium,6201.0,269849.86,Medium
project_06999,AI Platform,High,9,12,2,24,22,5.1,36.7,Advanced,High,54139.14,2823262.53,High
project_07000,SaaS,Low,4,4,2,8,10,3.2,10.2,Basic,Low,2768.88,88920.0,Low
project_07001,Healthcare,Medium,8,7,2,14,16,4.8,30.7,Intermediate,High,19883.19,930980.02,High
project_07002,IoT,High,12,12,2,24,26,5.6,53.8,Advanced,Medium,63843.46,3639808.47,High
project_07003,Cloud System,Low,4,4,2,8,11,2.3,7.4,Basic,Low,2575.95,76434.7,Low
project_07004,FinTech,Medium,6,7,2,14,16,5.0,24.0,Intermediate,Medium,12852.89,600932.15,Medium
project_07005,Cloud System,High,11,8,2,16,30,6.6,58.1,Intermediate,High,38720.76,1937969.78,High
project_07006,AI Platform,Low,4,2,2,4,12,2.8,9.0,Basic,Low,1405.32,55881.37,Low
project_07007,Cloud System,Medium,6,8,2,16,22,5.0,24.0,Intermediate,Low,13062.86,651597.17,Medium
project_07008,EdTech,High,12,9,2,18,24,5.6,53.8,Intermediate,High,47669.12,2476885.63,High
project_07009,EdTech,Low,5,2,2,4,14,2.4,9.6,Basic,Low,1663.16,66366.1,Low
project_07010,FinTech,Medium,5,6,2,12,19,5.0,20.0,Intermediate,Medium,9642.85,413185.36,Medium
project_07011,Cloud System,High,12,10,2,20,25,6.5,62.4,Advanced,Medium,51347.53,2673812.17,High
project_07012,SaaS,Low,4,4,2,8,12,3.6,11.5,Basic,Low,2766.8,90611.03,Low
project_07013,SaaS,Medium,6,5,2,10,16,4.8,23.0,Intermediate,High,10767.25,475612.61,High
project_07014,E-commerce,High,9,6,2,12,20,6.8,49.0,Advanced,Medium,25181.82,1342809.03,High
project_07015,Healthcare,Low,3,2,2,4,12,4.0,9.6,Basic,Low,1142.73,41750.86,Low
project_07016,AI Platform,Medium,8,6,2,12,21,5.8,37.1,Intermediate,Medium,14423.48,696475.3,Medium
project_07017,EdTech,High,10,11,2,22,28,7.3,58.4,Intermediate,High,45757.5,2535522.57,High
project_07018,AI Platform,Low,3,4,2,8,15,2.4,5.8,Basic,Low,2120.62,77963.07,Low
project_07019,E-commerce,Medium,5,6,2,12,16,5.4,21.6,Intermediate,Medium,9696.77,425262.04,Medium
project_07020,FinTech,High,12,8,2,16,26,6.1,58.6,Advanced,High,48254.73,2774432.51,High
project_07021,FinTech,Low,4,3,2,6,10,2.2,7.0,Basic,Medium,2176.16,75994.14,Low
project_07022,AI Platform,Medium,8,5,2,10,16,5.9,37.8,Basic,Medium,9777.46,395216.89,Medium
project_07023,Healthcare,High,10,11,2,22,25,5.1,40.8,Advanced,High,55364.66,3291973.06,High
project_07024,AI Platform,Low,3,4,2,8,11,2.6,6.2,Basic,Medium,2156.5,67281.37,Low
project_07025,FinTech,Medium,8,5,2,10,20,5.2,33.3,Intermediate,High,13750.51,664483.7,High
project_07026,E-commerce,High,10,7,2,14,23,7.5,60.0,Intermediate,High,32056.29,1659844.41,High
project_07027,Healthcare,Low,4,2,2,4,15,3.8,12.2,Basic,Low,1543.96,47112.51,Low
project_07028,SaaS,Medium,8,5,2,10,20,4.1,26.2,Intermediate,High,14182.43,601521.26,High
project_07029,SaaS,High,12,6,2,12,22,7.3,70.1,Advanced,High,37851.85,1917488.17,High
project_07030,AI Platform,Low,5,4,2,8,11,2.5,10.0,Basic,Low,3413.88,109900.5,Low
project_07031,E-commerce,Medium,5,7,2,14,17,4.4,17.6,Intermediate,Low,9823.29,425890.86,Medium
project_07032,E-commerce,High,11,9,2,18,25,7.4,65.1,Advanced,Medium,43846.52,2517960.61,High
project_07033,AI Platform,Low,4,2,2,4,15,2.1,6.7,Basic,Medium,1508.59,59106.13,Low
project_07034,EdTech,Medium,6,7,2,14,21,4.9,23.5,Basic,Medium,10922.31,440109.91,Medium
project_07035,Healthcare,High,11,7,2,14,23,6.7,59.0,Advanced,Medium,36760.16,1862537.06,High
project_07036,Healthcare,Low,3,3,2,6,12,3.4,8.2,Basic,Medium,1798.27,64822.27,Low
project_07037,EdTech,Medium,5,7,2,14,18,5.1,20.4,Intermediate,High,12920.54,504464.03,High
project_07038,E-commerce,High,11,9,2,18,30,5.9,51.9,Intermediate,High,40932.84,2180094.2,High
project_07039,E-commerce,Low,5,4,2,8,10,2.3,9.2,Basic,Low,3437.21,131531.16,Low
project_07040,EdTech,Medium,6,8,2,16,18,5.5,26.4,Intermediate,Medium,15438.49,704474.44,Medium
project_07041,IoT,High,12,12,2,24,25,6.6,63.4,Advanced,High,75157.05,4081044.1,High
project_07042,IoT,Low,3,2,2,4,13,2.7,6.5,Basic,Low,1098.05,38025.58,Low
project_07043,Cloud System,Medium,6,4,2,8,15,4.6,22.1,Intermediate,Medium,7936.66,354814.17,Medium
project_07044,Healthcare,High,10,7,2,14,23,7.2,57.6,Advanced,High,35206.17,1979803.4,High
project_07045,AI Platform,Low,3,3,2,6,10,3.9,9.4,Basic,Medium,1669.9,70858.55,Low
project_07046,AI Platform,Medium,8,7,2,14,19,4.6,29.4,Intermediate,Medium,17897.49,718800.44,Medium
project_07047,EdTech,High,9,10,2,20,21,7.5,54.0,Advanced,Medium,39611.9,2299013.35,High
project_07048,SaaS,Low,3,4,2,8,11,2.3,5.5,Basic,Low,2094.45,78787.78,Low
project_07049,IoT,Medium,5,4,2,8,16,4.8,19.2,Intermediate,Medium,6435.91,314654.56,Medium
project_07050,IoT,High,11,9,2,18,24,5.8,51.0,Advanced,High,50588.02,2776002.52,High
project_07051,FinTech,Low,4,2,2,4,15,3.8,12.2,Basic,Low,1471.88,44517.78,Low
project_07052,E-commerce,Medium,5,5,2,10,22,4.3,17.2,Basic,High,7301.44,309438.57,High
project_07053,Healthcare,High,8,10,2,20,21,7.4,47.4,Advanced,High,42176.51,2255309.11,High
project_07054,E-commerce,Low,5,4,2,8,11,3.0,12.0,Basic,Low,3382.63,121612.5,Low
project_07055,AI Platform,Medium,5,6,2,12,17,5.5,22.0,Intermediate,Medium,9931.13,442712.55,Medium
project_07056,IoT,High,10,11,2,22,28,5.1,40.8,Advanced,High,55121.68,3173256.35,High
project_07057,FinTech,Low,5,3,2,6,14,2.2,8.8,Basic,Medium,2642.68,91009.83,Low
project_07058,AI Platform,Medium,6,6,2,12,18,4.8,23.0,Basic,Medium,9375.58,456351.13,Medium
project_07059,Cloud System,High,11,8,2,16,20,7.3,64.2,Intermediate,High,36673.92,2126221.42,High
project_07060,E-commerce,Low,4,3,2,6,15,3.5,11.2,Basic,Low,2065.02,69253.92,Low
project_07061,SaaS,Medium,6,8,2,16,20,4.5,21.6,Intermediate,Medium,15598.07,668388.4,Medium
project_07062,Healthcare,High,9,6,2,12,28,6.6,47.5,Advanced,High,30390.38,1572982.48,High
project_07063,EdTech,Low,3,4,2,8,14,3.3,7.9,Basic,Medium,2312.61,86995.07,Low
project_07064,EdTech,Medium,7,8,2,16,15,5.9,33.0,Intermediate,Medium,16586.98,663433.58,Medium
project_07065,AI Platform,High,8,6,2,12,23,6.2,39.7,Advanced,High,26547.31,1327262.99,High
project_07066,Healthcare,Low,5,3,2,6,11,3.7,14.8,Basic,Low,2607.36,82614.26,Low
project_07067,Cloud System,Medium,5,4,2,8,15,5.1,20.4,Intermediate,Low,5847.81,277491.26,Medium
project_07068,IoT,High,9,10,2,20,30,7.3,52.6,Advanced,High,49340.86,2342317.55,High
project_07069,IoT,Low,3,3,2,6,13,3.9,9.4,Basic,Low,1583.75,59330.83,Low
project_07070,AI Platform,Medium,7,6,2,12,18,5.3,29.7,Intermediate,Low,11953.95,588282.18,Medium
project_07071,SaaS,High,9,9,2,18,22,7.2,51.8,Advanced,High,42358.06,2156514.7,High
project_07072,Cloud System,Low,3,3,2,6,11,2.1,5.0,Basic,Medium,1703.63,53568.23,Low
project_07073,SaaS,Medium,7,5,2,10,16,4.2,23.5,Intermediate,Medium,10886.79,563161.15,Medium
project_07074,AI Platform,High,12,11,2,22,30,6.2,59.5,Advanced,Medium,56884.63,3283503.92,High
project_07075,IoT,Low,5,3,2,6,11,3.1,12.4,Basic,Low,2639.21,85757.77,Low
project_07076,Cloud System,Medium,5,4,2,8,21,5.6,22.4,Basic,Low,4877.24,214065.49,Medium
project_07077,Cloud System,High,12,6,2,12,21,7.7,73.9,Intermediate,High,32683.98,1605925.4,High
project_07078,SaaS,Low,4,4,2,8,10,3.0,9.6,Basic,Medium,2926.32,112692.78,Low
project_07079,EdTech,Medium,6,5,2,10,19,4.9,23.5,Basic,Low,7180.57,291305.31,Medium
project_07080,AI Platform,High,11,6,2,12,28,6.8,59.8,Advanced,High,34182.4,1897226.57,High
project_07081,Healthcare,Low,3,3,2,6,13,3.1,7.4,Basic,Low,1633.14,58915.21,Low
project_07082,Cloud System,Medium,6,4,2,8,21,4.1,19.7,Basic,High,7319.45,293387.74,High
project_07083,AI Platform,High,12,11,2,22,20,7.0,67.2,Advanced,High,67419.28,4001736.02,High
project_07084,E-commerce,Low,5,3,2,6,13,3.2,12.8,Basic,Low,2672.71,97587.51,Low
project_07085,AI Platform,Medium,8,5,2,10,21,4.2,26.9,Basic,Medium,9804.36,465932.99,Medium
project_07086,FinTech,High,10,6,2,12,24,7.7,61.6,Intermediate,High,27256.22,1527301.19,High
project_07087,FinTech,Low,5,3,2,6,14,4.0,16.0,Basic,Medium,2805.14,113610.81,Low
project_07088,FinTech,Medium,8,8,2,16,17,4.4,28.2,Intermediate,Low,17243.6,705697.73,Medium
project_07089,FinTech,High,8,12,2,24,20,5.1,32.6,Advanced,High,47645.49,2700954.12,High
project_07090,EdTech,Low,4,4,2,8,13,3.1,9.9,Basic,Low,2668.65,80358.47,Low
project_07091,Cloud System,Medium,8,5,2,10,20,4.4,28.2,Basic,Medium,9820.6,462046.56,Medium
project_07092,SaaS,High,12,11,2,22,21,7.7,73.9,Advanced,High,65379.22,3859986.19,High
project_07093,Cloud System,Low,3,4,2,8,12,2.4,5.8,Basic,Low,1960.44,78380.92,Low
project_07094,EdTech,Medium,5,8,2,16,18,5.3,21.2,Intermediate,Medium,13147.64,529557.84,Medium
project_07095,Cloud System,High,8,6,2,12,26,6.5,41.6,Advanced,High,25795.38,1410516.87,High
project_07096,Healthcare,Low,3,3,2,6,10,3.6,8.6,Basic,Medium,1780.44,66264.72,Low
project_07097,SaaS,Medium,5,8,2,16,17,5.9,23.6,Basic,High,10950.82,531549.6,High
project_07098,Healthcare,High,11,6,2,12,30,6.8,59.8,Intermediate,High,28791.64,1584072.89,High
project_07099,SaaS,Low,3,3,2,6,11,2.4,5.8,Basic,Low,1611.47,51727.91,Low
project_07100,Cloud System,Medium,5,4,2,8,21,4.7,18.8,Intermediate,Low,5805.73,253289.96,Medium
project_07101,Healthcare,High,9,8,2,16,30,5.3,38.2,Advanced,High,36099.42,2079710.05,High
project_07102,IoT,Low,5,4,2,8,14,3.9,15.6,Basic,Low,3277.08,119169.94,Low
project_07103,E-commerce,Medium,5,6,2,12,21,5.0,20.0,Intermediate,Low,8507.97,364178.4,Medium
project_07104,Cloud System,High,9,11,2,22,28,5.4,38.9,Advanced,Medium,46453.81,2718793.72,High
project_07105,Cloud System,Low,3,4,2,8,10,3.4,8.2,Basic,Low,2003.09,77090.07,Low
project_07106,Cloud System,Medium,6,5,2,10,22,5.2,25.0,Intermediate,Medium,9978.37,415786.15,Medium
project_07107,FinTech,High,9,8,2,16,20,7.0,50.4,Intermediate,High,30294.99,1710949.1,High
project_07108,E-commerce,Low,3,4,2,8,11,3.1,7.4,Basic,Low,2110.13,84216.85,Low
project_07109,Cloud System,Medium,7,6,2,12,19,4.5,25.2,Intermediate,High,15541.14,727739.71,High
project_07110,Healthcare,High,9,12,2,24,29,6.5,46.8,Advanced,High,58030.49,3206718.16,High
project_07111,EdTech,Low,3,2,2,4,10,3.1,7.4,Basic,Low,1118.99,45146.23,Low
project_07112,FinTech,Medium,6,5,2,10,16,4.6,22.1,Intermediate,Low,8418.39,386503.61,Medium
project_07113,Healthcare,High,11,12,2,24,26,6.1,53.7,Advanced,High,64202.9,3546453.41,High
project_07114,AI Platform,Low,4,3,2,6,11,3.1,9.9,Basic,Medium,2204.52,90348.5,Low
project_07115,AI Platform,Medium,5,5,2,10,16,4.8,19.2,Intermediate,Medium,7830.8,362749.8,Medium
project_07116,EdTech,High,11,12,2,24,21,7.9,69.5,Advanced,Medium,62117.97,3062196.34,High
project_07117,AI Platform,Low,3,3,2,6,10,2.2,5.3,Basic,Low,1556.48,49833.04,Low
project_07118,IoT,Medium,6,4,2,8,16,5.1,24.5,Basic,High,6786.69,334473.17,High
project_07119,SaaS,High,10,6,2,12,26,7.7,61.6,Advanced,High,31128.9,1593097.39,High
project_07120,SaaS,Low,5,3,2,6,13,3.4,13.6,Basic,Medium,2717.71,101728.82,Low
project_07121,Healthcare,Medium,5,7,2,14,15,5.2,20.8,Basic,Medium,8559.46,449341.84,Medium
project_07122,FinTech,High,12,7,2,14,28,6.4,61.4,Advanced,High,44130.75,2447818.98,High
project_07123,Cloud System,Low,5,3,2,6,10,3.9,15.6,Basic,Low,2518.33,95199.19,Low
project_07124,EdTech,Medium,7,4,2,8,21,4.2,23.5,Intermediate,Low,8319.9,412493.12,Medium
project_07125,Cloud System,High,9,10,2,20,24,5.5,39.6,Advanced,High,45130.17,2728439.15,High
project_07126,E-commerce,Low,5,2,2,4,13,3.6,14.4,Basic,Low,1792.13,62661.94,Low
project_07127,AI Platform,Medium,7,6,2,12,17,4.4,24.6,Intermediate,Medium,12823.44,595656.01,Medium
project_07128,EdTech,High,8,7,2,14,23,7.4,47.4,Advanced,High,31039.72,1780776.95,High
project_07129,EdTech,Low,4,4,2,8,12,2.3,7.4,Basic,Low,2634.03,107949.08,Low
project_07130,Healthcare,Medium,5,8,2,16,22,4.1,16.4,Intermediate,Medium,12456.09,557619.44,Medium
project_07131,Cloud System,High,11,6,2,12,30,6.4,56.3,Advanced,High,33776.09,2089862.64,High
project_07132,SaaS,Low,4,3,2,6,10,2.3,7.4,Basic,Low,2013.06,60069.25,Low
project_07133,IoT,Medium,6,7,2,14,16,4.1,19.7,Intermediate,Low,11301.51,504238.59,Medium
project_07134,E-commerce,High,11,12,2,24,22,7.4,65.1,Advanced,High,70184.59,3566110.93,High
project_07135,AI Platform,Low,5,3,2,6,14,2.2,8.8,Basic,Medium,2772.33,91076.57,Low
project_07136,E-commerce,Medium,5,6,2,12,19,4.8,19.2,Intermediate,Medium,9859.64,457245.89,Medium
project_07137,E-commerce,High,10,12,2,24,28,6.1,48.8,Advanced,High,61697.5,3487319.99,High
project_07138,AI Platform,Low,4,2,2,4,12,3.9,12.5,Basic,Low,1531.44,50730.24,Low
project_07139,IoT,Medium,8,5,2,10,17,4.9,31.4,Intermediate,Medium,12236.86,568989.73,Medium
project_07140,Healthcare,High,11,8,2,16,22,6.8,59.8,Advanced,High,43408.27,2558978.74,High
project_07141,AI Platform,Low,4,4,2,8,13,2.7,8.6,Basic,Low,2648.88,91070.53,Low
project_07142,EdTech,Medium,6,5,2,10,18,4.8,23.0,Intermediate,Medium,10009.68,466374.78,Medium
project_07143,Cloud System,High,11,9,2,18,23,5.4,47.5,Intermediate,High,41078.15,2584747.73,High
project_07144,E-commerce,Low,3,2,2,4,12,4.0,9.6,Basic,Medium,1217.19,43142.12,Low
project_07145,SaaS,Medium,7,7,2,14,15,4.8,26.9,Intermediate,Low,13808.04,634432.16,Medium
project_07146,FinTech,High,11,11,2,22,20,6.7,59.0,Advanced,High,60805.05,3748367.76,High
project_07147,SaaS,Low,4,3,2,6,10,3.8,12.2,Basic,Low,2124.82,74770.4,Low
project_07148,IoT,Medium,5,8,2,16,15,4.7,18.8,Basic,Medium,10110.86,398665.83,Medium
project_07149,E-commerce,High,10,9,2,18,28,7.5,60.0,Intermediate,High,37520.17,1941326.93,High
project_07150,AI Platform,Low,5,3,2,6,10,3.1,12.4,Basic,Low,2617.51,82511.94,Low
project_07151,IoT,Medium,6,5,2,10,17,5.3,25.4,Basic,Low,6836.68,300188.87,Medium
project_07152,Healthcare,High,8,11,2,22,21,5.2,33.3,Intermediate,High,36888.2,2143946.01,High
project_07153,AI Platform,Low,5,3,2,6,13,2.0,8.0,Basic,Medium,2760.23,99440.89,Low
project_07154,AI Platform,Medium,8,8,2,16,18,5.6,35.8,Intermediate,Low,17775.28,756566.72,Medium
project_07155,EdTech,High,11,6,2,12,23,7.6,66.9,Advanced,Medium,30671.02,1667499.07,High
project_07156,E-commerce,Low,4,3,2,6,15,3.3,10.6,Basic,Medium,2428.83,83032.54,Low
project_07157,EdTech,Medium,8,5,2,10,15,4.7,30.1,Intermediate,High,14342.83,586270.1,High
project_07158,SaaS,High,8,11,2,22,24,7.7,49.3,Intermediate,High,40020.22,1915402.17,High
project_07159,Healthcare,Low,3,3,2,6,14,3.7,8.9,Basic,Medium,1806.33,60579.51,Low
project_07160,E-commerce,Medium,6,7,2,14,21,5.7,27.4,Intermediate,Medium,13985.23,636073.47,Medium
project_07161,IoT,High,8,10,2,20,29,6.7,42.9,Advanced,Medium,36715.49,1888503.68,High
project_07162,EdTech,Low,3,4,2,8,11,3.3,7.9,Basic,Low,2006.29,84139.39,Low
project_07163,FinTech,Medium,8,4,2,8,19,4.2,26.9,Intermediate,Low,9299.33,440144.16,Medium
project_07164,Healthcare,High,12,11,2,22,20,5.6,53.8,Intermediate,High,53782.0,3214317.31,High
project_07165,EdTech,Low,5,2,2,4,10,3.1,12.4,Basic,Low,1767.86,50792.89,Low
project_07166,FinTech,Medium,6,4,2,8,17,4.0,19.2,Intermediate,Medium,7839.88,325298.38,Medium
project_07167,IoT,High,9,10,2,20,28,7.2,51.8,Advanced,High,48272.53,2599443.43,High
project_07168,AI Platform,Low,5,2,2,4,14,2.8,11.2,Basic,Low,1723.43,70736.79,Low
project_07169,Healthcare,Medium,6,8,2,16,17,4.9,23.5,Intermediate,High,17171.4,701333.14,High
project_07170,Healthcare,High,9,9,2,18,25,6.0,43.2,Intermediate,High,35701.34,2023129.32,High
project_07171,Healthcare,Low,3,4,2,8,10,2.9,7.0,Basic,Low,2086.59,72143.11,Low
project_07172,SaaS,Medium,8,4,2,8,19,4.2,26.9,Intermediate,Low,9567.07,423799.41,Medium
project_07173,Healthcare,High,11,9,2,18,25,6.0,52.8,Intermediate,High,43105.81,2403924.63,High
project_07174,AI Platform,Low,3,4,2,8,12,3.1,7.4,Basic,Low,2170.02,78348.45,Low
project_07175,Healthcare,Medium,7,6,2,12,15,4.1,23.0,Intermediate,High,14986.15,699455.61,High
project_07176,IoT,High,11,11,2,22,25,5.6,49.3,Advanced,High,60999.04,3480385.35,High
project_07177,E-commerce,Low,3,4,2,8,14,2.2,5.3,Basic,Low,2123.3,70007.35,Low
project_07178,E-commerce,Medium,5,8,2,16,20,4.5,18.0,Intermediate,Low,11494.67,564977.02,Medium
project_07179,EdTech,High,10,7,2,14,28,6.8,54.4,Advanced,High,36313.59,2241210.53,High
project_07180,Cloud System,Low,3,2,2,4,12,2.9,7.0,Basic,Low,1141.93,34012.58,Low
project_07181,Cloud System,Medium,5,5,2,10,20,4.7,18.8,Basic,Medium,6263.1,298883.58,Medium
project_07182,E-commerce,High,8,12,2,24,22,5.5,35.2,Advanced,High,47007.26,2668430.97,High
project_07183,EdTech,Low,3,3,2,6,10,3.8,9.1,Basic,Low,1580.95,50473.81,Low
project_07184,AI Platform,Medium,5,4,2,8,21,6.0,24.0,Intermediate,High,8045.83,317816.95,High
project_07185,IoT,High,12,9,2,18,20,7.1,68.2,Advanced,High,57644.11,3014458.23,High
project_07186,FinTech,Low,4,4,2,8,14,2.7,8.6,Basic,Low,2670.29,84416.26,Low
project_07187,SaaS,Medium,5,8,2,16,20,5.3,21.2,Intermediate,Medium,12066.84,579648.47,Medium
project_07188,E-commerce,High,11,11,2,22,25,7.3,64.2,Intermediate,High,49637.32,3035894.24,High
project_07189,SaaS,Low,5,4,2,8,13,2.3,9.2,Basic,Medium,3778.74,118201.27,Low
project_07190,SaaS,Medium,5,4,2,8,22,4.6,18.4,Intermediate,Low,5814.05,282364.0,Medium
project_07191,EdTech,High,11,9,2,18,28,7.7,67.8,Advanced,High,52760.08,2720105.79,High
project_07192,Cloud System,Low,3,2,2,4,15,2.3,5.5,Basic,Low,1127.26,44947.33,Low
project_07193,SaaS,Medium,6,4,2,8,19,5.0,24.0,Intermediate,High,9120.55,429809.44,High
project_07194,FinTech,High,9,9,2,18,22,7.8,56.2,Advanced,High,42026.99,2503883.52,High
project_07195,Cloud System,Low,3,3,2,6,11,3.3,7.9,Basic,Low,1527.87,59562.22,Low
project_07196,Cloud System,Medium,5,6,2,12,18,5.1,20.4,Intermediate,Low,8505.31,368101.59,Medium
project_07197,Cloud System,High,8,9,2,18,30,7.9,50.6,Advanced,Medium,35005.43,1668366.83,High
project_07198,SaaS,Low,3,4,2,8,12,3.4,8.2,Basic,Low,2071.06,79006.26,Low
project_07199,EdTech,Medium,5,4,2,8,21,4.2,16.8,Intermediate,Low,6260.36,303118.06,Medium
project_07200,EdTech,High,10,12,2,24,20,7.2,57.6,Intermediate,High,50920.96,2875584.95,High
project_07201,FinTech,Low,3,3,2,6,13,3.2,7.7,Basic,Medium,1687.45,58643.41,Low
project_07202,SaaS,Medium,8,4,2,8,19,4.4,28.2,Intermediate,Low,8842.53,375008.81,Medium
project_07203,Cloud System,High,8,7,2,14,29,8.0,51.2,Intermediate,High,24994.51,1457922.42,High
project_07204,E-commerce,Low,5,4,2,8,15,2.1,8.4,Basic,Low,3464.0,118078.61,Low
project_07205,IoT,Medium,8,6,2,12,15,4.2,26.9,Intermediate,Medium,14821.14,694276.01,Medium
project_07206,Healthcare,High,12,7,2,14,24,5.2,49.9,Advanced,High,43055.73,2288767.31,High
project_07207,IoT,Low,5,3,2,6,11,2.4,9.6,Basic,Medium,2838.98,89849.82,Low
project_07208,AI Platform,Medium,5,7,2,14,21,4.5,18.0,Intermediate,Low,10470.48,473531.98,Medium
project_07209,EdTech,High,12,11,2,22,20,5.3,50.9,Advanced,High,68019.49,3846167.53,High
project_07210,AI Platform,Low,5,4,2,8,15,2.4,9.6,Basic,Low,3388.19,109628.07,Low
project_07211,EdTech,Medium,7,6,2,12,20,4.5,25.2,Intermediate,Medium,13436.22,558272.8,Medium
project_07212,SaaS,High,8,10,2,20,25,7.8,49.9,Advanced,Medium,38299.2,2050194.21,High
project_07213,SaaS,Low,3,3,2,6,15,2.1,5.0,Basic,Low,1570.76,59208.62,Low
project_07214,EdTech,Medium,5,4,2,8,17,5.7,22.8,Intermediate,Medium,6386.06,306595.08,Medium
project_07215,Cloud System,High,9,9,2,18,21,7.6,54.7,Advanced,High,40101.16,2148439.66,High
project_07216,IoT,Low,4,4,2,8,10,3.8,12.2,Basic,Low,2642.91,109293.37,Low
project_07217,FinTech,Medium,7,7,2,14,17,5.9,33.0,Intermediate,Medium,15122.77,778941.44,Medium
project_07218,AI Platform,High,10,12,2,24,24,5.3,42.4,Advanced,High,62088.49,3442477.83,High
project_07219,FinTech,Low,5,2,2,4,11,3.2,12.8,Basic,Low,1701.81,62375.16,Low
project_07220,E-commerce,Medium,7,8,2,16,17,5.9,33.0,Basic,Medium,14269.08,594709.97,Medium
project_07221,Cloud System,High,9,7,2,14,24,7.9,56.9,Advanced,Medium,28819.24,1674339.41,High
project_07222,EdTech,Low,4,3,2,6,11,2.3,7.4,Basic,Low,1995.61,68261.73,Low
project_07223,FinTech,Medium,8,8,2,16,16,4.3,27.5,Intermediate,Low,17720.13,698910.65,Medium
project_07224,EdTech,High,10,10,2,20,30,6.7,53.6,Advanced,Medium,43692.72,2434216.62,High
project_07225,FinTech,Low,5,4,2,8,11,3.5,14.0,Basic,Low,3483.74,107216.93,Low
project_07226,AI Platform,Medium,8,5,2,10,18,4.6,29.4,Intermediate,High,14709.69,730104.92,High
project_07227,FinTech,High,10,11,2,22,22,5.1,40.8,Advanced,High,57751.71,3196806.24,High
project_07228,SaaS,Low,3,4,2,8,14,3.9,9.4,Basic,Medium,2330.81,82612.55,Low
project_07229,AI Platform,Medium,8,6,2,12,18,4.5,28.8,Intermediate,Low,13056.6,653129.29,Medium
project_07230,Cloud System,High,11,7,2,14,25,6.6,58.1,Intermediate,High,34904.9,1634588.92,High
project_07231,Cloud System,Low,5,4,2,8,15,3.8,15.2,Basic,Medium,3914.48,128294.92,Low
project_07232,E-commerce,Medium,5,5,2,10,19,4.9,19.6,Intermediate,Medium,8042.5,354806.2,Medium
project_07233,AI Platform,High,10,11,2,22,25,7.9,63.2,Intermediate,Medium,42394.71,2268365.29,High
project_07234,SaaS,Low,5,2,2,4,13,3.7,14.8,Basic,Low,1874.64,66597.33,Low
project_07235,IoT,Medium,8,7,2,14,21,4.6,29.4,Intermediate,Medium,17692.6,748876.9,Medium
project_07236,IoT,High,8,6,2,12,23,6.9,44.2,Advanced,High,26920.51,1529142.89,High
project_07237,FinTech,Low,3,2,2,4,10,2.6,6.2,Basic,Low,1043.06,33612.45,Low
project_07238,EdTech,Medium,5,4,2,8,15,4.1,16.4,Intermediate,Low,5998.47,289824.64,Medium
project_07239,Healthcare,High,10,8,2,16,23,7.8,62.4,Intermediate,Medium,31802.42,1804317.05,High
project_07240,EdTech,Low,5,2,2,4,12,2.3,9.2,Basic,Low,1761.99,56125.85,Low
project_07241,FinTech,Medium,7,7,2,14,15,4.6,25.8,Basic,Low,10718.8,470091.47,Medium
project_07242,EdTech,High,9,6,2,12,21,5.7,41.0,Advanced,Medium,24437.3,1245466.53,High
project_07243,SaaS,Low,4,3,2,6,15,3.7,11.8,Basic,Medium,2464.66,91846.89,Low
project_07244,AI Platform,Medium,8,5,2,10,16,4.7,30.1,Intermediate,Medium,11833.21,591108.31,Medium
project_07245,IoT,High,10,8,2,16,24,7.0,56.0,Advanced,High,42970.18,2359164.94,High
project_07246,Cloud System,Low,3,4,2,8,15,3.6,8.6,Basic,Medium,2251.95,86692.06,Low
project_07247,EdTech,Medium,6,7,2,14,19,5.7,27.4,Basic,High,11800.91,508352.04,High
project_07248,FinTech,High,9,11,2,22,22,6.1,43.9,Advanced,Medium,44361.25,2560539.99,High
project_07249,E-commerce,Low,4,4,2,8,10,3.0,9.6,Basic,Low,2791.08,109603.94,Low
project_07250,Cloud System,Medium,6,8,2,16,15,5.9,28.3,Basic,Medium,12402.68,505347.46,Medium
project_07251,Cloud System,High,9,11,2,22,20,5.4,38.9,Advanced,High,50250.21,2847079.3,High
project_07252,E-commerce,Low,5,4,2,8,15,2.4,9.6,Basic,Low,3350.86,105140.26,Low
project_07253,AI Platform,Medium,6,6,2,12,19,4.5,21.6,Intermediate,Medium,11547.74,480853.72,Medium
project_07254,AI Platform,High,9,6,2,12,24,7.1,51.1,Advanced,Medium,26404.82,1352135.49,High
project_07255,FinTech,Low,4,2,2,4,15,2.1,6.7,Basic,Low,1397.55,47244.22,Low
project_07256,AI Platform,Medium,8,6,2,12,15,5.6,35.8,Intermediate,Medium,15204.26,674230.53,Medium
project_07257,EdTech,High,8,10,2,20,23,6.8,43.5,Advanced,High,40273.14,2109263.16,High
project_07258,AI Platform,Low,4,4,2,8,14,3.2,10.2,Basic,Medium,3094.87,116523.47,Low
project_07259,AI Platform,Medium,7,4,2,8,16,5.6,31.4,Basic,Medium,6843.28,308231.27,Medium
project_07260,EdTech,High,10,7,2,14,30,5.8,46.4,Advanced,High,36001.59,2243543.21,High
project_07261,FinTech,Low,4,3,2,6,15,3.2,10.2,Basic,Low,2211.68,79500.2,Low
project_07262,Cloud System,Medium,8,7,2,14,21,4.1,26.2,Intermediate,Medium,16627.04,680651.38,Medium
project_07263,E-commerce,High,9,6,2,12,27,7.3,52.6,Intermediate,Medium,20542.41,1157120.3,High
project_07264,Cloud System,Low,5,3,2,6,12,3.4,13.6,Basic,Low,2690.79,97062.35,Low
project_07265,FinTech,Medium,5,8,2,16,16,5.2,20.8,Intermediate,Medium,12211.35,615698.9,Medium
project_07266,EdTech,High,12,7,2,14,21,7.5,72.0,Intermediate,Medium,32871.74,1679333.9,High
project_07267,EdTech,Low,3,4,2,8,12,2.6,6.2,Basic,Low,2017.86,78182.1,Low
project_07268,Healthcare,Medium,8,5,2,10,16,5.7,36.5,Intermediate,Medium,12726.78,590332.84,Medium
project_07269,AI Platform,High,12,7,2,14,29,5.2,49.9,Intermediate,High,36423.32,1999850.76,High
project_07270,E-commerce,Low,4,4,2,8,13,2.1,6.7,Basic,Low,2715.23,96692.23,Low
project_07271,AI Platform,Medium,7,5,2,10,18,4.1,23.0,Basic,Medium,9049.61,338591.71,Medium
project_07272,FinTech,High,11,11,2,22,27,5.5,48.4,Advanced,High,61141.98,3255555.45,High
project_07273,E-commerce,Low,5,3,2,6,14,2.3,9.2,Basic,Low,2620.55,84439.61,Low
project_07274,Cloud System,Medium,5,6,2,12,17,6.0,24.0,Basic,Medium,7686.12,325044.37,Medium
project_07275,FinTech,High,8,10,2,20,23,6.8,43.5,Intermediate,Medium,28967.18,1614866.87,High
project_07276,Cloud System,Low,5,4,2,8,11,2.6,10.4,Basic,Low,3309.27,132404.63,Low
project_07277,SaaS,Medium,7,4,2,8,15,5.4,30.2,Basic,Medium,7420.84,334583.2,Medium
project_07278,IoT,High,10,8,2,16,27,7.2,57.6,Intermediate,High,34043.6,1835809.61,High
project_07279,IoT,Low,4,3,2,6,13,2.8,9.0,Basic,Medium,2262.42,79741.58,Low
project_07280,AI Platform,Medium,6,5,2,10,21,4.1,19.7,Intermediate,High,11286.27,449495.49,High
project_07281,Healthcare,High,9,7,2,14,28,5.1,36.7,Advanced,High,33270.24,1615671.7,High
project_07282,Healthcare,Low,4,4,2,8,11,2.3,7.4,Basic,Low,2558.66,94524.4,Low
project_07283,EdTech,Medium,5,7,2,14,18,4.2,16.8,Intermediate,Low,9875.66,395130.09,Medium
project_07284,SaaS,High,8,9,2,18,24,7.9,50.6,Advanced,Medium,33199.83,2020239.4,High
project_07285,Healthcare,Low,3,3,2,6,12,3.6,8.6,Basic,Low,1639.65,56192.52,Low
project_07286,IoT,Medium,8,8,2,16,20,5.1,32.6,Intermediate,Low,18142.72,848683.12,Medium
project_07287,Healthcare,High,12,9,2,18,24,6.2,59.5,Intermediate,Medium,38919.69,2313524.08,High
project_07288,Healthcare,Low,4,4,2,8,15,2.7,8.6,Basic,Low,2801.85,105422.35,Low
project_07289,Healthcare,Medium,6,5,2,10,21,4.6,22.1,Basic,Medium,7959.33,315751.63,Medium
project_07290,SaaS,High,10,12,2,24,25,8.0,64.0,Advanced,High,62582.48,3310725.46,High
project_07291,Healthcare,Low,3,4,2,8,10,2.4,5.8,Basic,Medium,2155.92,69743.24,Low
project_07292,SaaS,Medium,5,6,2,12,19,5.5,22.0,Intermediate,Medium,10026.84,422091.67,Medium
project_07293,Healthcare,High,12,7,2,14,23,7.8,74.9,Advanced,High,43914.43,2413127.35,High
project_07294,SaaS,Low,4,3,2,6,11,2.4,7.7,Basic,Low,1962.19,75398.95,Low
project_07295,Cloud System,Medium,6,6,2,12,18,5.3,25.4,Intermediate,Low,10069.49,482174.65,Medium
project_07296,EdTech,High,12,8,2,16,22,6.5,62.4,Intermediate,Medium,37542.95,2120045.82,High
project_07297,Healthcare,Low,5,4,2,8,11,2.2,8.8,Basic,Medium,3518.29,119054.76,Low
project_07298,SaaS,Medium,8,8,2,16,21,4.2,26.9,Intermediate,Low,18068.5,753932.04,Medium
project_07299,AI Platform,High,12,9,2,18,25,6.9,66.2,Advanced,High,54772.58,2930632.67,High
project_07300,IoT,Low,4,2,2,4,12,2.8,9.0,Basic,Medium,1497.46,48122.21,Low
project_07301,IoT,Medium,8,5,2,10,22,4.9,31.4,Basic,Medium,10048.2,487152.42,Medium
project_07302,SaaS,High,12,11,2,22,22,5.9,56.6,Advanced,High,66944.25,4016209.24,High
project_07303,FinTech,Low,5,2,2,4,15,2.7,10.8,Basic,Low,1822.56,65617.56,Low
project_07304,Cloud System,Medium,6,6,2,12,21,5.4,25.9,Intermediate,Medium,11419.43,544580.77,Medium
project_07305,E-commerce,High,8,9,2,18,27,7.1,45.4,Advanced,High,38255.59,1948466.68,High
project_07306,EdTech,Low,4,2,2,4,13,3.7,11.8,Basic,Low,1403.99,52228.03,Low
project_07307,IoT,Medium,5,6,2,12,17,5.3,21.2,Intermediate,Medium,10019.18,407854.48,Medium
project_07308,Healthcare,High,9,10,2,20,24,7.7,55.4,Intermediate,High,38726.15,2126252.82,High
project_07309,Healthcare,Low,4,3,2,6,10,2.7,8.6,Basic,Medium,2229.74,72332.83,Low
project_07310,SaaS,Medium,5,6,2,12,20,5.4,21.6,Basic,High,9187.87,438057.03,High
project_07311,Cloud System,High,9,10,2,20,24,5.2,37.4,Advanced,Medium,39745.45,2152149.19,High
project_07312,Cloud System,Low,4,4,2,8,13,3.9,12.5,Basic,Medium,3088.41,111938.78,Low
project_07313,Cloud System,Medium,5,6,2,12,20,4.6,18.4,Intermediate,Low,8653.73,373269.48,Medium
project_07314,AI Platform,High,8,12,2,24,29,5.6,35.8,Advanced,High,51588.37,2660233.65,High
project_07315,Cloud System,Low,3,4,2,8,15,3.5,8.4,Basic,Low,2042.63,71652.3,Low
project_07316,EdTech,Medium,8,8,2,16,22,4.3,27.5,Intermediate,Low,17137.86,770951.72,Medium
project_07317,AI Platform,High,8,7,2,14,24,7.9,50.6,Advanced,High,29374.99,1555609.34,High
project_07318,E-commerce,Low,4,3,2,6,15,2.7,8.6,Basic,Medium,2362.37,75028.49,Low
project_07319,IoT,Medium,7,8,2,16,18,4.9,27.4,Intermediate,Medium,17124.04,777888.83,Medium
project_07320,SaaS,High,8,7,2,14,20,5.7,36.5,Advanced,High,29182.81,1506882.69,High
project_07321,FinTech,Low,3,4,2,8,15,2.4,5.8,Basic,Medium,2331.5,78067.01,Low
project_07322,FinTech,Medium,6,8,2,16,15,4.8,23.0,Intermediate,Medium,14714.51,735160.67,Medium
project_07323,IoT,High,8,8,2,16,24,6.5,41.6,Advanced,High,33316.77,1726845.64,High
project_07324,AI Platform,Low,4,3,2,6,13,3.1,9.9,Basic,Low,2073.73,77622.8,Low
project_07325,Cloud System,Medium,7,5,2,10,15,4.4,24.6,Basic,Low,8253.77,364615.91,Medium
project_07326,IoT,High,12,7,2,14,22,5.5,52.8,Advanced,High,43775.92,2608127.45,High
project_07327,Cloud System,Low,5,4,2,8,13,2.2,8.8,Basic,Low,3168.98,105693.68,Low
project_07328,FinTech,Medium,6,6,2,12,15,5.7,27.4,Basic,Medium,8980.28,384746.93,Medium
project_07329,EdTech,High,10,12,2,24,29,6.3,50.4,Advanced,Medium,51776.4,2954961.85,High
project_07330,Cloud System,Low,4,2,2,4,10,3.5,11.2,Basic,Low,1421.8,49982.23,Low
project_07331,Cloud System,Medium,5,5,2,10,19,4.9,19.6,Basic,Medium,6330.48,313561.3,Medium
project_07332,E-commerce,High,12,11,2,22,28,7.0,67.2,Intermediate,Medium,51762.86,2912356.9,High
project_07333,SaaS,Low,3,4,2,8,10,2.1,5.0,Basic,Low,1937.05,69257.23,Low
project_07334,SaaS,Medium,5,6,2,12,16,5.5,22.0,Intermediate,Low,8973.77,366493.26,Medium
project_07335,Healthcare,High,9,6,2,12,26,6.3,45.4,Advanced,High,29376.38,1445651.49,High
project_07336,FinTech,Low,3,4,2,8,11,3.0,7.2,Basic,Low,2036.45,69435.34,Low
project_07337,AI Platform,Medium,6,5,2,10,20,4.9,23.5,Intermediate,High,10473.88,496834.55,High
project_07338,E-commerce,High,9,11,2,22,26,5.8,41.8,Advanced,High,51951.35,2860133.03,High
project_07339,E-commerce,Low,3,3,2,6,15,2.3,5.5,Basic,Low,1565.34,52602.58,Low
project_07340,EdTech,Medium,5,7,2,14,20,4.7,18.8,Intermediate,Low,9747.13,422859.62,Medium
project_07341,E-commerce,High,10,9,2,18,22,5.4,43.2,Advanced,Medium,40868.24,2154375.19,High
project_07342,E-commerce,Low,4,3,2,6,12,3.2,10.2,Basic,Low,2067.76,64198.33,Low
project_07343,FinTech,Medium,8,5,2,10,20,5.5,35.2,Basic,Medium,10544.91,495361.49,Medium
project_07344,FinTech,High,11,8,2,16,29,7.0,61.6,Advanced,High,47267.79,2661204.01,High
project_07345,SaaS,Low,4,2,2,4,14,2.2,7.0,Basic,Low,1335.3,52943.71,Low
project_07346,SaaS,Medium,6,5,2,10,19,4.3,20.6,Intermediate,Low,8960.07,398708.23,Medium
project_07347,EdTech,High,8,12,2,24,22,7.7,49.3,Intermediate,High,41983.63,2393370.75,High
project_07348,E-commerce,Low,3,2,2,4,10,3.2,7.7,Basic,Low,1129.72,36072.61,Low
project_07349,SaaS,Medium,7,7,2,14,19,5.6,31.4,Intermediate,Medium,16033.7,700482.93,Medium
project_07350,EdTech,High,8,6,2,12,25,7.7,49.3,Advanced,High,27314.9,1501194.83,High
project_07351,Cloud System,Low,4,3,2,6,13,2.9,9.3,Basic,Low,2169.74,77233.99,Low
project_07352,IoT,Medium,7,6,2,12,20,4.7,26.3,Basic,Medium,10445.84,431540.49,Medium
project_07353,AI Platform,High,10,6,2,12,26,6.5,52.0,Advanced,High,30787.96,1800116.46,High
project_07354,AI Platform,Low,4,3,2,6,15,2.9,9.3,Basic,Low,2190.82,67819.64,Low
project_07355,FinTech,Medium,8,4,2,8,18,4.0,25.6,Basic,Low,7019.7,324940.49,Medium
project_07356,FinTech,High,10,8,2,16,21,7.8,62.4,Advanced,High,41922.36,2149734.85,High
project_07357,FinTech,Low,4,2,2,4,12,2.6,8.3,Basic,Low,1423.89,53544.69,Low
project_07358,Healthcare,Medium,5,5,2,10,18,4.9,19.6,Basic,Low,6098.34,294206.31,Medium
project_07359,EdTech,High,9,10,2,20,22,5.5,39.6,Advanced,High,44603.91,2474540.45,High
project_07360,Cloud System,Low,3,3,2,6,12,2.7,6.5,Basic,Low,1556.49,53626.84,Low
project_07361,SaaS,Medium,8,4,2,8,19,5.9,37.8,Intermediate,Medium,10708.35,422851.99,Medium
project_07362,EdTech,High,12,6,2,12,22,5.7,54.7,Advanced,High,38462.89,1842007.67,High
project_07363,FinTech,Low,3,3,2,6,14,4.0,9.6,Basic,Medium,1797.28,68650.52,Low
project_07364,FinTech,Medium,8,4,2,8,16,6.0,38.4,Intermediate,High,11764.37,495640.42,High
project_07365,AI Platform,High,9,9,2,18,25,5.3,38.2,Advanced,High,41553.89,2244527.59,High
project_07366,IoT,Low,5,3,2,6,10,3.3,13.2,Basic,Medium,2785.64,84782.3,Low
project_07367,FinTech,Medium,6,7,2,14,15,4.3,20.6,Intermediate,Medium,12365.29,575423.46,Medium
project_07368,AI Platform,High,8,11,2,22,21,5.5,35.2,Intermediate,High,36928.15,1853261.46,High
project_07369,EdTech,Low,3,2,2,4,10,2.6,6.2,Basic,Low,1050.19,41426.56,Low
project_07370,IoT,Medium,6,7,2,14,17,5.5,26.4,Intermediate,High,14582.26,578256.05,High
project_07371,AI Platform,High,10,7,2,14,20,6.2,49.6,Intermediate,High,29796.17,1543925.66,High
project_07372,EdTech,Low,3,3,2,6,15,2.4,5.8,Basic,Low,1565.95,57523.71,Low
project_07373,FinTech,Medium,5,8,2,16,16,5.9,23.6,Intermediate,High,13807.24,657340.17,High
project_07374,E-commerce,High,11,6,2,12,21,6.0,52.8,Intermediate,High,28848.9,1654965.89,High
project_07375,FinTech,Low,4,2,2,4,13,2.5,8.0,Basic,Low,1380.76,41864.53,Low
project_07376,IoT,Medium,6,7,2,14,22,4.2,20.2,Intermediate,Medium,13489.17,590506.55,Medium
project_07377,AI Platform,High,12,8,2,16,30,7.8,74.9,Advanced,High,52374.41,2697285.69,High
project_07378,IoT,Low,3,2,2,4,15,2.8,6.7,Basic,Low,1166.16,36785.13,Low
project_07379,Healthcare,Medium,6,7,2,14,18,5.8,27.8,Basic,High,12508.31,465877.56,High
project_07380,FinTech,High,9,8,2,16,23,5.9,42.5,Advanced,High,37682.89,2003026.27,High
project_07381,AI Platform,Low,3,4,2,8,15,3.5,8.4,Basic,Medium,2260.49,86181.08,Low
project_07382,AI Platform,Medium,6,4,2,8,18,4.8,23.0,Basic,Low,5787.37,234121.4,Medium
project_07383,Healthcare,High,8,8,2,16,23,7.9,50.6,Intermediate,High,28018.57,1518311.97,High
project_07384,AI Platform,Low,3,2,2,4,11,2.7,6.5,Basic,Low,1061.38,39269.09,Low
project_07385,Healthcare,Medium,6,5,2,10,18,4.0,19.2,Intermediate,Medium,9703.24,450049.3,Medium
project_07386,Cloud System,High,8,11,2,22,28,6.8,43.5,Advanced,Medium,42124.42,2375223.89,High
project_07387,EdTech,Low,4,4,2,8,15,3.9,12.5,Basic,Medium,3103.39,114790.97,Low
project_07388,Cloud System,Medium,6,8,2,16,22,5.0,24.0,Intermediate,High,17494.09,799989.39,High
project_07389,EdTech,High,10,10,2,20,22,7.5,60.0,Advanced,Medium,46423.78,2333500.17,High
project_07390,EdTech,Low,5,2,2,4,15,2.4,9.6,Basic,Low,1704.51,68564.51,Low
project_07391,SaaS,Medium,6,4,2,8,19,5.4,25.9,Intermediate,Low,6928.32,310715.95,Medium
project_07392,E-commerce,High,12,9,2,18,30,5.3,50.9,Intermediate,High,47290.92,2722065.5,High
project_07393,IoT,Low,3,4,2,8,10,3.7,8.9,Basic,Low,1996.04,71556.31,Low
project_07394,E-commerce,Medium,7,4,2,8,20,5.7,31.9,Basic,Medium,7580.16,306573.93,Medium
project_07395,E-commerce,High,12,11,2,22,26,7.3,70.1,Advanced,Medium,59243.26,3464169.99,High
project_07396,FinTech,Low,4,4,2,8,10,2.7,8.6,Basic,Low,2693.95,90468.95,Low
project_07397,E-commerce,Medium,5,8,2,16,19,5.9,23.6,Intermediate,Medium,12133.79,492433.77,Medium
project_07398,Cloud System,High,11,8,2,16,29,5.5,48.4,Intermediate,High,36158.29,2190039.64,High
project_07399,EdTech,Low,5,2,2,4,10,2.7,10.8,Basic,Low,1654.35,56316.49,Low
project_07400,FinTech,Medium,8,4,2,8,21,4.1,26.2,Basic,Medium,7994.71,380744.15,Medium
project_07401,AI Platform,High,8,10,2,20,24,8.0,51.2,Intermediate,High,35767.98,1849347.86,High
project_07402,EdTech,Low,4,4,2,8,12,2.5,8.0,Basic,Medium,2939.3,109092.95,Low
project_07403,EdTech,Medium,7,4,2,8,15,4.4,24.6,Intermediate,Low,7739.01,319687.86,Medium
project_07404,IoT,High,9,8,2,16,29,8.0,57.6,Intermediate,High,32382.45,1645883.97,High
project_07405,E-commerce,Low,4,3,2,6,12,3.4,10.9,Basic,Medium,2385.0,71609.43,Low
project_07406,Cloud System,Medium,7,6,2,12,22,5.3,29.7,Basic,Medium,10797.94,433460.27,Medium
project_07407,FinTech,High,8,12,2,24,30,6.8,43.5,Intermediate,High,43439.3,2279450.93,High
project_07408,EdTech,Low,3,3,2,6,10,2.6,6.2,Basic,Low,1582.08,55335.67,Low
project_07409,SaaS,Medium,6,7,2,14,21,4.5,21.6,Intermediate,Low,11756.19,558710.19,Medium
project_07410,SaaS,High,10,11,2,22,20,6.7,53.6,Advanced,Medium,47406.77,2558147.86,High
project_07411,FinTech,Low,3,3,2,6,10,3.9,9.4,Basic,Low,1603.14,49582.31,Low
project_07412,SaaS,Medium,7,5,2,10,15,4.5,25.2,Intermediate,Medium,11153.34,467562.27,Medium
project_07413,FinTech,High,9,11,2,22,28,5.8,41.8,Intermediate,High,42646.66,2184719.59,High
project_07414,Healthcare,Low,5,3,2,6,12,2.8,11.2,Basic,Low,2416.2,94196.21,Low
project_07415,SaaS,Medium,8,6,2,12,15,4.6,29.4,Intermediate,Low,13007.5,564506.18,Medium
project_07416,EdTech,High,11,9,2,18,29,5.9,51.9,Advanced,High,52621.71,3126490.93,High
project_07417,AI Platform,Low,4,4,2,8,10,2.2,7.0,Basic,Low,2734.65,85160.6,Low
project_07418,IoT,Medium,8,7,2,14,15,4.4,28.2,Basic,High,15471.14,711456.38,High
project_07419,Cloud System,High,9,10,2,20,22,7.2,51.8,Advanced,High,44738.84,2607414.83,High
project_07420,AI Platform,Low,5,4,2,8,13,3.0,12.0,Basic,Low,3519.2,108848.05,Low
project_07421,FinTech,Medium,6,8,2,16,18,4.1,19.7,Basic,Medium,11762.55,494196.68,Medium
project_07422,IoT,High,12,7,2,14,30,6.4,61.4,Advanced,Medium,39482.28,2071728.68,High
project_07423,Healthcare,Low,3,4,2,8,15,3.6,8.6,Basic,Low,2231.29,77599.67,Low
project_07424,Cloud System,Medium,7,5,2,10,17,5.7,31.9,Intermediate,Low,9701.32,465469.7,Medium
project_07425,E-commerce,High,8,7,2,14,26,6.4,41.0,Intermediate,High,25750.29,1387829.78,High
project_07426,Healthcare,Low,3,4,2,8,12,2.2,5.3,Basic,Low,2005.91,76787.53,Low
project_07427,FinTech,Medium,6,4,2,8,22,4.5,21.6,Basic,Low,5661.41,223462.92,Medium
project_07428,AI Platform,High,9,6,2,12,27,7.2,51.8,Intermediate,High,23300.23,1312480.94,High
project_07429,FinTech,Low,5,3,2,6,10,2.9,11.6,Basic,Low,2622.09,81826.86,Low
project_07430,AI Platform,Medium,6,7,2,14,15,4.9,23.5,Intermediate,Medium,13166.55,609009.21,Medium
project_07431,AI Platform,High,10,8,2,16,20,5.5,44.0,Intermediate,High,32856.94,1937554.62,High
project_07432,AI Platform,Low,4,3,2,6,14,2.4,7.7,Basic,Medium,2250.87,73131.57,Low
project_07433,SaaS,Medium,7,8,2,16,17,5.2,29.1,Intermediate,Medium,16768.24,762007.01,Medium
project_07434,E-commerce,High,9,12,2,24,23,6.8,49.0,Advanced,Medium,49531.38,2477348.48,High
project_07435,IoT,Low,4,2,2,4,15,3.1,9.9,Basic,Medium,1649.24,61958.86,Low
project_07436,SaaS,Medium,5,8,2,16,20,5.0,20.0,Intermediate,Low,11657.6,559920.49,Medium
project_07437,Cloud System,High,9,9,2,18,23,5.0,36.0,Advanced,High,39554.66,2268307.66,High
project_07438,E-commerce,Low,5,2,2,4,13,3.5,14.0,Basic,Low,1711.09,71325.3,Low
project_07439,E-commerce,Medium,7,5,2,10,20,4.6,25.8,Intermediate,Medium,11225.51,486407.18,Medium
project_07440,FinTech,High,11,9,2,18,29,5.2,45.8,Advanced,Medium,45384.09,2731047.36,High
project_07441,SaaS,Low,5,3,2,6,14,2.9,11.6,Basic,Medium,2857.17,84748.82,Low
project_07442,AI Platform,Medium,6,8,2,16,20,4.3,20.6,Intermediate,Low,13622.9,605314.31,Medium
project_07443,EdTech,High,12,6,2,12,23,7.2,69.1,Advanced,High,36228.21,2150912.09,High
project_07444,EdTech,Low,5,2,2,4,10,2.8,11.2,Basic,Medium,1974.84,63864.29,Low
project_07445,Healthcare,Medium,6,6,2,12,20,4.3,20.6,Intermediate,Low,9834.42,478454.78,Medium
project_07446,FinTech,High,8,6,2,12,27,5.8,37.1,Advanced,Medium,22431.58,1158791.89,High
project_07447,AI Platform,Low,3,2,2,4,11,2.9,7.0,Basic,Low,1103.6,37931.38,Low
project_07448,AI Platform,Medium,5,4,2,8,16,4.7,18.8,Intermediate,High,7228.15,373164.35,High
project_07449,SaaS,High,10,8,2,16,22,7.2,57.6,Advanced,Medium,38133.78,2128277.87,High
project_07450,Cloud System,Low,4,2,2,4,10,3.3,10.6,Basic,Medium,1603.82,51931.92,Low
project_07451,E-commerce,Medium,6,5,2,10,18,5.3,25.4,Basic,Low,7313.54,322475.31,Medium
project_07452,Healthcare,High,11,12,2,24,26,8.0,70.4,Intermediate,High,54321.35,2949707.5,High
project_07453,E-commerce,Low,5,4,2,8,13,2.1,8.4,Basic,Medium,3535.92,141472.93,Low
project_07454,AI Platform,Medium,7,6,2,12,21,4.2,23.5,Intermediate,Low,11443.46,524649.2,Medium
project_07455,SaaS,High,11,10,2,20,21,6.1,53.7,Advanced,High,58315.83,2823498.16,High
project_07456,Cloud System,Low,5,2,2,4,12,2.9,11.6,Basic,Low,1725.01,67025.96,Low
project_07457,Healthcare,Medium,8,4,2,8,22,4.0,25.6,Intermediate,Medium,10554.58,485957.09,Medium
project_07458,Cloud System,High,12,7,2,14,30,5.7,54.7,Intermediate,Medium,31857.42,1669687.36,High
project_07459,Healthcare,Low,5,3,2,6,11,3.1,12.4,Basic,Medium,2747.64,90444.3,Low
project_07460,AI Platform,Medium,8,4,2,8,20,5.2,33.3,Intermediate,High,11329.07,491292.46,High
project_07461,IoT,High,8,6,2,12,23,6.6,42.2,Advanced,High,26153.06,1466336.31,High
project_07462,SaaS,Low,5,2,2,4,15,2.9,11.6,Basic,Low,1734.85,54916.83,Low
project_07463,IoT,Medium,8,7,2,14,20,4.9,31.4,Intermediate,Medium,17641.29,776533.4,Medium
project_07464,FinTech,High,10,11,2,22,28,7.6,60.8,Advanced,High,56658.18,2952301.61,High
project_07465,Cloud System,Low,4,3,2,6,12,2.5,8.0,Basic,Low,2094.54,63419.73,Low
project_07466,IoT,Medium,7,7,2,14,17,5.2,29.1,Basic,Medium,12537.1,602800.51,Medium
project_07467,FinTech,High,9,9,2,18,21,7.3,52.6,Intermediate,Medium,32077.01,1577041.15,High
project_07468,IoT,Low,4,4,2,8,10,3.5,11.2,Basic,Low,2731.13,98474.48,Low
project_07469,FinTech,Medium,6,5,2,10,16,5.6,26.9,Intermediate,Low,8925.92,344501.94,Medium
project_07470,AI Platform,High,9,11,2,22,23,7.7,55.4,Advanced,Medium,44807.72,2436692.05,High
project_07471,E-commerce,Low,3,2,2,4,13,3.9,9.4,Basic,Low,1217.71,37556.96,Low
project_07472,E-commerce,Medium,8,4,2,8,20,5.2,33.3,Intermediate,Medium,10423.84,432313.12,Medium
project_07473,Healthcare,High,8,8,2,16,25,6.5,41.6,Intermediate,High,26720.9,1381676.7,High
project_07474,AI Platform,Low,5,3,2,6,12,2.4,9.6,Basic,Low,2440.07,95660.33,Low
project_07475,EdTech,Medium,7,8,2,16,21,5.6,31.4,Intermediate,Medium,17228.69,846617.0,Medium
project_07476,SaaS,High,11,12,2,24,24,5.9,51.9,Intermediate,Medium,48382.41,2780211.87,High
project_07477,Healthcare,Low,3,4,2,8,13,2.0,4.8,Basic,Low,1937.36,80346.23,Low
project_07478,SaaS,Medium,7,7,2,14,15,5.7,31.9,Basic,High,13395.29,684827.74,High
project_07479,FinTech,High,8,10,2,20,21,6.5,41.6,Advanced,High,40316.71,2227498.16,High
project_07480,E-commerce,Low,5,2,2,4,13,3.6,14.4,Basic,Medium,1956.54,65313.8,Low
project_07481,IoT,Medium,5,4,2,8,20,5.2,20.8,Intermediate,Low,6054.73,276842.28,Medium
project_07482,EdTech,High,12,9,2,18,23,7.9,75.8,Advanced,High,55704.09,3073117.7,High
project_07483,IoT,Low,3,3,2,6,14,3.0,7.2,Basic,Low,1653.81,64250.07,Low
project_07484,Healthcare,Medium,5,4,2,8,18,5.1,20.4,Basic,Low,4600.89,221187.32,Medium
project_07485,FinTech,High,8,7,2,14,20,6.4,41.0,Intermediate,High,25490.1,1270156.91,High
project_07486,EdTech,Low,3,2,2,4,15,3.1,7.4,Basic,Low,1190.84,38545.54,Low
project_07487,E-commerce,Medium,6,5,2,10,16,4.7,22.6,Intermediate,Medium,9475.91,399977.83,Medium
project_07488,Cloud System,High,12,6,2,12,26,7.1,68.2,Advanced,High,38416.51,2248879.84,High
project_07489,SaaS,Low,4,3,2,6,11,2.5,8.0,Basic,Low,2107.39,66143.91,Low
project_07490,FinTech,Medium,6,6,2,12,20,4.9,23.5,Basic,Medium,8775.7,377123.57,Medium
project_07491,EdTech,High,12,9,2,18,23,6.7,64.3,Advanced,High,56533.93,3119706.98,High
project_07492,AI Platform,Low,4,4,2,8,13,2.1,6.7,Basic,Medium,2924.26,90422.87,Low
project_07493,AI Platform,Medium,5,8,2,16,16,5.7,22.8,Intermediate,Medium,13110.07,589356.89,Medium
project_07494,Cloud System,High,10,8,2,16,30,6.1,48.8,Advanced,High,39893.34,2550475.44,High
project_07495,E-commerce,Low,4,2,2,4,14,2.4,7.7,Basic,Low,1412.6,47305.64,Low
project_07496,IoT,Medium,6,7,2,14,20,4.4,21.1,Intermediate,Medium,13662.06,544183.19,Medium
project_07497,SaaS,High,8,11,2,22,24,6.3,40.3,Advanced,Medium,38012.39,2383723.63,High
project_07498,Cloud System,Low,3,2,2,4,12,2.3,5.5,Basic,Low,1092.0,35494.21,Low
project_07499,E-commerce,Medium,7,8,2,16,20,4.2,23.5,Intermediate,High,18990.39,918671.44,High
project_07500,SaaS,High,12,12,2,24,20,5.4,51.8,Intermediate,High,59846.45,3360533.13,High
project_07501,AI Platform,Low,4,2,2,4,15,3.9,12.5,Basic,Low,1494.62,54015.52,Low
project_07502,SaaS,Medium,8,7,2,14,21,5.5,35.2,Intermediate,Medium,17101.58,797599.02,Medium
project_07503,FinTech,High,12,11,2,22,26,7.3,70.1,Advanced,Medium,59302.17,3260698.16,High
project_07504,E-commerce,Low,3,4,2,8,12,2.2,5.3,Basic,Medium,2252.19,86410.72,Low
project_07505,Cloud System,Medium,7,8,2,16,19,5.1,28.6,Basic,Low,12074.06,532355.88,Medium
project_07506,EdTech,High,12,7,2,14,29,6.9,66.2,Advanced,Medium,37569.95,2138796.97,High
project_07507,Healthcare,Low,5,4,2,8,12,2.5,10.0,Basic,Low,3455.16,129787.01,Low
project_07508,Healthcare,Medium,7,8,2,16,16,4.5,25.2,Intermediate,Low,15976.88,765175.52,Medium
project_07509,EdTech,High,9,9,2,18,26,5.6,40.3,Advanced,High,42192.85,2076521.4,High
project_07510,AI Platform,Low,5,3,2,6,15,2.8,11.2,Basic,Medium,2700.81,97614.77,Low
project_07511,EdTech,Medium,7,7,2,14,19,5.1,28.6,Intermediate,Medium,14560.65,711523.08,Medium
project_07512,Cloud System,High,9,7,2,14,27,5.3,38.2,Advanced,High,33033.95,1798355.47,High
project_07513,IoT,Low,5,4,2,8,14,2.1,8.4,Basic,Low,3235.28,118883.58,Low
project_07514,IoT,Medium,5,8,2,16,21,5.0,20.0,Intermediate,Medium,13212.94,594647.01,Medium
project_07515,EdTech,High,10,6,2,12,28,7.2,57.6,Advanced,High,32594.69,1889570.36,High
project_07516,Cloud System,Low,5,4,2,8,10,3.6,14.4,Basic,Medium,3503.2,112858.07,Low
project_07517,IoT,Medium,7,6,2,12,15,5.6,31.4,Intermediate,Low,11389.66,491468.0,Medium
project_07518,Healthcare,High,11,12,2,24,23,7.6,66.9,Advanced,High,67405.94,4045826.26,High
project_07519,E-commerce,Low,5,4,2,8,11,3.9,15.6,Basic,Medium,3871.67,128528.64,Low
project_07520,Cloud System,Medium,7,8,2,16,19,4.5,25.2,Basic,High,16236.26,681574.93,High
project_07521,SaaS,High,12,6,2,12,21,7.7,73.9,Intermediate,High,32326.34,1798667.55,High
project_07522,SaaS,Low,3,2,2,4,12,2.1,5.0,Basic,Low,1057.58,30481.74,Low
project_07523,AI Platform,Medium,8,8,2,16,19,4.3,27.5,Intermediate,Medium,20270.41,801119.31,Medium
project_07524,FinTech,High,9,7,2,14,23,6.1,43.9,Intermediate,High,26337.92,1477402.38,High
project_07525,FinTech,Low,5,3,2,6,14,3.0,12.0,Basic,Low,2535.88,83717.51,Low
project_07526,Healthcare,Medium,7,8,2,16,22,5.4,30.2,Intermediate,Low,16274.6,772487.96,Medium
project_07527,E-commerce,High,8,7,2,14,27,5.0,32.0,Intermediate,High,25072.52,1498368.86,High
project_07528,Healthcare,Low,5,2,2,4,13,3.5,14.0,Basic,Low,1797.35,69007.05,Low
project_07529,Cloud System,Medium,6,5,2,10,19,5.0,24.0,Intermediate,High,10847.42,441189.4,High
project_07530,E-commerce,High,11,6,2,12,29,6.1,53.7,Intermediate,Medium,25535.97,1352167.26,High
project_07531,Cloud System,Low,3,4,2,8,12,2.7,6.5,Basic,Low,2038.17,73051.13,Low
project_07532,SaaS,Medium,7,5,2,10,15,4.5,25.2,Intermediate,Medium,10403.8,495782.44,Medium
project_07533,SaaS,High,8,12,2,24,20,6.9,44.2,Advanced,Medium,43422.34,2239883.85,High
project_07534,IoT,Low,3,2,2,4,14,2.4,5.8,Basic,Medium,1157.87,42208.9,Low
project_07535,Cloud System,Medium,6,8,2,16,19,5.9,28.3,Basic,High,13900.81,680517.77,High
project_07536,IoT,High,12,6,2,12,30,6.6,63.4,Advanced,High,37297.5,2147080.03,High
project_07537,Healthcare,Low,3,3,2,6,10,2.0,4.8,Basic,Low,1594.38,48958.32,Low
project_07538,IoT,Medium,6,7,2,14,20,4.0,19.2,Intermediate,Medium,12756.83,552809.16,Medium
project_07539,FinTech,High,12,6,2,12,26,6.7,64.3,Intermediate,High,32238.38,1637131.33,High
project_07540,Healthcare,Low,4,3,2,6,11,3.0,9.6,Basic,Medium,2270.91,70727.81,Low
project_07541,Cloud System,Medium,5,7,2,14,16,4.5,18.0,Intermediate,Low,9981.83,487427.46,Medium
project_07542,AI Platform,High,9,11,2,22,23,6.0,43.2,Advanced,Medium,46632.9,2459884.19,High
project_07543,FinTech,Low,4,2,2,4,12,2.1,6.7,Basic,Low,1366.8,53477.34,Low
project_07544,Cloud System,Medium,5,5,2,10,19,4.1,16.4,Intermediate,High,8751.88,440902.9,High
project_07545,SaaS,High,8,12,2,24,27,7.6,48.6,Advanced,Medium,42505.81,2314987.37,High
project_07546,SaaS,Low,3,3,2,6,12,2.7,6.5,Basic,Medium,1668.96,61197.26,Low
project_07547,FinTech,Medium,6,6,2,12,15,5.1,24.5,Intermediate,Medium,11550.9,507173.33,Medium
project_07548,Healthcare,High,12,12,2,24,21,7.7,73.9,Intermediate,Medium,51550.0,2745226.72,High
project_07549,IoT,Low,4,3,2,6,10,3.1,9.9,Basic,Low,2040.62,62763.31,Low
project_07550,Healthcare,Medium,8,8,2,16,22,4.7,30.1,Basic,Low,13926.08,618135.87,Medium
project_07551,FinTech,High,8,10,2,20,26,7.9,50.6,Advanced,Medium,37095.31,2129282.89,High
project_07552,Healthcare,Low,4,3,2,6,11,3.7,11.8,Basic,Medium,2238.66,88707.61,Low
project_07553,Cloud System,Medium,7,8,2,16,19,5.7,31.9,Intermediate,Low,15256.39,692701.02,Medium
project_07554,AI Platform,High,11,10,2,20,28,6.0,52.8,Intermediate,Medium,40827.64,2421289.02,High
project_07555,SaaS,Low,5,2,2,4,14,4.0,16.0,Basic,Low,1774.38,57964.16,Low
project_07556,IoT,Medium,5,8,2,16,15,4.9,19.6,Basic,Medium,10178.64,422724.01,Medium
project_07557,Cloud System,High,12,9,2,18,30,6.6,63.4,Advanced,High,53155.62,3075108.64,High
project_07558,Cloud System,Low,5,4,2,8,11,2.2,8.8,Basic,Low,3374.3,136957.37,Low
project_07559,IoT,Medium,7,6,2,12,15,4.5,25.2,Intermediate,Medium,12696.63,571620.28,Medium
project_07560,Healthcare,High,9,11,2,22,25,5.6,40.3,Advanced,High,50456.67,2789640.7,High
project_07561,Cloud System,Low,4,2,2,4,11,2.5,8.0,Basic,Medium,1471.6,49182.56,Low
project_07562,IoT,Medium,8,6,2,12,20,4.4,28.2,Intermediate,Low,14126.51,622563.97,Medium
project_07563,Healthcare,High,10,10,2,20,24,7.0,56.0,Advanced,High,53129.6,2714867.74,High
project_07564,IoT,Low,3,2,2,4,11,2.6,6.2,Basic,Low,1068.62,33941.76,Low
project_07565,FinTech,Medium,8,7,2,14,17,5.9,37.8,Intermediate,Low,15175.04,688282.47,Medium
project_07566,IoT,High,8,9,2,18,26,6.1,39.0,Advanced,Medium,32254.75,1690518.43,High
project_07567,IoT,Low,5,2,2,4,11,2.5,10.0,Basic,Low,1667.57,54853.61,Low
project_07568,AI Platform,Medium,8,8,2,16,20,5.0,32.0,Basic,Medium,15566.01,655327.91,Medium
project_07569,AI Platform,High,9,7,2,14,29,5.4,38.9,Intermediate,High,28709.11,1327247.83,High
project_07570,Cloud System,Low,3,3,2,6,15,2.5,6.0,Basic,Low,1618.23,56584.83,Low
project_07571,Cloud System,Medium,6,7,2,14,18,5.6,26.9,Basic,Low,9742.49,455805.61,Medium
project_07572,Cloud System,High,10,9,2,18,20,5.2,41.6,Intermediate,High,36434.1,2288511.44,High
project_07573,E-commerce,Low,4,4,2,8,11,2.3,7.4,Basic,Medium,3034.42,99652.96,Low
project_07574,Cloud System,Medium,6,6,2,12,15,4.8,23.0,Intermediate,Low,9776.83,467423.25,Medium
project_07575,Cloud System,High,12,9,2,18,26,6.5,62.4,Advanced,High,55758.04,2734203.02,High
project_07576,EdTech,Low,3,4,2,8,13,3.6,8.6,Basic,Low,2195.96,77192.52,Low
project_07577,EdTech,Medium,7,4,2,8,18,4.6,25.8,Intermediate,Low,7972.39,377713.7,Medium
project_07578,EdTech,High,9,6,2,12,29,6.6,47.5,Advanced,Medium,25692.7,1429280.47,High
project_07579,Cloud System,Low,4,2,2,4,14,2.5,8.0,Basic,Low,1476.93,46902.5,Low
project_07580,EdTech,Medium,5,5,2,10,15,4.9,19.6,Basic,Low,5620.63,248178.01,Medium
project_07581,SaaS,High,11,12,2,24,26,5.6,49.3,Intermediate,High,53242.12,3317082.31,High
project_07582,AI Platform,Low,3,3,2,6,15,2.8,6.7,Basic,Low,1556.67,51300.37,Low
project_07583,IoT,Medium,5,6,2,12,16,4.4,17.6,Intermediate,Low,8832.62,367744.27,Medium
project_07584,Cloud System,High,10,6,2,12,30,6.2,49.6,Intermediate,High,25546.4,1454631.71,High
project_07585,FinTech,Low,4,2,2,4,15,3.1,9.9,Basic,Low,1483.09,53755.23,Low
project_07586,IoT,Medium,6,7,2,14,21,5.8,27.8,Intermediate,Low,12452.18,589823.86,Medium
project_07587,Cloud System,High,9,9,2,18,29,5.3,38.2,Intermediate,High,36416.27,2012535.27,High
project_07588,SaaS,Low,3,2,2,4,13,2.4,5.8,Basic,Medium,1248.59,43054.69,Low
project_07589,Healthcare,Medium,6,5,2,10,21,5.3,25.4,Intermediate,Medium,9417.66,459598.5,Medium
project_07590,FinTech,High,12,7,2,14,25,7.9,75.8,Advanced,High,42508.46,2380318.42,High
project_07591,Cloud System,Low,5,4,2,8,11,2.3,9.2,Basic,Low,3217.28,115275.82,Low
project_07592,Healthcare,Medium,7,7,2,14,20,5.4,30.2,Intermediate,Low,13900.73,609350.67,Medium
project_07593,Cloud System,High,10,9,2,18,26,6.6,52.8,Advanced,High,44994.6,2422428.51,High
project_07594,IoT,Low,5,4,2,8,15,2.2,8.8,Basic,Medium,3808.88,146313.45,Low
project_07595,AI Platform,Medium,7,7,2,14,16,5.0,28.0,Intermediate,Medium,15489.88,675761.59,Medium
project_07596,EdTech,High,9,11,2,22,30,6.2,44.6,Advanced,Medium,44646.56,2691086.61,High
project_07597,E-commerce,Low,3,2,2,4,15,2.9,7.0,Basic,Low,1116.86,39066.2,Low
project_07598,EdTech,Medium,8,6,2,12,18,4.7,30.1,Basic,Medium,11332.68,552054.82,Medium
project_07599,SaaS,High,8,9,2,18,28,6.4,41.0,Advanced,High,39032.07,2171065.37,High
project_07600,Cloud System,Low,5,2,2,4,10,2.5,10.0,Basic,Low,1634.54,64579.7,Low
project_07601,EdTech,Medium,8,4,2,8,21,5.4,34.6,Basic,Medium,8032.81,357122.61,Medium
project_07602,EdTech,High,11,7,2,14,29,7.2,63.4,Intermediate,High,32862.57,2062181.16,High
project_07603,EdTech,Low,4,4,2,8,13,4.0,12.8,Basic,Medium,3177.05,109226.98,Low
project_07604,FinTech,Medium,6,8,2,16,16,4.9,23.5,Basic,Medium,12363.41,569393.49,Medium
project_07605,Healthcare,High,8,8,2,16,28,6.7,42.9,Advanced,High,35210.95,1930848.41,High
project_07606,FinTech,Low,4,3,2,6,11,2.9,9.3,Basic,Low,2077.47,71455.19,Low
project_07607,AI Platform,Medium,6,5,2,10,19,5.7,27.4,Basic,Medium,8080.61,387568.87,Medium
project_07608,AI Platform,High,9,11,2,22,26,7.5,54.0,Advanced,High,53426.47,3028210.72,High
project_07609,Healthcare,Low,5,4,2,8,15,3.1,12.4,Basic,Low,3269.73,128780.67,Low
project_07610,Cloud System,Medium,6,6,2,12,19,5.5,26.4,Basic,High,10543.88,417047.24,High
project_07611,FinTech,High,11,8,2,16,24,5.9,51.9,Advanced,Medium,40177.85,2400061.22,High
project_07612,IoT,Low,5,3,2,6,11,3.8,15.2,Basic,Low,2577.17,99525.62,Low
project_07613,Cloud System,Medium,7,4,2,8,18,4.9,27.4,Intermediate,Medium,9122.49,454330.08,Medium
project_07614,AI Platform,High,10,12,2,24,24,6.6,52.8,Advanced,High,62128.58,3198305.79,High
project_07615,EdTech,Low,4,3,2,6,14,3.9,12.5,Basic,Low,2072.65,62851.33,Low
project_07616,AI Platform,Medium,5,4,2,8,20,5.7,22.8,Basic,Low,4716.59,208204.29,Medium
project_07617,IoT,High,9,7,2,14,29,7.1,51.1,Advanced,Medium,29794.93,1689592.59,High
project_07618,E-commerce,Low,4,4,2,8,12,3.6,11.5,Basic,Low,2700.1,92511.22,Low
project_07619,IoT,Medium,5,6,2,12,15,4.4,17.6,Intermediate,Low,8357.46,406344.21,Medium
project_07620,SaaS,High,10,10,2,20,21,6.8,54.4,Advanced,Medium,45951.31,2584548.81,High
project_07621,FinTech,Low,5,4,2,8,14,2.1,8.4,Basic,Low,3411.73,120801.21,Low
project_07622,Cloud System,Medium,7,7,2,14,15,5.6,31.4,Intermediate,Medium,15153.43,678363.29,Medium
project_07623,AI Platform,High,8,12,2,24,22,7.5,48.0,Advanced,Medium,45304.21,2420461.15,High
project_07624,E-commerce,Low,3,4,2,8,13,2.5,6.0,Basic,Low,2030.34,70049.59,Low
project_07625,IoT,Medium,6,6,2,12,20,5.7,27.4,Intermediate,Medium,11311.03,473890.3,Medium
project_07626,E-commerce,High,10,6,2,12,20,7.0,56.0,Intermediate,Medium,24109.71,1217442.8,High
project_07627,IoT,Low,3,2,2,4,11,2.1,5.0,Basic,Low,1036.15,31951.07,Low
project_07628,IoT,Medium,7,5,2,10,20,5.5,30.8,Basic,Medium,8904.07,405011.36,Medium
project_07629,FinTech,High,12,9,2,18,24,7.1,68.2,Advanced,Medium,50714.64,2677257.25,High
project_07630,E-commerce,Low,4,2,2,4,10,2.4,7.7,Basic,Low,1375.74,45140.42,Low
project_07631,EdTech,Medium,8,6,2,12,16,5.3,33.9,Basic,Low,10609.06,512942.8,Medium
project_07632,SaaS,High,10,6,2,12,27,7.2,57.6,Advanced,High,32529.83,1925432.42,High
project_07633,EdTech,Low,3,2,2,4,15,2.7,6.5,Basic,Low,1109.41,44636.61,Low
project_07634,E-commerce,Medium,8,6,2,12,15,5.3,33.9,Intermediate,Medium,14388.51,713487.88,Medium
project_07635,Cloud System,High,9,10,2,20,26,7.6,54.7,Advanced,High,46345.45,2790618.74,High
project_07636,AI Platform,Low,5,2,2,4,13,2.8,11.2,Basic,Low,1725.52,65259.43,Low
project_07637,FinTech,Medium,8,6,2,12,20,5.0,32.0,Intermediate,Low,13188.04,603238.61,Medium
project_07638,AI Platform,High,10,12,2,24,29,6.5,52.0,Intermediate,Medium,43842.33,2431832.63,High
project_07639,E-commerce,Low,4,4,2,8,15,3.9,12.5,Basic,Low,2932.27,92333.54,Low
project_07640,Cloud System,Medium,5,7,2,14,15,5.2,20.8,Intermediate,Low,9560.78,455649.06,Medium
project_07641,FinTech,High,12,7,2,14,27,6.2,59.5,Advanced,Medium,39600.18,1865416.28,High
project_07642,FinTech,Low,3,3,2,6,10,2.2,5.3,Basic,Low,1580.39,55819.26,Low
project_07643,Healthcare,Medium,8,6,2,12,19,5.4,34.6,Intermediate,Medium,15287.75,647760.18,Medium
project_07644,Cloud System,High,11,11,2,22,20,6.1,53.7,Intermediate,High,50742.03,2765708.67,High
project_07645,Healthcare,Low,5,2,2,4,12,2.2,8.8,Basic,Low,1684.46,62678.64,Low
project_07646,SaaS,Medium,6,7,2,14,17,5.6,26.9,Basic,Low,9464.23,448245.51,Medium
project_07647,SaaS,High,12,7,2,14,20,7.1,68.2,Advanced,High,43495.92,2162387.43,High
project_07648,AI Platform,Low,5,3,2,6,12,3.8,15.2,Basic,Low,2460.71,95422.98,Low
project_07649,EdTech,Medium,6,8,2,16,20,5.8,27.8,Intermediate,Low,13872.5,629778.58,Medium
project_07650,E-commerce,High,8,12,2,24,21,6.6,42.2,Advanced,High,46996.35,2585115.87,High
project_07651,E-commerce,Low,3,3,2,6,15,2.2,5.3,Basic,Medium,1732.19,54980.48,Low
project_07652,E-commerce,Medium,5,4,2,8,19,4.3,17.2,Intermediate,Medium,6612.83,313734.71,Medium
project_07653,FinTech,High,11,7,2,14,25,6.5,57.2,Advanced,Medium,33574.36,2008423.4,High
project_07654,IoT,Low,3,4,2,8,10,3.8,9.1,Basic,Low,2133.91,84739.54,Low
project_07655,AI Platform,Medium,8,7,2,14,16,4.2,26.9,Basic,Medium,14376.37,655905.91,Medium
project_07656,EdTech,High,8,12,2,24,30,5.9,37.8,Advanced,High,50085.76,3013988.9,High
project_07657,FinTech,Low,5,3,2,6,12,4.0,16.0,Basic,Low,2615.82,87030.75,Low
project_07658,AI Platform,Medium,8,5,2,10,22,5.9,37.8,Intermediate,Medium,12901.49,605690.68,Medium
project_07659,AI Platform,High,10,7,2,14,23,5.4,43.2,Intermediate,High,29674.81,1628051.67,High
project_07660,E-commerce,Low,3,4,2,8,14,2.1,5.0,Basic,Low,1974.38,64525.03,Low
project_07661,Cloud System,Medium,7,7,2,14,18,5.2,29.1,Intermediate,Medium,15097.96,736413.26,Medium
project_07662,FinTech,High,8,11,2,22,27,5.8,37.1,Intermediate,Medium,32463.63,1908017.75,High
project_07663,SaaS,Low,4,4,2,8,15,4.0,12.8,Basic,Low,2806.36,100464.7,Low
project_07664,IoT,Medium,7,5,2,10,19,5.0,28.0,Intermediate,Medium,11411.43,550538.25,Medium
project_07665,IoT,High,11,9,2,18,30,7.7,67.8,Advanced,High,52685.45,2596913.58,High
project_07666,SaaS,Low,4,2,2,4,10,3.1,9.9,Basic,Low,1415.04,44347.64,Low
project_07667,E-commerce,Medium,6,5,2,10,21,4.4,21.1,Intermediate,Low,8353.1,377564.54,Medium
project_07668,AI Platform,High,10,11,2,22,25,5.6,44.8,Advanced,Medium,51412.11,2489718.55,High
project_07669,SaaS,Low,3,2,2,4,12,2.2,5.3,Basic,Low,1043.94,40258.58,Low
project_07670,AI Platform,Medium,8,5,2,10,17,5.5,35.2,Intermediate,Medium,12586.8,555021.84,Medium
project_07671,Healthcare,High,10,9,2,18,28,8.0,64.0,Intermediate,High,40733.66,1992562.53,High
project_07672,SaaS,Low,5,2,2,4,13,2.0,8.0,Basic,Low,1740.37,69241.49,Low
project_07673,EdTech,Medium,7,6,2,12,16,4.9,27.4,Intermediate,Medium,13658.51,551035.16,Medium
project_07674,SaaS,High,10,9,2,18,28,6.2,49.6,Intermediate,High,38485.19,2024242.14,High
project_07675,E-commerce,Low,5,2,2,4,15,3.3,13.2,Basic,Low,1743.2,54565.83,Low
project_07676,AI Platform,Medium,8,4,2,8,15,4.6,29.4,Intermediate,Medium,9838.54,440766.09,Medium
project_07677,SaaS,High,12,11,2,22,26,5.4,51.8,Advanced,High,66179.6,3516891.5,High
project_07678,EdTech,Low,5,3,2,6,15,3.9,15.6,Basic,Low,2515.42,98564.24,Low
project_07679,Cloud System,Medium,8,8,2,16,18,5.7,36.5,Intermediate,Low,18276.78,854004.23,Medium
project_07680,Healthcare,High,9,6,2,12,28,5.3,38.2,Advanced,High,27969.14,1609223.5,High
project_07681,IoT,Low,5,2,2,4,10,2.8,11.2,Basic,Low,1629.06,61829.83,Low
project_07682,SaaS,Medium,7,4,2,8,18,5.6,31.4,Intermediate,Medium,9424.29,436094.11,Medium
project_07683,IoT,High,9,9,2,18,23,5.3,38.2,Advanced,Medium,37563.37,1865336.84,High
project_07684,SaaS,Low,5,2,2,4,10,2.3,9.2,Basic,Medium,1872.03,65797.12,Low
project_07685,FinTech,Medium,5,6,2,12,16,5.2,20.8,Intermediate,High,10287.99,477951.15,High
project_07686,IoT,High,8,9,2,18,29,7.3,46.7,Intermediate,High,31836.73,1649187.68,High
project_07687,AI Platform,Low,3,2,2,4,10,3.7,8.9,Basic,Medium,1181.08,40276.28,Low
project_07688,AI Platform,Medium,6,4,2,8,16,4.3,20.6,Basic,Medium,6391.76,282410.14,Medium
project_07689,IoT,High,11,11,2,22,25,7.0,61.6,Advanced,High,59771.38,3103744.27,High
project_07690,AI Platform,Low,5,4,2,8,15,3.6,14.4,Basic,Low,3559.14,125919.26,Low
project_07691,Cloud System,Medium,6,4,2,8,17,4.2,20.2,Basic,High,6881.83,290028.62,High
project_07692,IoT,High,10,7,2,14,24,6.8,54.4,Advanced,Medium,32883.49,1671736.05,High
project_07693,EdTech,Low,3,4,2,8,14,3.6,8.6,Basic,Low,2209.89,82839.88,Low
project_07694,SaaS,Medium,5,6,2,12,20,4.8,19.2,Basic,High,8775.84,448969.0,High
project_07695,IoT,High,12,8,2,16,22,6.7,64.3,Advanced,High,48272.3,2714642.55,High
project_07696,Healthcare,Low,3,2,2,4,13,2.2,5.3,Basic,Low,1118.22,36853.56,Low
project_07697,EdTech,Medium,7,8,2,16,18,5.6,31.4,Basic,Medium,14359.58,627326.7,Medium
project_07698,IoT,High,12,10,2,20,26,5.2,49.9,Intermediate,High,48528.97,2768472.24,High
project_07699,E-commerce,Low,4,2,2,4,13,3.4,10.9,Basic,Low,1503.75,51924.23,Low
project_07700,Cloud System,Medium,6,6,2,12,17,4.5,21.6,Basic,Medium,8561.42,359658.75,Medium
project_07701,IoT,High,11,12,2,24,26,7.1,62.5,Advanced,Medium,60322.19,3427596.38,High
project_07702,EdTech,Low,4,2,2,4,10,2.4,7.7,Basic,Low,1417.22,50465.04,Low
project_07703,IoT,Medium,8,4,2,8,22,4.9,31.4,Basic,Medium,8089.45,373550.38,Medium
project_07704,EdTech,High,10,6,2,12,26,5.2,41.6,Advanced,High,30044.38,1715216.11,High
project_07705,EdTech,Low,5,2,2,4,10,3.3,13.2,Basic,Low,1771.28,67148.54,Low
project_07706,AI Platform,Medium,7,8,2,16,18,5.3,29.7,Intermediate,Medium,17177.31,744375.34,Medium
project_07707,AI Platform,High,11,8,2,16,26,7.2,63.4,Intermediate,High,40067.52,2258511.49,High
project_07708,Cloud System,Low,4,4,2,8,10,2.4,7.7,Basic,Low,2682.99,92507.42,Low
project_07709,E-commerce,Medium,8,5,2,10,19,5.2,33.3,Intermediate,Low,11018.19,565473.69,Medium
project_07710,E-commerce,High,10,8,2,16,20,5.7,45.6,Advanced,High,40280.73,2243953.93,High
project_07711,AI Platform,Low,3,2,2,4,13,3.7,8.9,Basic,Low,1143.08,39414.73,Low
project_07712,Healthcare,Medium,8,8,2,16,16,5.4,34.6,Intermediate,Medium,18931.59,978420.2,Medium
project_07713,AI Platform,High,11,10,2,20,26,5.2,45.8,Intermediate,Medium,41031.58,1981180.95,High
project_07714,Cloud System,Low,3,3,2,6,15,2.3,5.5,Basic,Low,1602.61,52385.56,Low
project_07715,IoT,Medium,8,6,2,12,17,5.2,33.3,Intermediate,Low,13498.55,646625.06,Medium
project_07716,Healthcare,High,9,12,2,24,24,6.4,46.1,Advanced,High,58001.09,3339795.42,High
project_07717,EdTech,Low,3,2,2,4,10,2.2,5.3,Basic,Medium,1140.27,44078.97,Low
project_07718,FinTech,Medium,5,4,2,8,20,4.3,17.2,Intermediate,Low,5928.77,280087.63,Medium
project_07719,EdTech,High,12,8,2,16,22,5.0,48.0,Advanced,High,49003.67,2506665.94,High
project_07720,Cloud System,Low,5,3,2,6,14,3.4,13.6,Basic,Medium,2879.44,100321.27,Low
project_07721,IoT,Medium,6,4,2,8,15,5.0,24.0,Basic,Medium,6180.54,284289.32,Medium
project_07722,EdTech,High,8,11,2,22,29,5.7,36.5,Advanced,Medium,41448.6,2196810.53,High
project_07723,Healthcare,Low,3,2,2,4,10,4.0,9.6,Basic,Medium,1208.93,40527.81,Low
project_07724,Cloud System,Medium,5,7,2,14,22,4.7,18.8,Intermediate,High,12462.54,628977.5,High
project_07725,AI Platform,High,8,9,2,18,28,7.6,48.6,Advanced,Medium,32531.51,1680598.61,High
project_07726,Healthcare,Low,4,4,2,8,15,3.6,11.5,Basic,Medium,3009.54,117967.65,Low
project_07727,SaaS,Medium,5,5,2,10,19,5.9,23.6,Intermediate,Medium,8417.56,381986.29,Medium
project_07728,Healthcare,High,12,10,2,20,23,6.2,59.5,Advanced,High,60611.89,3475711.26,High
project_07729,FinTech,Low,5,2,2,4,10,3.3,13.2,Basic,Medium,1949.66,67083.61,Low
project_07730,FinTech,Medium,7,5,2,10,17,5.1,28.6,Intermediate,Medium,11211.17,483788.16,Medium
project_07731,SaaS,High,12,7,2,14,22,7.8,74.9,Advanced,High,42355.64,2352544.8,High
project_07732,Healthcare,Low,4,2,2,4,15,2.5,8.0,Basic,Medium,1613.93,49570.55,Low
project_07733,Cloud System,Medium,7,4,2,8,18,4.0,22.4,Basic,Medium,6904.36,305224.16,Medium
project_07734,E-commerce,High,11,7,2,14,25,7.2,63.4,Intermediate,High,32674.2,1956846.43,High
project_07735,AI Platform,Low,5,2,2,4,14,2.7,10.8,Basic,Low,1812.72,66081.08,Low
project_07736,EdTech,Medium,6,4,2,8,21,4.9,23.5,Basic,Low,5881.3,237557.82,Medium
project_07737,Healthcare,High,12,10,2,20,29,7.7,73.9,Intermediate,High,52818.85,2862024.15,High
project_07738,AI Platform,Low,3,3,2,6,13,3.2,7.7,Basic,Low,1578.71,55380.8,Low
project_07739,FinTech,Medium,6,4,2,8,16,5.5,26.4,Intermediate,High,8945.92,373903.01,High
project_07740,Healthcare,High,12,11,2,22,26,7.9,75.8,Advanced,Medium,62704.91,3102356.52,High
project_07741,EdTech,Low,3,3,2,6,15,3.6,8.6,Basic,Medium,1765.5,61733.01,Low
project_07742,AI Platform,Medium,7,7,2,14,17,5.8,32.5,Intermediate,Medium,14676.58,726239.03,Medium
project_07743,FinTech,High,12,9,2,18,22,7.9,75.8,Intermediate,High,47705.17,2703646.25,High
project_07744,FinTech,Low,3,2,2,4,12,2.2,5.3,Basic,Low,1020.97,35599.71,Low
project_07745,Healthcare,Medium,7,7,2,14,20,5.7,31.9,Basic,Medium,12205.62,555213.09,Medium
project_07746,EdTech,High,9,8,2,16,25,8.0,57.6,Advanced,High,36759.19,2067406.11,High
project_07747,FinTech,Low,3,4,2,8,12,2.8,6.7,Basic,Low,1987.67,80754.87,Low
project_07748,IoT,Medium,7,4,2,8,21,5.8,32.5,Intermediate,High,10104.5,492079.22,High
project_07749,SaaS,High,9,12,2,24,25,7.6,54.7,Intermediate,High,46897.63,2364568.58,High
project_07750,Healthcare,Low,5,4,2,8,10,3.7,14.8,Basic,Low,3402.61,107714.49,Low
project_07751,FinTech,Medium,5,4,2,8,21,4.7,18.8,Intermediate,Medium,6964.44,298443.91,Medium
project_07752,E-commerce,High,10,12,2,24,27,6.5,52.0,Advanced,High,64339.39,3607140.78,High
project_07753,EdTech,Low,5,3,2,6,13,2.3,9.2,Basic,Low,2537.86,88950.5,Low
project_07754,Cloud System,Medium,8,7,2,14,18,5.2,33.3,Intermediate,High,20662.31,944108.05,High
project_07755,Healthcare,High,11,8,2,16,30,5.5,48.4,Advanced,High,47051.3,2408975.04,High
project_07756,Cloud System,Low,3,3,2,6,13,3.2,7.7,Basic,Medium,1680.41,64057.03,Low
project_07757,IoT,Medium,7,6,2,12,20,4.9,27.4,Intermediate,Medium,13611.53,548921.02,Medium
project_07758,Cloud System,High,11,12,2,24,21,5.0,44.0,Advanced,Medium,58530.94,3117445.53,High
project_07759,Healthcare,Low,5,2,2,4,11,3.1,12.4,Basic,Medium,1916.72,73072.83,Low
project_07760,Healthcare,Medium,8,6,2,12,20,4.6,29.4,Basic,Medium,12193.58,546606.56,Medium
project_07761,Cloud System,High,12,7,2,14,25,6.7,64.3,Advanced,Medium,38947.38,2054310.58,High
project_07762,E-commerce,Low,5,2,2,4,14,3.5,14.0,Basic,Medium,1912.16,72226.77,Low
project_07763,SaaS,Medium,8,8,2,16,19,4.0,25.6,Intermediate,Medium,20272.93,872023.19,Medium
project_07764,Healthcare,High,10,11,2,22,24,6.5,52.0,Advanced,High,56978.97,2834410.28,High
project_07765,AI Platform,Low,3,2,2,4,13,2.2,5.3,Basic,Low,1059.62,35461.59,Low
project_07766,SaaS,Medium,7,5,2,10,16,4.6,25.8,Intermediate,Low,9543.46,396031.21,Medium
project_07767,Healthcare,High,10,7,2,14,25,6.4,51.2,Intermediate,Medium,25894.62,1554265.37,High
project_07768,Cloud System,Low,5,3,2,6,15,2.1,8.4,Basic,Low,2405.34,78856.4,Low
project_07769,EdTech,Medium,8,5,2,10,15,5.9,37.8,Intermediate,Medium,12429.6,520238.15,Medium
project_07770,Cloud System,High,11,10,2,20,30,5.6,49.3,Advanced,Medium,47883.54,2738527.53,High
project_07771,IoT,Low,4,3,2,6,13,3.9,12.5,Basic,Low,2060.45,80189.04,Low
project_07772,EdTech,Medium,6,5,2,10,20,4.7,22.6,Basic,High,9049.99,400486.34,High
project_07773,EdTech,High,8,12,2,24,24,7.7,49.3,Intermediate,High,42046.69,2124915.76,High
project_07774,Healthcare,Low,4,3,2,6,14,3.1,9.9,Basic,Low,2012.75,78192.25,Low
project_07775,EdTech,Medium,7,8,2,16,19,4.2,23.5,Intermediate,High,19430.36,934191.95,High
project_07776,E-commerce,High,9,9,2,18,23,5.7,41.0,Advanced,High,42132.3,2367414.21,High
project_07777,Cloud System,Low,3,2,2,4,13,2.3,5.5,Basic,Low,1030.66,35252.29,Low
project_07778,Cloud System,Medium,7,5,2,10,16,5.1,28.6,Basic,Low,8085.69,390960.52,Medium
project_07779,FinTech,High,10,12,2,24,21,7.3,58.4,Advanced,High,60769.11,3402252.74,High
project_07780,IoT,Low,4,2,2,4,13,2.3,7.4,Basic,Low,1356.56,48690.53,Low
project_07781,EdTech,Medium,7,5,2,10,15,5.7,31.9,Basic,Medium,8581.47,399647.36,Medium
project_07782,IoT,High,8,9,2,18,28,6.9,44.2,Advanced,Medium,33690.83,1953228.9,High
project_07783,SaaS,Low,5,4,2,8,15,2.0,8.0,Basic,Medium,3684.99,136244.79,Low
project_07784,EdTech,Medium,8,5,2,10,21,5.3,33.9,Intermediate,Low,10984.14,482164.7,Medium
project_07785,EdTech,High,10,7,2,14,21,7.9,63.2,Intermediate,High,29768.58,1680258.16,High
project_07786,EdTech,Low,4,2,2,4,12,2.6,8.3,Basic,Low,1354.77,46783.22,Low
project_07787,EdTech,Medium,7,7,2,14,20,5.1,28.6,Intermediate,High,17661.31,719491.63,High
project_07788,Cloud System,High,9,6,2,12,26,7.2,51.8,Advanced,High,28150.83,1499278.92,High
project_07789,Healthcare,Low,5,3,2,6,13,2.9,11.6,Basic,Low,2585.3,92496.23,Low
project_07790,AI Platform,Medium,5,8,2,16,20,5.2,20.8,Intermediate,Low,11513.09,528302.95,Medium
project_07791,AI Platform,High,12,6,2,12,26,7.7,73.9,Advanced,High,36727.61,2045176.08,High
project_07792,AI Platform,Low,4,2,2,4,12,3.8,12.2,Basic,Medium,1558.61,62538.13,Low
project_07793,EdTech,Medium,5,6,2,12,15,4.7,18.8,Basic,Medium,7239.12,355739.7,Medium
project_07794,FinTech,High,9,6,2,12,29,5.5,39.6,Intermediate,Medium,20397.41,1243571.67,High
project_07795,E-commerce,Low,4,4,2,8,13,2.4,7.7,Basic,Medium,3008.15,108159.54,Low
project_07796,AI Platform,Medium,5,8,2,16,16,4.1,16.4,Basic,Medium,10373.07,416325.09,Medium
project_07797,Cloud System,High,8,11,2,22,25,5.9,37.8,Intermediate,High,37811.74,2268202.34,High
project_07798,E-commerce,Low,5,3,2,6,12,2.3,9.2,Basic,Medium,2624.77,108583.48,Low
project_07799,E-commerce,Medium,5,6,2,12,19,4.9,19.6,Basic,Low,6674.51,314558.31,Medium
project_07800,Cloud System,High,12,12,2,24,30,6.6,63.4,Advanced,Medium,65063.43,3489121.28,High
project_07801,Cloud System,Low,4,4,2,8,15,2.4,7.7,Basic,Low,2633.3,100680.38,Low
project_07802,IoT,Medium,6,6,2,12,21,4.9,23.5,Intermediate,High,12406.36,649892.8,High
project_07803,EdTech,High,9,6,2,12,22,5.1,36.7,Advanced,High,27063.23,1510470.31,High
project_07804,SaaS,Low,3,2,2,4,10,3.2,7.7,Basic,Low,1035.18,41409.23,Low
project_07805,SaaS,Medium,5,7,2,14,22,4.9,19.6,Intermediate,Medium,10804.77,454255.24,Medium
project_07806,EdTech,High,10,9,2,18,24,6.1,48.8,Advanced,High,45597.9,2625773.28,High
project_07807,IoT,Low,5,3,2,6,10,2.8,11.2,Basic,Medium,2691.39,110052.59,Low
project_07808,AI Platform,Medium,7,8,2,16,19,5.2,29.1,Intermediate,Low,16512.85,670603.02,Medium
project_07809,AI Platform,High,11,8,2,16,25,6.4,56.3,Advanced,High,47182.36,2280707.2,High
project_07810,SaaS,Low,5,2,2,4,14,3.1,12.4,Basic,Low,1791.59,62931.66,Low
project_07811,FinTech,Medium,5,8,2,16,22,5.4,21.6,Intermediate,High,13989.81,575725.21,High
project_07812,EdTech,High,10,10,2,20,21,5.4,43.2,Intermediate,High,44153.52,2084615.07,High
project_07813,FinTech,Low,4,4,2,8,12,3.6,11.5,Basic,Low,2779.81,86267.13,Low
project_07814,SaaS,Medium,5,4,2,8,19,5.1,20.4,Intermediate,Medium,6631.56,265638.63,Medium
project_07815,FinTech,High,8,7,2,14,21,6.4,41.0,Intermediate,Medium,21604.62,1151950.95,High
project_07816,Healthcare,Low,4,2,2,4,10,4.0,12.8,Basic,Low,1382.5,43514.14,Low
project_07817,FinTech,Medium,6,7,2,14,19,5.5,26.4,Intermediate,High,14548.51,751449.86,High
project_07818,EdTech,High,10,10,2,20,22,5.9,47.2,Intermediate,Medium,39293.16,2114728.29,High
project_07819,FinTech,Low,4,3,2,6,14,2.5,8.0,Basic,Low,2027.6,66164.71,Low
project_07820,SaaS,Medium,7,8,2,16,22,5.9,33.0,Intermediate,High,20923.54,918518.52,High
project_07821,AI Platform,High,11,7,2,14,26,7.2,63.4,Intermediate,Medium,29595.89,1633044.02,High
project_07822,SaaS,Low,5,2,2,4,10,3.8,15.2,Basic,Low,1738.89,60010.32,Low
project_07823,E-commerce,Medium,6,5,2,10,22,5.7,27.4,Intermediate,Medium,9483.61,456037.07,Medium
project_07824,Cloud System,High,9,10,2,20,22,7.9,56.9,Advanced,Medium,40402.16,2255543.14,High
project_07825,EdTech,Low,5,4,2,8,11,3.7,14.8,Basic,Medium,3691.39,124564.52,Low
project_07826,FinTech,Medium,8,4,2,8,21,4.8,30.7,Basic,Medium,8363.22,331054.47,Medium
project_07827,E-commerce,High,12,8,2,16,26,7.5,72.0,Intermediate,High,40302.87,2200836.97,High
project_07828,EdTech,Low,3,2,2,4,14,3.4,8.2,Basic,Medium,1226.27,48126.69,Low
project_07829,SaaS,Medium,7,4,2,8,22,4.7,26.3,Basic,Medium,7126.55,336358.29,Medium
project_07830,Cloud System,High,10,6,2,12,22,5.4,43.2,Advanced,High,31597.71,1703156.43,High
project_07831,SaaS,Low,5,4,2,8,12,2.4,9.6,Basic,Low,3413.54,131083.93,Low
project_07832,Healthcare,Medium,5,7,2,14,16,4.1,16.4,Intermediate,Low,9686.35,457753.52,Medium
project_07833,Cloud System,High,10,12,2,24,23,6.0,48.0,Intermediate,Medium,42988.44,2232005.4,High
project_07834,SaaS,Low,5,3,2,6,15,2.8,11.2,Basic,Low,2633.66,91933.84,Low
project_07835,Cloud System,Medium,8,5,2,10,15,4.4,28.2,Intermediate,High,13588.35,552957.58,High
project_07836,FinTech,High,8,9,2,18,29,6.8,43.5,Advanced,High,38569.56,2282848.47,High
project_07837,Cloud System,Low,3,2,2,4,15,2.1,5.0,Basic,Low,1112.09,39116.16,Low
project_07838,E-commerce,Medium,8,7,2,14,18,5.3,33.9,Intermediate,Low,15113.37,617591.52,Medium
project_07839,EdTech,High,8,8,2,16,28,6.4,41.0,Advanced,Medium,30129.95,1487126.73,High
project_07840,SaaS,Low,4,4,2,8,11,2.5,8.0,Basic,Low,2579.08,82984.85,Low
project_07841,E-commerce,Medium,8,6,2,12,20,4.6,29.4,Basic,Medium,11538.89,478702.52,Medium
project_07842,FinTech,High,10,11,2,22,23,5.4,43.2,Advanced,High,56159.36,3204789.07,High
project_07843,EdTech,Low,5,2,2,4,10,2.4,9.6,Basic,Low,1628.36,67040.65,Low
project_07844,Cloud System,Medium,6,4,2,8,18,5.9,28.3,Intermediate,Medium,8045.52,327438.76,Medium
project_07845,IoT,High,11,6,2,12,25,7.0,61.6,Advanced,High,35456.83,1767745.62,High
project_07846,Healthcare,Low,5,3,2,6,14,3.8,15.2,Basic,Low,2584.52,90810.51,Low
project_07847,IoT,Medium,8,7,2,14,15,5.9,37.8,Intermediate,Medium,17311.13,820077.77,Medium
project_07848,E-commerce,High,9,7,2,14,23,7.6,54.7,Advanced,High,32724.6,1918938.68,High
project_07849,AI Platform,Low,5,2,2,4,11,2.8,11.2,Basic,Low,1804.46,63226.4,Low
project_07850,E-commerce,Medium,5,4,2,8,17,4.4,17.6,Basic,Low,4647.47,218562.57,Medium
project_07851,Cloud System,High,11,9,2,18,30,7.2,63.4,Advanced,High,51439.99,2729875.82,High
project_07852,SaaS,Low,3,2,2,4,11,2.0,4.8,Basic,Low,1007.78,33789.57,Low
project_07853,SaaS,Medium,8,6,2,12,20,5.6,35.8,Intermediate,Low,14306.12,620591.59,Medium
project_07854,Cloud System,High,11,11,2,22,22,5.9,51.9,Advanced,High,61059.93,3049492.56,High
project_07855,FinTech,Low,5,2,2,4,12,2.4,9.6,Basic,Medium,1816.46,57327.31,Low
project_07856,FinTech,Medium,7,5,2,10,19,4.0,22.4,Intermediate,High,11960.47,524209.68,High
project_07857,IoT,High,9,10,2,20,25,5.4,38.9,Advanced,High,45381.41,2638395.7,High
project_07858,AI Platform,Low,5,4,2,8,15,2.7,10.8,Basic,Low,3215.88,104917.53,Low
project_07859,AI Platform,Medium,5,4,2,8,19,4.3,17.2,Intermediate,Medium,6648.35,326715.41,Medium
project_07860,EdTech,High,9,11,2,22,24,6.8,49.0,Intermediate,High,43402.16,2411248.19,High
project_07861,EdTech,Low,3,3,2,6,11,2.9,7.0,Basic,Low,1591.87,51256.01,Low
project_07862,EdTech,Medium,7,7,2,14,18,4.3,24.1,Intermediate,High,17741.16,797982.08,High
project_07863,AI Platform,High,11,7,2,14,28,7.9,69.5,Advanced,High,42419.61,2153880.57,High
project_07864,Healthcare,Low,4,4,2,8,10,3.4,10.9,Basic,Medium,3024.56,121706.32,Low
project_07865,IoT,Medium,6,8,2,16,19,5.4,25.9,Intermediate,Medium,14800.54,623961.01,Medium
project_07866,EdTech,High,11,11,2,22,28,7.0,61.6,Advanced,High,60720.52,3699738.87,High
project_07867,FinTech,Low,4,2,2,4,13,2.2,7.0,Basic,Medium,1573.85,56887.98,Low
project_07868,IoT,Medium,8,4,2,8,16,5.3,33.9,Intermediate,Medium,10262.31,496223.11,Medium
project_07869,Healthcare,High,11,7,2,14,29,5.1,44.9,Advanced,Medium,35672.98,2072735.21,High
project_07870,Cloud System,Low,4,4,2,8,13,2.6,8.3,Basic,Low,2624.73,91460.95,Low
project_07871,EdTech,Medium,7,5,2,10,21,5.2,29.1,Basic,Medium,8546.16,383193.88,Medium
project_07872,Cloud System,High,11,7,2,14,21,6.2,54.6,Advanced,High,38240.2,2179380.82,High
project_07873,IoT,Low,5,4,2,8,15,3.0,12.0,Basic,Medium,3645.31,109334.56,Low
project_07874,Cloud System,Medium,5,6,2,12,22,5.4,21.6,Basic,Medium,7532.34,366903.62,Medium
project_07875,Cloud System,High,9,9,2,18,29,7.0,50.4,Intermediate,High,34044.12,2030719.02,High
project_07876,SaaS,Low,5,2,2,4,10,3.6,14.4,Basic,Medium,2006.35,78697.26,Low
project_07877,EdTech,Medium,5,6,2,12,19,4.7,18.8,Basic,Low,6968.44,282971.58,Medium
project_07878,Healthcare,High,11,10,2,20,20,6.7,59.0,Intermediate,High,47821.06,2362554.04,High
project_07879,AI Platform,Low,4,4,2,8,12,2.1,6.7,Basic,Low,2744.26,101292.38,Low
project_07880,AI Platform,Medium,7,6,2,12,18,4.8,26.9,Basic,Low,9780.34,445816.02,Medium
project_07881,E-commerce,High,9,7,2,14,21,7.3,52.6,Intermediate,Medium,23118.33,1346079.37,High
project_07882,Healthcare,Low,4,4,2,8,12,2.6,8.3,Basic,Low,2727.09,96926.17,Low
project_07883,FinTech,Medium,8,4,2,8,21,4.6,29.4,Intermediate,Medium,9878.88,460538.58,Medium
project_07884,AI Platform,High,10,6,2,12,25,6.3,50.4,Advanced,High,30404.05,1814034.05,High
project_07885,FinTech,Low,3,3,2,6,11,3.7,8.9,Basic,Low,1568.3,47801.76,Low
project_07886,E-commerce,Medium,8,4,2,8,15,4.4,28.2,Intermediate,Low,9038.4,441405.31,Medium
project_07887,EdTech,High,9,8,2,16,21,7.8,56.2,Advanced,Medium,32072.54,1884034.97,High
project_07888,E-commerce,Low,3,3,2,6,11,2.2,5.3,Basic,Low,1535.83,54982.0,Low
project_07889,SaaS,Medium,7,4,2,8,21,4.5,25.2,Basic,Medium,7324.15,322069.45,Medium
project_07890,AI Platform,High,10,8,2,16,22,5.4,43.2,Advanced,Medium,36838.57,1800798.81,High
project_07891,SaaS,Low,3,4,2,8,15,3.8,9.1,Basic,Low,2115.59,66849.26,Low
project_07892,Healthcare,Medium,8,5,2,10,21,4.4,28.2,Intermediate,Medium,12037.35,584089.61,Medium
project_07893,AI Platform,High,10,12,2,24,20,6.3,50.4,Advanced,High,59792.78,3519859.9,High
project_07894,IoT,Low,3,4,2,8,10,2.3,5.5,Basic,Low,1975.31,64878.46,Low
project_07895,Healthcare,Medium,8,4,2,8,22,4.4,28.2,Intermediate,High,11119.4,540571.58,High
project_07896,SaaS,High,12,11,2,22,21,6.7,64.3,Advanced,High,68367.41,3696145.88,High
project_07897,IoT,Low,3,2,2,4,13,3.0,7.2,Basic,Medium,1244.05,36120.61,Low
project_07898,E-commerce,Medium,8,7,2,14,20,4.8,30.7,Intermediate,Low,15955.87,678079.89,Medium
project_07899,E-commerce,High,10,7,2,14,21,7.9,63.2,Intermediate,Medium,25601.89,1454477.02,High
project_07900,Healthcare,Low,4,3,2,6,10,3.5,11.2,Basic,Medium,2335.19,74732.37,Low
project_07901,IoT,Medium,8,5,2,10,17,5.5,35.2,Intermediate,Medium,12238.93,611077.06,Medium
project_07902,Cloud System,High,8,7,2,14,25,5.9,37.8,Advanced,High,29569.26,1615167.32,High
project_07903,EdTech,Low,5,4,2,8,10,3.5,14.0,Basic,Medium,3607.76,148051.15,Low
project_07904,E-commerce,Medium,6,6,2,12,17,5.2,25.0,Intermediate,Low,10703.5,476597.54,Medium
project_07905,IoT,High,12,11,2,22,26,6.9,66.2,Advanced,High,67178.84,3397774.71,High
project_07906,EdTech,Low,4,3,2,6,10,2.7,8.6,Basic,Low,1943.37,70691.16,Low
project_07907,FinTech,Medium,6,6,2,12,17,4.1,19.7,Intermediate,Medium,11361.65,461114.51,Medium
project_07908,E-commerce,High,9,7,2,14,27,7.8,56.2,Advanced,High,35398.28,1823064.31,High
project_07909,Cloud System,Low,4,4,2,8,10,2.6,8.3,Basic,Medium,2906.35,105268.39,Low
project_07910,E-commerce,Medium,8,7,2,14,20,4.7,30.1,Intermediate,Low,15300.13,723821.26,Medium
project_07911,FinTech,High,8,12,2,24,23,6.0,38.4,Advanced,High,47873.16,2498884.93,High
project_07912,E-commerce,Low,4,3,2,6,13,3.9,12.5,Basic,Medium,2260.58,78253.11,Low
project_07913,E-commerce,Medium,5,6,2,12,17,4.1,16.4,Intermediate,High,10315.31,530286.78,High
project_07914,Cloud System,High,11,10,2,20,26,7.1,62.5,Intermediate,Medium,42694.53,2279986.74,High
project_07915,EdTech,Low,4,4,2,8,12,3.1,9.9,Basic,Low,2678.14,88699.45,Low
project_07916,AI Platform,Medium,8,8,2,16,16,4.7,30.1,Intermediate,Low,18227.08,758323.16,Medium
project_07917,FinTech,High,11,7,2,14,24,7.9,69.5,Advanced,Medium,33974.52,1941974.32,High
project_07918,Healthcare,Low,3,4,2,8,10,3.1,7.4,Basic,Low,2000.77,76989.58,Low
project_07919,SaaS,Medium,5,7,2,14,18,4.6,18.4,Basic,Medium,8630.16,403712.17,Medium
project_07920,Cloud System,High,9,8,2,16,20,5.2,37.4,Intermediate,High,31424.67,1745804.89,High
project_07921,IoT,Low,5,2,2,4,15,3.5,14.0,Basic,Low,1779.58,60483.98,Low
project_07922,AI Platform,Medium,7,6,2,12,21,4.6,25.8,Intermediate,Medium,13761.95,647645.8,Medium
project_07923,E-commerce,High,11,12,2,24,30,5.3,46.6,Advanced,High,64056.83,3846831.63,High
project_07924,IoT,Low,3,3,2,6,11,2.6,6.2,Basic,Low,1513.55,54298.75,Low
project_07925,Healthcare,Medium,7,4,2,8,22,5.9,33.0,Intermediate,High,10585.86,498068.96,High
project_07926,Cloud System,High,11,8,2,16,23,7.1,62.5,Advanced,Medium,39069.3,2197023.88,High
project_07927,FinTech,Low,5,2,2,4,15,3.5,14.0,Basic,Low,1877.95,60199.27,Low
project_07928,E-commerce,Medium,7,8,2,16,15,4.7,26.3,Basic,Medium,13259.25,587738.23,Medium
project_07929,E-commerce,High,9,9,2,18,27,7.8,56.2,Advanced,Medium,36229.77,2246911.57,High
project_07930,EdTech,Low,5,3,2,6,13,2.4,9.6,Basic,Medium,2783.63,102263.25,Low
project_07931,AI Platform,Medium,7,5,2,10,22,5.7,31.9,Intermediate,Medium,10799.31,579491.59,Medium
project_07932,FinTech,High,12,12,2,24,26,5.9,56.6,Advanced,High,69534.18,3762709.52,High
project_07933,Cloud System,Low,4,4,2,8,12,2.6,8.3,Basic,Low,2757.19,103194.62,Low
project_07934,E-commerce,Medium,5,5,2,10,22,4.2,16.8,Intermediate,Medium,8281.09,392832.45,Medium
project_07935,FinTech,High,12,10,2,20,20,7.7,73.9,Advanced,High,64225.49,3324361.64,High
project_07936,FinTech,Low,5,3,2,6,14,3.2,12.8,Basic,Medium,2835.04,103389.52,Low
project_07937,E-commerce,Medium,5,6,2,12,16,4.7,18.8,Intermediate,High,11031.01,507751.86,High
project_07938,Healthcare,High,9,9,2,18,28,5.9,42.5,Advanced,High,40852.4,2448586.37,High
project_07939,AI Platform,Low,4,3,2,6,13,3.2,10.2,Basic,Medium,2220.63,84717.51,Low
project_07940,E-commerce,Medium,8,8,2,16,20,4.5,28.8,Intermediate,Medium,19506.74,882378.29,Medium
project_07941,SaaS,High,10,10,2,20,29,7.4,59.2,Intermediate,High,44621.79,2345349.79,High
project_07942,FinTech,Low,5,4,2,8,12,2.8,11.2,Basic,Medium,3679.26,118138.11,Low
project_07943,E-commerce,Medium,6,8,2,16,22,5.0,24.0,Basic,Medium,12473.32,533662.51,Medium
project_07944,FinTech,High,9,7,2,14,23,5.6,40.3,Intermediate,High,27332.32,1490801.76,High
project_07945,AI Platform,Low,5,4,2,8,10,3.3,13.2,Basic,Low,3311.83,111893.84,Low
project_07946,EdTech,Medium,6,7,2,14,16,5.8,27.8,Intermediate,Medium,12723.63,635882.1,Medium
project_07947,EdTech,High,11,6,2,12,22,6.5,57.2,Advanced,High,32829.0,1947131.24,High
project_07948,Healthcare,Low,5,3,2,6,10,3.4,13.6,Basic,Low,2476.91,93070.98,Low
project_07949,SaaS,Medium,6,7,2,14,22,4.2,20.2,Basic,Medium,10898.23,432946.57,Medium
project_07950,SaaS,High,8,11,2,22,28,7.8,49.9,Advanced,Medium,41430.44,2310529.67,High
project_07951,Healthcare,Low,3,3,2,6,12,3.1,7.4,Basic,Low,1654.12,59640.83,Low
project_07952,EdTech,Medium,6,7,2,14,16,5.6,26.9,Intermediate,Medium,13684.47,536591.81,Medium
project_07953,SaaS,High,11,11,2,22,26,5.7,50.2,Intermediate,Medium,44842.34,2337611.97,High
project_07954,IoT,Low,4,3,2,6,10,2.1,6.7,Basic,Low,2033.54,78596.35,Low
project_07955,SaaS,Medium,8,7,2,14,19,5.0,32.0,Basic,Medium,14466.33,650023.9,Medium
project_07956,SaaS,High,8,10,2,20,24,6.5,41.6,Intermediate,High,33960.26,1847886.78,High
project_07957,Healthcare,Low,3,3,2,6,10,3.1,7.4,Basic,Medium,1719.78,55140.23,Low
project_07958,IoT,Medium,8,7,2,14,20,5.7,36.5,Intermediate,Medium,16821.04,817332.54,Medium
project_07959,SaaS,High,8,9,2,18,30,6.5,41.6,Intermediate,High,32061.51,1712892.64,High
project_07960,FinTech,Low,5,2,2,4,13,3.8,15.2,Basic,Medium,1997.53,66531.53,Low
project_07961,EdTech,Medium,7,5,2,10,16,5.3,29.7,Basic,Low,8012.39,318762.7,Medium
project_07962,Cloud System,High,10,7,2,14,28,5.7,45.6,Intermediate,High,30676.91,1539293.96,High
project_07963,SaaS,Low,5,2,2,4,10,3.2,12.8,Basic,Medium,1839.67,66843.27,Low
project_07964,Cloud System,Medium,6,5,2,10,17,4.1,19.7,Intermediate,Low,8630.5,397833.86,Medium
project_07965,SaaS,High,10,9,2,18,22,6.2,49.6,Intermediate,Medium,32445.22,2051002.44,High
project_07966,FinTech,Low,5,2,2,4,12,2.5,10.0,Basic,Low,1690.32,61995.47,Low
project_07967,EdTech,Medium,5,6,2,12,20,5.8,23.2,Intermediate,Medium,9893.09,412139.49,Medium
project_07968,IoT,High,8,10,2,20,28,6.8,43.5,Intermediate,High,33657.91,1741730.76,High
project_07969,Cloud System,Low,4,4,2,8,15,2.1,6.7,Basic,Medium,2955.07,118083.52,Low
project_07970,EdTech,Medium,8,5,2,10,15,4.6,29.4,Basic,Low,8674.35,345370.2,Medium
project_07971,IoT,High,11,6,2,12,29,7.1,62.5,Intermediate,Medium,24769.22,1520201.36,High
project_07972,EdTech,Low,4,2,2,4,13,3.6,11.5,Basic,Low,1402.98,56260.53,Low
project_07973,IoT,Medium,8,8,2,16,22,5.6,35.8,Basic,High,17621.4,917916.15,High
project_07974,IoT,High,9,10,2,20,30,5.4,38.9,Intermediate,High,37940.01,2151053.64,High
project_07975,Cloud System,Low,4,4,2,8,12,2.1,6.7,Basic,Medium,2797.2,111741.91,Low
project_07976,E-commerce,Medium,8,4,2,8,18,4.9,31.4,Intermediate,Medium,9806.59,438151.98,Medium
project_07977,EdTech,High,8,12,2,24,21,5.8,37.1,Intermediate,Medium,35962.57,1822282.48,High
project_07978,AI Platform,Low,3,3,2,6,14,2.0,4.8,Basic,Low,1594.23,56447.77,Low
project_07979,Healthcare,Medium,5,4,2,8,16,4.4,17.6,Intermediate,Medium,6728.27,296441.3,Medium
project_07980,FinTech,High,12,9,2,18,27,6.5,62.4,Advanced,Medium,49938.67,2435894.47,High
project_07981,Healthcare,Low,4,4,2,8,12,2.3,7.4,Basic,Medium,3009.51,104231.43,Low
project_07982,FinTech,Medium,7,6,2,12,18,6.0,33.6,Intermediate,High,15105.15,649670.02,High
project_07983,FinTech,High,9,12,2,24,28,5.3,38.2,Advanced,High,56753.67,3204151.57,High
project_07984,EdTech,Low,4,2,2,4,10,2.4,7.7,Basic,Low,1360.62,46737.98,Low
project_07985,Healthcare,Medium,8,8,2,16,18,4.1,26.2,Intermediate,Medium,19695.23,943284.89,Medium
project_07986,IoT,High,9,7,2,14,26,5.5,39.6,Advanced,Medium,29334.09,1820501.29,High
project_07987,EdTech,Low,3,2,2,4,10,2.8,6.7,Basic,Low,1018.9,40783.36,Low
project_07988,AI Platform,Medium,8,4,2,8,19,5.0,32.0,Basic,Low,7470.18,347474.52,Medium
project_07989,E-commerce,High,12,12,2,24,23,6.3,60.5,Advanced,High,71884.85,4354556.49,High
project_07990,E-commerce,Low,3,4,2,8,15,3.6,8.6,Basic,Low,2090.07,78007.61,Low
project_07991,Healthcare,Medium,5,6,2,12,19,6.0,24.0,Intermediate,Medium,9985.07,408292.51,Medium
project_07992,IoT,High,9,7,2,14,30,7.4,53.3,Advanced,High,35043.74,1949964.39,High
project_07993,Cloud System,Low,3,4,2,8,13,3.2,7.7,Basic,Medium,2325.15,84633.36,Low
project_07994,IoT,Medium,8,4,2,8,18,6.0,38.4,Basic,Medium,8032.13,377319.16,Medium
project_07995,Healthcare,High,8,9,2,18,24,8.0,51.2,Advanced,High,38540.47,1979153.31,High
project_07996,EdTech,Low,3,2,2,4,13,3.9,9.4,Basic,Medium,1222.7,42458.2,Low
project_07997,Cloud System,Medium,5,6,2,12,18,4.2,16.8,Basic,High,8867.67,400755.24,High
project_07998,Healthcare,High,10,11,2,22,23,6.3,50.4,Intermediate,High,46562.11,2695463.58,High
project_07999,EdTech,Low,4,2,2,4,10,3.6,11.5,Basic,Low,1359.77,54559.73,Low
project_08000,IoT,Medium,8,6,2,12,18,4.6,29.4,Basic,High,14005.66,641850.26,High
project_08001,Healthcare,High,12,6,2,12,24,7.6,73.0,Advanced,High,36452.73,2157613.06,High
project_08002,FinTech,Low,3,3,2,6,11,2.3,5.5,Basic,Low,1614.71,47890.3,Low
project_08003,EdTech,Medium,5,5,2,10,22,4.6,18.4,Intermediate,Medium,7971.73,362217.8,Medium
project_08004,EdTech,High,9,10,2,20,27,7.6,54.7,Advanced,Medium,42752.98,2211937.07,High
project_08005,EdTech,Low,3,2,2,4,13,2.3,5.5,Basic,Medium,1150.75,36381.92,Low
project_08006,IoT,Medium,5,8,2,16,19,4.7,18.8,Basic,Low,8929.49,453769.14,Medium
project_08007,EdTech,High,8,10,2,20,24,5.6,35.8,Advanced,High,40568.69,2006596.52,High
project_08008,FinTech,Low,3,4,2,8,12,3.0,7.2,Basic,Low,1999.09,72296.06,Low
project_08009,Healthcare,Medium,8,5,2,10,20,5.3,33.9,Intermediate,Medium,13103.37,558953.65,Medium
project_08010,SaaS,High,12,6,2,12,28,5.0,48.0,Advanced,Medium,32713.67,1752797.42,High
project_08011,EdTech,Low,4,3,2,6,14,4.0,12.8,Basic,Medium,2412.87,88058.85,Low
project_08012,IoT,Medium,6,5,2,10,20,4.1,19.7,Intermediate,High,10820.56,520245.52,High
project_08013,IoT,High,11,11,2,22,21,6.2,54.6,Advanced,Medium,52656.21,2796464.89,High
project_08014,AI Platform,Low,3,2,2,4,11,3.5,8.4,Basic,Low,1092.16,42662.74,Low
project_08015,FinTech,Medium,5,4,2,8,20,5.1,20.4,Basic,High,5944.58,283736.94,High
project_08016,Cloud System,High,11,7,2,14,24,6.0,52.8,Intermediate,Medium,28750.18,1728051.73,High
project_08017,Cloud System,Low,5,2,2,4,13,3.2,12.8,Basic,Low,1822.19,64333.21,Low
project_08018,IoT,Medium,7,4,2,8,21,4.4,24.6,Intermediate,Medium,8740.59,368842.39,Medium
project_08019,EdTech,High,12,10,2,20,22,7.6,73.0,Advanced,High,61180.88,3330033.26,High
project_08020,Cloud System,Low,3,4,2,8,15,3.1,7.4,Basic,Low,2177.11,62008.1,Low
project_08021,EdTech,Medium,5,6,2,12,17,4.0,16.0,Basic,Medium,7236.2,354393.38,Medium
project_08022,AI Platform,High,11,6,2,12,28,5.1,44.9,Advanced,High,33199.11,1820714.05,High
project_08023,AI Platform,Low,5,3,2,6,11,3.3,13.2,Basic,Low,2623.36,100294.57,Low
project_08024,Healthcare,Medium,7,4,2,8,22,4.9,27.4,Basic,High,8621.84,419408.55,High
project_08025,IoT,High,12,12,2,24,20,5.6,53.8,Advanced,High,69630.73,4125761.03,High
project_08026,SaaS,Low,3,2,2,4,10,2.1,5.0,Basic,Low,1086.2,41014.45,Low
project_08027,EdTech,Medium,6,6,2,12,18,5.6,26.9,Intermediate,Medium,11851.02,542038.05,Medium
project_08028,IoT,High,11,12,2,24,29,7.9,69.5,Intermediate,High,55275.64,3103175.96,High
project_08029,IoT,Low,3,3,2,6,12,2.6,6.2,Basic,Low,1488.11,58427.53,Low
project_08030,FinTech,Medium,5,6,2,12,22,4.2,16.8,Intermediate,Medium,9523.27,480148.68,Medium
project_08031,Cloud System,High,12,6,2,12,28,5.3,50.9,Advanced,High,38081.98,1880256.58,High
project_08032,Healthcare,Low,4,4,2,8,10,3.7,11.8,Basic,Low,2593.66,79401.93,Low
project_08033,E-commerce,Medium,7,5,2,10,15,5.5,30.8,Basic,Medium,9144.67,380240.13,Medium
project_08034,EdTech,High,11,9,2,18,20,5.3,46.6,Advanced,Medium,42216.81,2557484.81,High
project_08035,EdTech,Low,4,4,2,8,12,2.5,8.0,Basic,Low,2738.26,103507.67,Low
project_08036,E-commerce,Medium,5,7,2,14,19,4.2,16.8,Intermediate,Medium,10831.38,520964.6,Medium
project_08037,Cloud System,High,12,6,2,12,22,7.3,70.1,Intermediate,High,31567.05,1706965.85,High
project_08038,SaaS,Low,3,2,2,4,10,3.5,8.4,Basic,Medium,1159.63,40279.6,Low
project_08039,Cloud System,Medium,5,7,2,14,19,4.5,18.0,Basic,Low,8291.38,353797.66,Medium
project_08040,Healthcare,High,11,9,2,18,27,5.7,50.2,Advanced,High,48615.22,3053780.59,High
project_08041,E-commerce,Low,4,4,2,8,15,3.7,11.8,Basic,Low,2662.4,86739.06,Low
project_08042,E-commerce,Medium,8,4,2,8,20,4.8,30.7,Intermediate,Low,9180.81,407866.97,Medium
project_08043,E-commerce,High,8,11,2,22,21,5.7,36.5,Advanced,High,44591.48,2628930.7,High
project_08044,Cloud System,Low,4,4,2,8,11,2.5,8.0,Basic,Low,2770.72,103786.57,Low
project_08045,Cloud System,Medium,5,4,2,8,20,5.4,21.6,Basic,Medium,5525.4,229627.43,Medium
project_08046,E-commerce,High,10,7,2,14,28,7.6,60.8,Intermediate,High,32249.86,1779899.48,High
project_08047,EdTech,Low,3,2,2,4,15,2.5,6.0,Basic,Low,1143.25,33273.61,Low
project_08048,Healthcare,Medium,7,7,2,14,22,5.6,31.4,Intermediate,Low,14637.81,627867.24,Medium
project_08049,Cloud System,High,10,8,2,16,24,5.1,40.8,Intermediate,Medium,29550.79,1834707.85,High
project_08050,IoT,Low,3,3,2,6,13,2.2,5.3,Basic,Low,1570.0,59163.45,Low
project_08051,EdTech,Medium,6,7,2,14,22,5.7,27.4,Intermediate,Medium,13203.19,554217.04,Medium
project_08052,Cloud System,High,11,9,2,18,27,7.0,61.6,Intermediate,Medium,38491.92,1989970.5,High
project_08053,E-commerce,Low,4,2,2,4,11,4.0,12.8,Basic,Low,1403.18,56903.38,Low
project_08054,SaaS,Medium,6,7,2,14,17,4.5,21.6,Basic,Medium,10431.45,495191.17,Medium
project_08055,Cloud System,High,10,6,2,12,25,7.7,61.6,Intermediate,High,26063.06,1463688.83,High
project_08056,E-commerce,Low,3,2,2,4,12,3.1,7.4,Basic,Low,1075.95,37195.67,Low
project_08057,Healthcare,Medium,8,8,2,16,22,4.8,30.7,Basic,High,18095.15,826720.83,High
project_08058,AI Platform,High,12,10,2,20,22,5.2,49.9,Intermediate,High,49016.06,2743559.97,High
project_08059,AI Platform,Low,4,3,2,6,11,2.7,8.6,Basic,Low,2014.15,66736.68,Low
project_08060,SaaS,Medium,6,8,2,16,17,6.0,28.8,Intermediate,High,16415.27,695931.58,High
project_08061,SaaS,High,8,7,2,14,26,7.5,48.0,Intermediate,High,24636.12,1329438.52,High
project_08062,IoT,Low,5,3,2,6,12,3.4,13.6,Basic,Medium,2848.87,93588.46,Low
project_08063,Healthcare,Medium,6,5,2,10,21,5.1,24.5,Basic,High,8851.98,378947.01,High
project_08064,IoT,High,11,11,2,22,27,7.2,63.4,Advanced,High,62624.56,3327272.1,High
project_08065,E-commerce,Low,3,3,2,6,13,3.5,8.4,Basic,Low,1680.94,52749.89,Low
project_08066,E-commerce,Medium,6,7,2,14,21,5.5,26.4,Intermediate,Medium,13461.09,638439.24,Medium
project_08067,Healthcare,High,9,11,2,22,24,5.4,38.9,Intermediate,Medium,36643.78,2135475.49,High
project_08068,EdTech,Low,4,3,2,6,12,2.8,9.0,Basic,Medium,2208.49,82918.5,Low
project_08069,E-commerce,Medium,7,6,2,12,17,4.2,23.5,Basic,Medium,10477.74,527729.44,Medium
project_08070,EdTech,High,11,12,2,24,24,7.8,68.6,Advanced,High,66979.86,4148033.4,High
project_08071,E-commerce,Low,3,3,2,6,12,3.0,7.2,Basic,Medium,1810.92,59295.35,Low
project_08072,Cloud System,Medium,6,4,2,8,22,4.3,20.6,Intermediate,Low,7310.45,305272.9,Medium
project_08073,FinTech,High,8,6,2,12,29,6.1,39.0,Intermediate,High,21508.16,1244627.0,High
project_08074,Healthcare,Low,5,4,2,8,11,2.6,10.4,Basic,Low,3440.02,125428.85,Low
project_08075,E-commerce,Medium,7,7,2,14,16,5.5,30.8,Intermediate,Low,13347.71,631412.88,Medium
project_08076,SaaS,High,9,12,2,24,20,5.2,37.4,Advanced,High,55581.48,2920535.46,High
project_08077,AI Platform,Low,4,2,2,4,10,3.2,10.2,Basic,Low,1376.79,43105.83,Low
project_08078,EdTech,Medium,8,5,2,10,20,4.5,28.8,Intermediate,Low,11270.95,573241.05,Medium
project_08079,E-commerce,High,8,8,2,16,27,5.0,32.0,Advanced,High,32886.4,1969082.01,High
project_08080,AI Platform,Low,3,4,2,8,14,2.4,5.8,Basic,Low,1956.45,71152.77,Low
project_08081,EdTech,Medium,5,7,2,14,16,5.5,22.0,Intermediate,Low,10104.0,470934.97,Medium
project_08082,EdTech,High,8,8,2,16,26,6.5,41.6,Intermediate,High,28654.62,1598993.3,High
project_08083,EdTech,Low,4,2,2,4,15,3.3,10.6,Basic,Low,1510.77,60680.03,Low
project_08084,FinTech,Medium,8,7,2,14,17,4.1,26.2,Intermediate,High,19192.05,845519.2,High
project_08085,E-commerce,High,10,9,2,18,28,5.3,42.4,Advanced,Medium,41972.08,2256318.59,High
project_08086,Healthcare,Low,4,2,2,4,11,3.9,12.5,Basic,Low,1400.7,47616.63,Low
project_08087,FinTech,Medium,8,8,2,16,15,5.6,35.8,Basic,Low,13573.08,675016.18,Medium
project_08088,EdTech,High,11,8,2,16,28,7.2,63.4,Advanced,High,45510.84,2466478.04,High
project_08089,SaaS,Low,5,2,2,4,15,3.4,13.6,Basic,Medium,2081.04,67683.64,Low
project_08090,EdTech,Medium,5,5,2,10,19,5.6,22.4,Intermediate,Medium,8271.77,356311.9,Medium
project_08091,IoT,High,12,11,2,22,29,7.7,73.9,Advanced,Medium,57478.73,3551657.25,High
project_08092,E-commerce,Low,3,3,2,6,11,3.1,7.4,Basic,Medium,1787.68,60258.46,Low
project_08093,SaaS,Medium,8,6,2,12,19,5.6,35.8,Intermediate,Medium,14452.03,693100.12,Medium
project_08094,EdTech,High,9,12,2,24,25,7.6,54.7,Intermediate,High,46773.1,2602490.42,High
project_08095,Healthcare,Low,3,4,2,8,11,3.7,8.9,Basic,Low,2051.94,67922.72,Low
project_08096,Cloud System,Medium,6,8,2,16,17,5.6,26.9,Intermediate,Medium,15567.28,688159.25,Medium
project_08097,E-commerce,High,9,8,2,16,24,6.4,46.1,Advanced,High,35747.33,2045441.38,High
project_08098,Healthcare,Low,3,4,2,8,14,2.4,5.8,Basic,Low,2150.27,77367.8,Low
project_08099,FinTech,Medium,6,8,2,16,18,5.2,25.0,Basic,High,13668.08,588938.35,High
project_08100,Cloud System,High,11,7,2,14,27,5.9,51.9,Advanced,Medium,34437.66,2210905.89,High
project_08101,AI Platform,Low,4,2,2,4,10,3.2,10.2,Basic,Low,1422.25,57250.83,Low
project_08102,AI Platform,Medium,6,4,2,8,15,4.4,21.1,Intermediate,Medium,7600.04,352904.26,Medium
project_08103,IoT,High,8,8,2,16,23,6.6,42.2,Intermediate,High,28000.98,1489306.45,High
project_08104,EdTech,Low,3,4,2,8,15,2.3,5.5,Basic,Medium,2247.47,85903.49,Low
project_08105,EdTech,Medium,6,5,2,10,19,4.9,23.5,Intermediate,Medium,9701.7,423169.5,Medium
project_08106,AI Platform,High,11,12,2,24,27,6.4,56.3,Advanced,Medium,61348.3,3620257.19,High
project_08107,IoT,Low,5,3,2,6,15,3.0,12.0,Basic,Low,2704.17,98035.82,Low
project_08108,Cloud System,Medium,8,5,2,10,20,5.4,34.6,Basic,High,11937.66,561781.22,High
project_08109,IoT,High,8,10,2,20,22,6.6,42.2,Intermediate,Medium,31153.87,1676807.21,High
project_08110,EdTech,Low,3,2,2,4,11,2.7,6.5,Basic,Low,1068.73,34249.06,Low
project_08111,FinTech,Medium,7,6,2,12,15,4.5,25.2,Intermediate,High,15026.76,698151.39,High
project_08112,E-commerce,High,9,9,2,18,30,7.6,54.7,Advanced,High,43491.72,2403623.07,High
project_08113,EdTech,Low,4,2,2,4,11,3.4,10.9,Basic,Low,1389.7,46242.55,Low
project_08114,Healthcare,Medium,6,8,2,16,21,4.1,19.7,Basic,Medium,11534.33,461372.77,Medium
project_08115,EdTech,High,12,10,2,20,25,7.3,70.1,Intermediate,Medium,45974.94,2443258.94,High
project_08116,IoT,Low,5,3,2,6,12,3.3,13.2,Basic,Low,2533.65,85231.51,Low
project_08117,IoT,Medium,7,7,2,14,18,4.2,23.5,Intermediate,Medium,14936.06,686711.56,Medium
project_08118,EdTech,High,12,12,2,24,20,7.4,71.0,Advanced,Medium,64817.56,3420841.03,High
project_08119,AI Platform,Low,3,3,2,6,15,2.0,4.8,Basic,Low,1618.12,62956.78,Low
project_08120,Healthcare,Medium,5,4,2,8,15,4.9,19.6,Intermediate,Low,5776.46,244884.32,Medium
project_08121,E-commerce,High,10,8,2,16,22,5.8,46.4,Intermediate,Medium,30029.56,1679093.01,High
project_08122,IoT,Low,3,3,2,6,11,2.8,6.7,Basic,Low,1575.34,52979.55,Low
project_08123,Healthcare,Medium,5,4,2,8,22,4.8,19.2,Intermediate,Medium,6685.69,312650.38,Medium
project_08124,FinTech,High,12,12,2,24,27,5.1,49.0,Advanced,High,76053.92,4171081.6,High
project_08125,SaaS,Low,3,3,2,6,12,3.1,7.4,Basic,Low,1631.56,51216.5,Low
project_08126,FinTech,Medium,5,7,2,14,20,5.7,22.8,Intermediate,Medium,10864.52,490092.44,Medium
project_08127,IoT,High,8,7,2,14,27,5.5,35.2,Intermediate,High,25009.09,1440547.98,High
project_08128,E-commerce,Low,4,2,2,4,11,3.7,11.8,Basic,Low,1511.69,49544.38,Low
project_08129,EdTech,Medium,7,5,2,10,15,4.6,25.8,Basic,Medium,8463.73,367299.75,Medium
project_08130,FinTech,High,11,11,2,22,29,7.3,64.2,Intermediate,Medium,43655.64,2741438.32,High
project_08131,Cloud System,Low,4,4,2,8,11,3.8,12.2,Basic,Low,2596.46,104447.7,Low
project_08132,E-commerce,Medium,5,5,2,10,21,5.6,22.4,Intermediate,Medium,8463.33,432427.83,Medium
project_08133,EdTech,High,11,12,2,24,21,6.8,59.8,Advanced,Medium,58062.71,3360623.69,High
project_08134,SaaS,Low,5,2,2,4,11,3.8,15.2,Basic,Low,1840.49,60378.17,Low
project_08135,IoT,Medium,8,7,2,14,21,6.0,38.4,Basic,Medium,13492.77,673760.82,Medium
project_08136,Cloud System,High,12,12,2,24,24,6.6,63.4,Advanced,High,72171.71,3534046.76,High
project_08137,FinTech,Low,5,2,2,4,14,3.6,14.4,Basic,Low,1786.43,55360.34,Low
project_08138,AI Platform,Medium,5,4,2,8,18,5.6,22.4,Basic,Medium,5514.16,232783.54,Medium
project_08139,FinTech,High,9,9,2,18,20,7.3,52.6,Advanced,High,42118.6,2180774.07,High
project_08140,IoT,Low,4,2,2,4,12,3.9,12.5,Basic,Low,1442.3,47020.89,Low
project_08141,IoT,Medium,5,8,2,16,19,4.0,16.0,Basic,Medium,10102.5,394290.3,Medium
project_08142,SaaS,High,9,12,2,24,21,7.6,54.7,Intermediate,High,48138.85,2676979.95,High
project_08143,E-commerce,Low,3,3,2,6,11,2.9,7.0,Basic,Low,1509.38,58465.52,Low
project_08144,SaaS,Medium,8,7,2,14,19,5.4,34.6,Intermediate,Medium,16806.05,833982.51,Medium
project_08145,FinTech,High,12,9,2,18,24,6.7,64.3,Advanced,High,54585.76,3036625.45,High
project_08146,SaaS,Low,5,3,2,6,10,3.4,13.6,Basic,Low,2494.26,83179.45,Low
project_08147,FinTech,Medium,7,4,2,8,15,4.7,26.3,Intermediate,Low,7928.51,329968.35,Medium
project_08148,AI Platform,High,11,6,2,12,28,5.2,45.8,Intermediate,Medium,24586.07,1448784.48,High
project_08149,Healthcare,Low,4,4,2,8,13,3.8,12.2,Basic,Low,2682.28,109096.81,Low
project_08150,SaaS,Medium,5,5,2,10,19,4.2,16.8,Intermediate,Medium,7895.47,418189.49,Medium
project_08151,Cloud System,High,10,8,2,16,24,7.8,62.4,Advanced,High,43977.43,2305375.51,High
project_08152,E-commerce,Low,4,2,2,4,15,2.2,7.0,Basic,Low,1428.34,51408.94,Low
project_08153,E-commerce,Medium,5,6,2,12,18,5.1,20.4,Basic,Low,7142.42,322366.03,Medium
project_08154,FinTech,High,10,11,2,22,28,7.5,60.0,Advanced,High,54227.35,3375879.35,High
project_08155,E-commerce,Low,3,2,2,4,15,3.1,7.4,Basic,Low,1142.18,43751.04,Low
project_08156,E-commerce,Medium,6,4,2,8,20,5.9,28.3,Intermediate,Medium,8245.61,392560.16,Medium
project_08157,Cloud System,High,11,7,2,14,30,6.8,59.8,Advanced,High,42115.79,2366973.92,High
project_08158,IoT,Low,5,4,2,8,15,3.0,12.0,Basic,Low,3516.29,104262.57,Low
project_08159,Healthcare,Medium,7,6,2,12,17,4.3,24.1,Intermediate,High,15450.19,609991.71,High
project_08160,EdTech,High,8,11,2,22,29,7.2,46.1,Advanced,High,43899.67,2818905.68,High
project_08161,IoT,Low,4,4,2,8,10,3.4,10.9,Basic,Low,2685.49,104495.56,Low
project_08162,Cloud System,Medium,6,4,2,8,22,5.3,25.4,Intermediate,Medium,8073.27,400997.88,Medium
project_08163,AI Platform,High,9,7,2,14,20,5.0,36.0,Advanced,Medium,29209.2,1667376.91,High
project_08164,FinTech,Low,4,2,2,4,10,2.3,7.4,Basic,Medium,1547.45,47841.15,Low
project_08165,Healthcare,Medium,5,5,2,10,16,4.3,17.2,Intermediate,Low,7321.11,320140.95,Medium
project_08166,AI Platform,High,11,7,2,14,23,5.9,51.9,Advanced,Medium,34720.51,1866802.32,High
project_08167,FinTech,Low,5,2,2,4,10,2.5,10.0,Basic,Low,1721.83,57002.51,Low
project_08168,FinTech,Medium,5,4,2,8,18,4.8,19.2,Basic,Medium,5162.6,255447.39,Medium
project_08169,FinTech,High,11,10,2,20,28,5.7,50.2,Advanced,High,56370.79,3157107.3,High
project_08170,EdTech,Low,5,4,2,8,15,2.9,11.6,Basic,Low,3460.38,117546.7,Low
project_08171,Healthcare,Medium,7,6,2,12,15,4.5,25.2,Basic,Low,8977.17,438962.85,Medium
project_08172,IoT,High,8,11,2,22,25,7.5,48.0,Advanced,High,47536.65,2521428.88,High
project_08173,Healthcare,Low,5,3,2,6,13,2.1,8.4,Basic,Medium,2667.65,100144.23,Low
project_08174,Healthcare,Medium,6,8,2,16,15,4.4,21.1,Intermediate,High,16312.04,730162.51,High
project_08175,AI Platform,High,12,9,2,18,20,7.8,74.9,Advanced,High,57007.92,3120603.47,High
project_08176,AI Platform,Low,4,2,2,4,13,2.8,9.0,Basic,Medium,1638.42,54629.91,Low
project_08177,E-commerce,Medium,8,4,2,8,22,5.2,33.3,Basic,Medium,8119.64,391626.6,Medium
project_08178,IoT,High,8,8,2,16,21,7.9,50.6,Intermediate,High,27620.53,1749091.09,High
project_08179,AI Platform,Low,5,2,2,4,10,3.2,12.8,Basic,Low,1774.24,55007.34,Low
project_08180,AI Platform,Medium,5,7,2,14,17,4.1,16.4,Intermediate,Low,9507.13,444104.5,Medium
project_08181,Healthcare,High,9,11,2,22,25,6.2,44.6,Advanced,Medium,43763.3,2550487.76,High
project_08182,AI Platform,Low,3,2,2,4,13,3.0,7.2,Basic,Low,1093.85,38207.12,Low
project_08183,Healthcare,Medium,6,4,2,8,19,4.1,19.7,Intermediate,Medium,7357.4,342637.57,Medium
project_08184,SaaS,High,8,10,2,20,21,6.2,39.7,Advanced,High,41849.94,2520347.24,High
project_08185,AI Platform,Low,5,4,2,8,14,3.8,15.2,Basic,Low,3531.07,104526.89,Low
project_08186,AI Platform,Medium,8,6,2,12,22,5.5,35.2,Basic,High,13680.8,675697.26,High
project_08187,Cloud System,High,9,8,2,16,27,5.7,41.0,Intermediate,High,31321.83,1846076.05,High
project_08188,Healthcare,Low,4,4,2,8,11,3.5,11.2,Basic,Medium,3031.18,93693.67,Low
project_08189,EdTech,Medium,5,4,2,8,16,5.9,23.6,Intermediate,Medium,6376.89,300458.02,Medium
project_08190,EdTech,High,11,8,2,16,25,5.0,44.0,Advanced,Medium,38260.01,2313779.55,High
project_08191,Healthcare,Low,4,3,2,6,13,2.6,8.3,Basic,Medium,2250.99,88841.86,Low
project_08192,SaaS,Medium,6,7,2,14,22,4.5,21.6,Basic,Medium,10774.77,467918.54,Medium
project_08193,AI Platform,High,12,10,2,20,27,5.5,52.8,Intermediate,High,49190.96,2620991.09,High
project_08194,Cloud System,Low,4,3,2,6,13,3.3,10.6,Basic,Low,2070.51,75682.54,Low
project_08195,SaaS,Medium,8,7,2,14,17,4.7,30.1,Basic,Low,12385.8,510757.14,Medium
project_08196,SaaS,High,11,11,2,22,27,5.4,47.5,Intermediate,Medium,45727.9,2524491.41,High
project_08197,E-commerce,Low,4,2,2,4,13,2.7,8.6,Basic,Low,1356.27,53502.07,Low
project_08198,FinTech,Medium,7,4,2,8,19,4.4,24.6,Intermediate,Low,8013.94,357029.74,Medium
project_08199,Cloud System,High,10,12,2,24,20,6.4,51.2,Intermediate,Medium,44168.9,2358362.75,High
project_08200,AI Platform,Low,4,4,2,8,13,3.3,10.6,Basic,Low,2682.75,101637.04,Low
project_08201,EdTech,Medium,6,5,2,10,15,4.2,20.2,Intermediate,Low,8566.43,339586.68,Medium
project_08202,SaaS,High,11,10,2,20,29,7.7,67.8,Advanced,High,58081.59,2991469.92,High
project_08203,AI Platform,Low,4,4,2,8,14,3.4,10.9,Basic,Low,2787.09,95595.31,Low
project_08204,Cloud System,Medium,5,7,2,14,20,4.6,18.4,Basic,Medium,8893.42,402154.23,Medium
project_08205,E-commerce,High,8,6,2,12,24,7.4,47.4,Intermediate,High,21744.75,1177602.96,High
project_08206,E-commerce,Low,4,3,2,6,11,3.4,10.9,Basic,Low,2168.8,71441.73,Low
project_08207,SaaS,Medium,7,5,2,10,18,5.2,29.1,Intermediate,Medium,11147.59,480060.25,Medium
project_08208,AI Platform,High,9,10,2,20,24,5.9,42.5,Advanced,High,46482.13,2388094.01,High
project_08209,FinTech,Low,3,2,2,4,10,3.1,7.4,Basic,Medium,1227.04,48750.06,Low
project_08210,IoT,Medium,7,6,2,12,15,4.8,26.9,Intermediate,Medium,13316.12,581677.52,Medium
project_08211,Cloud System,High,12,12,2,24,30,5.4,51.8,Intermediate,High,62288.61,3612227.26,High
project_08212,Healthcare,Low,3,3,2,6,12,2.7,6.5,Basic,Low,1572.46,60354.8,Low
project_08213,Healthcare,Medium,7,7,2,14,15,4.5,25.2,Intermediate,Medium,15730.45,716764.44,Medium
project_08214,Healthcare,High,10,12,2,24,24,7.6,60.8,Advanced,Medium,53911.84,2818872.32,High
project_08215,Cloud System,Low,3,4,2,8,10,2.5,6.0,Basic,Medium,2326.82,85051.51,Low
project_08216,Cloud System,Medium,6,5,2,10,19,4.3,20.6,Intermediate,Medium,9947.56,382542.51,Medium
project_08217,Cloud System,High,10,7,2,14,22,5.9,47.2,Intermediate,High,29169.16,1610212.06,High
project_08218,Cloud System,Low,4,4,2,8,12,3.0,9.6,Basic,Medium,2957.62,115827.99,Low
project_08219,SaaS,Medium,8,6,2,12,21,5.3,33.9,Basic,Low,11440.26,470274.78,Medium
project_08220,FinTech,High,9,7,2,14,28,5.3,38.2,Advanced,High,33888.27,1915847.22,High
project_08221,Healthcare,Low,3,2,2,4,15,3.5,8.4,Basic,Medium,1348.42,42676.14,Low
project_08222,E-commerce,Medium,8,6,2,12,20,4.1,26.2,Basic,Medium,11442.4,513239.96,Medium
project_08223,E-commerce,High,12,7,2,14,20,6.3,60.5,Advanced,Medium,38302.2,2276163.51,High
project_08224,EdTech,Low,3,2,2,4,14,2.9,7.0,Basic,Low,1111.33,43874.39,Low
project_08225,AI Platform,Medium,5,5,2,10,18,4.9,19.6,Basic,Low,6126.64,293919.81,Medium
project_08226,FinTech,High,10,10,2,20,23,7.0,56.0,Intermediate,High,44648.09,2591810.93,High
project_08227,E-commerce,Low,5,3,2,6,13,3.4,13.6,Basic,Medium,2775.86,88433.81,Low
project_08228,AI Platform,Medium,8,8,2,16,21,5.5,35.2,Intermediate,Medium,19788.39,831541.37,Medium
project_08229,Cloud System,High,11,9,2,18,27,5.2,45.8,Advanced,Medium,44306.11,2455651.22,High
project_08230,EdTech,Low,3,4,2,8,15,3.6,8.6,Basic,Low,2070.29,65632.38,Low
project_08231,IoT,Medium,5,7,2,14,20,5.0,20.0,Basic,Medium,8976.83,449438.43,Medium
project_08232,FinTech,High,9,9,2,18,20,7.6,54.7,Advanced,Medium,35964.23,2015742.93,High
project_08233,Cloud System,Low,3,4,2,8,10,2.1,5.0,Basic,Medium,2140.11,65083.45,Low
project_08234,EdTech,Medium,5,4,2,8,19,4.7,18.8,Intermediate,Low,5835.93,285332.39,Medium
project_08235,Cloud System,High,10,12,2,24,21,5.8,46.4,Intermediate,Medium,45221.05,2518639.78,High
project_08236,FinTech,Low,5,4,2,8,15,3.8,15.2,Basic,Low,3344.4,125788.81,Low
project_08237,AI Platform,Medium,5,5,2,10,19,4.7,18.8,Basic,High,7713.3,353301.88,High
project_08238,FinTech,High,10,9,2,18,30,5.4,43.2,Advanced,High,48566.34,2408050.74,High
project_08239,SaaS,Low,4,3,2,6,12,2.5,8.0,Basic,Low,2005.57,62101.4,Low
project_08240,AI Platform,Medium,8,7,2,14,19,4.6,29.4,Intermediate,Low,15594.98,732713.38,Medium
project_08241,SaaS,High,11,11,2,22,24,5.4,47.5,Intermediate,Medium,46010.73,2329807.74,High
project_08242,IoT,Low,3,3,2,6,15,3.2,7.7,Basic,Low,1683.34,48515.96,Low
project_08243,FinTech,Medium,8,6,2,12,19,5.0,32.0,Intermediate,High,17513.5,746828.09,High
project_08244,Cloud System,High,11,10,2,20,26,7.6,66.9,Advanced,Medium,49343.01,3001316.1,High
project_08245,EdTech,Low,3,2,2,4,12,3.1,7.4,Basic,Low,1071.76,35320.12,Low
project_08246,Healthcare,Medium,8,6,2,12,21,4.6,29.4,Basic,Low,11286.64,448251.84,Medium
project_08247,Cloud System,High,10,11,2,22,20,7.3,58.4,Advanced,High,56077.09,3258499.29,High
project_08248,IoT,Low,5,2,2,4,14,2.1,8.4,Basic,Medium,1898.96,58445.93,Low
project_08249,SaaS,Medium,7,7,2,14,21,4.5,25.2,Intermediate,Low,14183.61,642797.69,Medium
project_08250,Cloud System,High,9,9,2,18,24,6.0,43.2,Advanced,High,42628.2,2361480.01,High
project_08251,EdTech,Low,5,3,2,6,11,2.2,8.8,Basic,Medium,2650.75,98496.59,Low
project_08252,EdTech,Medium,7,4,2,8,19,4.8,26.9,Basic,Medium,7292.65,316231.68,Medium
project_08253,SaaS,High,11,10,2,20,23,7.8,68.6,Advanced,High,58956.61,3354991.05,High
project_08254,Cloud System,Low,5,3,2,6,12,3.4,13.6,Basic,Medium,2878.33,101827.83,Low
project_08255,FinTech,Medium,8,8,2,16,21,5.8,37.1,Basic,High,17329.6,907147.18,High
project_08256,Cloud System,High,8,7,2,14,21,6.4,41.0,Advanced,Medium,25558.33,1369792.9,High
project_08257,SaaS,Low,4,2,2,4,10,2.7,8.6,Basic,Low,1352.69,53140.99,Low
project_08258,Healthcare,Medium,8,6,2,12,15,5.0,32.0,Basic,Low,10418.36,443454.16,Medium
project_08259,E-commerce,High,11,9,2,18,28,6.1,53.7,Advanced,Medium,42736.59,2201822.45,High
project_08260,SaaS,Low,5,2,2,4,10,2.6,10.4,Basic,Low,1669.78,55171.79,Low
project_08261,AI Platform,Medium,8,5,2,10,18,5.1,32.6,Basic,Medium,10169.5,438051.77,Medium
project_08262,Healthcare,High,8,9,2,18,20,5.3,33.9,Advanced,High,36401.77,2068528.58,High
project_08263,FinTech,Low,3,3,2,6,12,2.7,6.5,Basic,Medium,1781.49,62139.97,Low
project_08264,E-commerce,Medium,6,4,2,8,18,5.8,27.8,Intermediate,Medium,7695.15,331923.6,Medium
project_08265,Healthcare,High,8,12,2,24,25,6.7,42.9,Advanced,Medium,41943.83,2137444.95,High
project_08266,IoT,Low,4,2,2,4,13,3.3,10.6,Basic,Medium,1624.64,48061.25,Low
project_08267,E-commerce,Medium,7,6,2,12,16,6.0,33.6,Basic,High,12379.29,496136.69,High
project_08268,Cloud System,High,8,9,2,18,24,6.2,39.7,Advanced,Medium,33034.29,1659606.78,High
project_08269,IoT,Low,5,2,2,4,15,2.9,11.6,Basic,Low,1766.94,63607.17,Low
project_08270,E-commerce,Medium,7,4,2,8,19,5.8,32.5,Intermediate,Medium,8979.61,415459.48,Medium
project_08271,FinTech,High,10,9,2,18,22,7.4,59.2,Advanced,High,45675.16,2658696.07,High
project_08272,E-commerce,Low,3,2,2,4,11,2.8,6.7,Basic,Low,1097.28,38947.51,Low
project_08273,FinTech,Medium,8,8,2,16,17,4.8,30.7,Intermediate,Medium,19077.48,816567.99,Medium
project_08274,SaaS,High,8,9,2,18,25,7.7,49.3,Advanced,High,38669.28,2053215.01,High
project_08275,FinTech,Low,4,3,2,6,15,3.6,11.5,Basic,Low,2230.22,71487.36,Low
project_08276,AI Platform,Medium,5,8,2,16,20,4.5,18.0,Basic,Medium,10397.8,387346.01,Medium
project_08277,AI Platform,High,12,9,2,18,23,6.5,62.4,Advanced,Medium,50939.3,2938395.75,High
project_08278,EdTech,Low,4,2,2,4,10,3.0,9.6,Basic,Low,1333.03,54055.47,Low
project_08279,FinTech,Medium,5,4,2,8,15,4.7,18.8,Intermediate,High,7004.0,375395.96,High
project_08280,IoT,High,10,9,2,18,28,6.8,54.4,Advanced,Medium,43290.59,2270183.87,High
project_08281,IoT,Low,4,4,2,8,12,2.5,8.0,Basic,Low,2641.09,91548.16,Low
project_08282,EdTech,Medium,6,6,2,12,16,4.8,23.0,Intermediate,Medium,11067.53,456156.98,Medium
project_08283,Cloud System,High,12,7,2,14,28,7.4,71.0,Advanced,Medium,40198.59,2039586.45,High
project_08284,AI Platform,Low,3,2,2,4,10,2.3,5.5,Basic,Medium,1141.34,37756.88,Low
project_08285,EdTech,Medium,5,6,2,12,20,4.4,17.6,Intermediate,Medium,9835.76,450290.15,Medium
project_08286,FinTech,High,9,9,2,18,21,5.4,38.9,Advanced,High,41036.96,2454798.67,High
project_08287,FinTech,Low,5,3,2,6,10,3.6,14.4,Basic,Medium,2730.12,103985.49,Low
project_08288,EdTech,Medium,5,5,2,10,16,4.0,16.0,Basic,Medium,6533.85,248587.28,Medium
project_08289,E-commerce,High,11,8,2,16,30,7.2,63.4,Advanced,High,44669.81,2825777.5,High
project_08290,IoT,Low,5,2,2,4,13,4.0,16.0,Basic,Medium,1889.6,71306.48,Low
project_08291,IoT,Medium,6,6,2,12,19,5.1,24.5,Basic,Medium,9020.4,409053.74,Medium
project_08292,EdTech,High,10,12,2,24,27,7.4,59.2,Advanced,Medium,55327.91,2950243.72,High
project_08293,Healthcare,Low,5,4,2,8,11,4.0,16.0,Basic,Low,3403.59,120158.72,Low
project_08294,SaaS,Medium,7,7,2,14,16,4.4,24.6,Intermediate,Low,13358.8,618060.79,Medium
project_08295,EdTech,High,10,9,2,18,24,5.4,43.2,Intermediate,High,39510.46,1887122.33,High
project_08296,SaaS,Low,5,2,2,4,14,3.5,14.0,Basic,Medium,1946.3,79087.61,Low
project_08297,AI Platform,Medium,6,8,2,16,15,5.2,25.0,Basic,Medium,11474.36,581927.21,Medium
project_08298,AI Platform,High,9,6,2,12,23,7.4,53.3,Advanced,High,29318.81,1508224.66,High
project_08299,SaaS,Low,5,3,2,6,10,2.2,8.8,Basic,Low,2562.43,81130.52,Low
project_08300,Cloud System,Medium,8,4,2,8,22,5.2,33.3,Intermediate,Medium,10402.74,436715.5,Medium
project_08301,SaaS,High,10,8,2,16,22,5.3,42.4,Intermediate,Medium,30004.82,1635505.7,High
project_08302,AI Platform,Low,4,4,2,8,10,2.1,6.7,Basic,Low,2540.3,79576.15,Low
project_08303,AI Platform,Medium,8,4,2,8,20,5.1,32.6,Intermediate,Medium,10739.79,444405.39,Medium
project_08304,IoT,High,12,6,2,12,20,6.7,64.3,Advanced,High,37193.71,2018806.53,High
project_08305,Healthcare,Low,3,3,2,6,14,3.4,8.2,Basic,Low,1579.42,50568.52,Low
project_08306,AI Platform,Medium,6,6,2,12,15,4.2,20.2,Intermediate,High,12142.46,650444.59,High
project_08307,E-commerce,High,10,9,2,18,22,5.0,40.0,Advanced,High,46369.2,2766038.5,High
project_08308,Cloud System,Low,3,3,2,6,13,2.5,6.0,Basic,Low,1532.29,56232.9,Low
project_08309,IoT,Medium,5,4,2,8,19,4.5,18.0,Basic,Medium,5030.04,226699.33,Medium
project_08310,IoT,High,12,12,2,24,21,5.2,49.9,Intermediate,High,62301.62,3024425.61,High
project_08311,SaaS,Low,5,2,2,4,13,2.6,10.4,Basic,Medium,1965.75,64764.83,Low
project_08312,SaaS,Medium,5,8,2,16,22,4.2,16.8,Intermediate,High,14472.57,646875.25,High
project_08313,SaaS,High,11,12,2,24,27,7.3,64.2,Advanced,High,67295.07,3362346.74,High
project_08314,Healthcare,Low,3,4,2,8,12,2.7,6.5,Basic,Low,2001.02,67291.54,Low
project_08315,E-commerce,Medium,5,6,2,12,17,5.6,22.4,Intermediate,Low,8533.49,401432.47,Medium
project_08316,EdTech,High,10,8,2,16,28,5.9,47.2,Advanced,High,42471.15,2263693.64,High
project_08317,IoT,Low,4,4,2,8,14,3.5,11.2,Basic,Low,2853.86,85495.98,Low
project_08318,IoT,Medium,7,5,2,10,18,5.1,28.6,Basic,Medium,9249.02,433253.25,Medium
project_08319,AI Platform,High,8,9,2,18,24,7.3,46.7,Advanced,High,38912.46,2090591.62,High
project_08320,SaaS,Low,4,3,2,6,14,2.9,9.3,Basic,Low,2173.46,70907.11,Low
project_08321,Cloud System,Medium,8,7,2,14,16,5.4,34.6,Basic,Medium,13140.22,663366.51,Medium
project_08322,Healthcare,High,9,6,2,12,29,7.9,56.9,Advanced,Medium,26929.5,1381491.25,High
project_08323,E-commerce,Low,5,3,2,6,15,3.4,13.6,Basic,Medium,2820.86,93535.28,Low
project_08324,SaaS,Medium,8,6,2,12,22,4.3,27.5,Basic,Medium,11857.54,543518.01,Medium
project_08325,Cloud System,High,11,10,2,20,27,7.0,61.6,Advanced,High,54356.07,2933599.76,High
project_08326,Healthcare,Low,3,2,2,4,14,2.4,5.8,Basic,Low,1104.08,32640.7,Low
project_08327,IoT,Medium,8,5,2,10,19,4.4,28.2,Basic,Medium,9905.56,460513.63,Medium
project_08328,E-commerce,High,8,8,2,16,29,6.9,44.2,Advanced,Medium,29412.04,1552460.23,High
project_08329,E-commerce,Low,4,3,2,6,11,3.6,11.5,Basic,Low,2104.43,62837.38,Low
project_08330,EdTech,Medium,7,7,2,14,22,5.5,30.8,Intermediate,Low,13741.51,599335.14,Medium
project_08331,AI Platform,High,8,6,2,12,20,7.8,49.9,Advanced,High,25722.57,1336375.07,High
project_08332,AI Platform,Low,5,4,2,8,10,3.9,15.6,Basic,Low,3441.41,96620.89,Low
project_08333,FinTech,Medium,6,6,2,12,16,4.8,23.0,Intermediate,Low,9821.94,410159.52,Medium
project_08334,FinTech,High,10,8,2,16,24,5.1,40.8,Intermediate,High,33722.18,1960931.49,High
project_08335,Healthcare,Low,5,2,2,4,12,3.8,15.2,Basic,Low,1816.38,54921.83,Low
project_08336,Healthcare,Medium,8,7,2,14,20,5.2,33.3,Basic,High,15963.51,809937.28,High
project_08337,Healthcare,High,10,10,2,20,26,6.5,52.0,Advanced,High,50142.46,2779395.34,High
project_08338,SaaS,Low,3,3,2,6,10,3.1,7.4,Basic,Medium,1658.1,64589.87,Low
project_08339,SaaS,Medium,7,4,2,8,22,5.4,30.2,Intermediate,Low,8401.27,380054.9,Medium
project_08340,Healthcare,High,11,9,2,18,28,7.4,65.1,Advanced,High,49981.48,2932577.15,High
project_08341,IoT,Low,5,3,2,6,15,3.9,15.6,Basic,Medium,2818.43,108073.14,Low
project_08342,Healthcare,Medium,7,8,2,16,16,5.5,30.8,Basic,Medium,13443.62,609218.53,Medium
project_08343,Cloud System,High,10,6,2,12,26,6.0,48.0,Advanced,High,30915.38,1703660.05,High
project_08344,EdTech,Low,5,4,2,8,14,2.5,10.0,Basic,Low,3411.39,104076.03,Low
project_08345,Healthcare,Medium,5,7,2,14,15,5.9,23.6,Intermediate,Medium,11369.8,496019.7,Medium
project_08346,SaaS,High,9,9,2,18,23,6.9,49.7,Advanced,High,42514.2,2271304.05,High
project_08347,SaaS,Low,4,2,2,4,13,4.0,12.8,Basic,Medium,1718.36,58568.27,Low
project_08348,E-commerce,Medium,6,5,2,10,20,5.5,26.4,Intermediate,Medium,9846.84,495045.87,Medium
project_08349,FinTech,High,10,11,2,22,21,5.6,44.8,Advanced,High,57090.67,3171591.06,High
project_08350,Cloud System,Low,5,4,2,8,14,4.0,16.0,Basic,Medium,3797.3,131827.74,Low
project_08351,E-commerce,Medium,5,4,2,8,15,4.3,17.2,Basic,Medium,5139.71,252004.69,Medium
project_08352,IoT,High,11,8,2,16,20,7.1,62.5,Advanced,Medium,41517.58,2230463.2,High
project_08353,Cloud System,Low,5,3,2,6,14,3.8,15.2,Basic,Low,2520.2,95505.72,Low
project_08354,IoT,Medium,5,5,2,10,15,5.9,23.6,Intermediate,Medium,8114.08,376211.04,Medium
project_08355,FinTech,High,11,11,2,22,21,6.8,59.8,Intermediate,Medium,46708.82,2385424.09,High
project_08356,EdTech,Low,3,4,2,8,11,3.7,8.9,Basic,Low,1979.94,79579.77,Low
project_08357,AI Platform,Medium,5,6,2,12,15,5.1,20.4,Basic,Low,7014.97,285215.54,Medium
project_08358,IoT,High,12,11,2,22,26,5.6,53.8,Intermediate,High,57986.8,2985032.33,High
project_08359,IoT,Low,4,2,2,4,14,2.5,8.0,Basic,Low,1439.28,49134.78,Low
project_08360,FinTech,Medium,8,5,2,10,15,4.1,26.2,Intermediate,Medium,11864.32,494221.6,Medium
project_08361,SaaS,High,12,7,2,14,21,6.7,64.3,Intermediate,Medium,33333.44,1975431.74,High
project_08362,IoT,Low,5,4,2,8,13,3.9,15.6,Basic,Medium,3896.56,146361.63,Low
project_08363,Healthcare,Medium,7,4,2,8,21,4.5,25.2,Intermediate,Medium,9254.04,422968.3,Medium
project_08364,Cloud System,High,12,12,2,24,28,5.6,53.8,Intermediate,High,59515.02,3284572.87,High
project_08365,IoT,Low,3,4,2,8,13,3.4,8.2,Basic,Low,2058.85,71373.78,Low
project_08366,IoT,Medium,6,7,2,14,21,5.5,26.4,Basic,Low,9966.32,497676.61,Medium
project_08367,AI Platform,High,8,7,2,14,30,7.9,50.6,Advanced,High,30844.38,1763428.71,High
project_08368,FinTech,Low,3,3,2,6,11,2.9,7.0,Basic,Low,1620.72,52041.36,Low
project_08369,AI Platform,Medium,8,6,2,12,20,5.7,36.5,Intermediate,Medium,14671.2,721452.52,Medium
project_08370,SaaS,High,11,6,2,12,25,6.8,59.8,Advanced,Medium,31329.87,1649667.6,High
project_08371,E-commerce,Low,3,4,2,8,11,3.8,9.1,Basic,Low,2045.39,79566.16,Low
project_08372,Cloud System,Medium,8,7,2,14,15,5.1,32.6,Intermediate,High,19660.95,872912.1,High
project_08373,FinTech,High,10,12,2,24,24,7.4,59.2,Advanced,Medium,52740.58,2973035.57,High
project_08374,EdTech,Low,5,3,2,6,14,3.7,14.8,Basic,Low,2626.83,95726.23,Low
project_08375,AI Platform,Medium,5,7,2,14,19,5.1,20.4,Basic,High,9635.62,446076.01,High
project_08376,Cloud System,High,10,7,2,14,25,6.0,48.0,Advanced,High,38101.84,2037640.58,High
project_08377,Cloud System,Low,5,3,2,6,14,2.1,8.4,Basic,Low,2524.26,84853.69,Low
project_08378,FinTech,Medium,8,5,2,10,22,5.6,35.8,Intermediate,Medium,12778.31,617970.99,Medium
project_08379,AI Platform,High,8,9,2,18,28,6.8,43.5,Intermediate,High,32214.53,1644528.43,High
project_08380,IoT,Low,3,2,2,4,12,2.4,5.8,Basic,Medium,1135.04,39627.15,Low
project_08381,Healthcare,Medium,5,6,2,12,19,4.9,19.6,Basic,Medium,7438.24,344965.35,Medium
project_08382,FinTech,High,9,6,2,12,22,6.0,43.2,Intermediate,High,23234.74,1199005.63,High
project_08383,SaaS,Low,3,3,2,6,10,2.2,5.3,Basic,Low,1542.51,48080.47,Low
project_08384,Healthcare,Medium,8,4,2,8,21,4.5,28.8,Basic,High,9502.05,400546.71,High
project_08385,FinTech,High,12,8,2,16,30,5.7,54.7,Advanced,High,48672.43,2748885.6,High
project_08386,EdTech,Low,4,2,2,4,12,2.9,9.3,Basic,Low,1489.3,55548.28,Low
project_08387,IoT,Medium,5,8,2,16,17,5.4,21.6,Intermediate,Medium,12744.56,527679.0,Medium
project_08388,E-commerce,High,11,7,2,14,22,5.9,51.9,Advanced,High,39504.45,2393410.02,High
project_08389,E-commerce,Low,4,3,2,6,10,2.5,8.0,Basic,Low,1955.08,62480.47,Low
project_08390,Cloud System,Medium,7,5,2,10,20,5.5,30.8,Basic,Medium,8997.24,433013.16,Medium
project_08391,IoT,High,9,12,2,24,27,6.8,49.0,Intermediate,High,46580.73,2524150.49,High
project_08392,FinTech,Low,4,3,2,6,15,3.2,10.2,Basic,Low,2208.85,75791.36,Low
project_08393,FinTech,Medium,6,7,2,14,19,5.3,25.4,Intermediate,High,14308.77,692855.84,High
project_08394,E-commerce,High,8,12,2,24,24,5.2,33.3,Advanced,High,50304.06,2675988.03,High
project_08395,E-commerce,Low,5,2,2,4,11,3.3,13.2,Basic,Medium,1869.86,68329.38,Low
project_08396,IoT,Medium,6,4,2,8,19,5.7,27.4,Basic,High,6913.62,324906.35,High
project_08397,E-commerce,High,8,6,2,12,25,7.1,45.4,Intermediate,High,20660.8,1269532.9,High
project_08398,E-commerce,Low,3,3,2,6,12,3.8,9.1,Basic,Low,1581.58,59229.13,Low
project_08399,SaaS,Medium,8,6,2,12,17,5.3,33.9,Intermediate,Medium,14747.2,756542.08,Medium
project_08400,IoT,High,12,11,2,22,21,6.0,57.6,Advanced,High,66530.85,3866225.79,High
project_08401,Healthcare,Low,5,2,2,4,12,2.0,8.0,Basic,Low,1671.45,62104.77,Low
project_08402,IoT,Medium,6,4,2,8,16,5.4,25.9,Intermediate,Medium,8041.74,356816.25,Medium
project_08403,Healthcare,High,9,8,2,16,25,6.7,48.2,Intermediate,High,32027.98,1869505.18,High
project_08404,AI Platform,Low,4,3,2,6,12,3.0,9.6,Basic,Low,2122.33,74784.04,Low
project_08405,SaaS,Medium,8,5,2,10,17,5.7,36.5,Intermediate,Low,11815.73,485958.93,Medium
project_08406,E-commerce,High,12,9,2,18,24,5.6,53.8,Advanced,Medium,48404.28,2670733.4,High
project_08407,IoT,Low,3,4,2,8,10,2.0,4.8,Basic,Low,2025.67,81286.04,Low
project_08408,Healthcare,Medium,7,4,2,8,15,5.7,31.9,Basic,High,7844.84,343240.28,High
project_08409,SaaS,High,8,8,2,16,25,5.3,33.9,Advanced,High,31993.73,1664785.03,High
project_08410,Healthcare,Low,5,2,2,4,13,2.2,8.8,Basic,Low,1717.54,55377.71,Low
project_08411,IoT,Medium,8,7,2,14,21,5.7,36.5,Basic,Low,12831.48,608755.81,Medium
project_08412,Healthcare,High,8,6,2,12,21,6.6,42.2,Advanced,Medium,21299.83,1299409.53,High
project_08413,E-commerce,Low,3,4,2,8,12,3.0,7.2,Basic,Medium,2205.43,69404.49,Low
project_08414,Healthcare,Medium,7,8,2,16,19,5.1,28.6,Basic,Medium,13194.48,586918.87,Medium
project_08415,AI Platform,High,8,6,2,12,28,5.2,33.3,Intermediate,Medium,18410.84,1008365.22,High
project_08416,AI Platform,Low,5,4,2,8,10,2.0,8.0,Basic,Medium,3712.68,128438.98,Low
project_08417,FinTech,Medium,7,4,2,8,16,5.2,29.1,Intermediate,Medium,8712.59,435298.66,Medium
project_08418,EdTech,High,11,11,2,22,26,6.5,57.2,Advanced,Medium,56679.15,2963253.92,High
project_08419,Healthcare,Low,3,4,2,8,12,3.0,7.2,Basic,Medium,2311.3,75613.01,Low
project_08420,EdTech,Medium,7,7,2,14,17,4.0,22.4,Intermediate,Low,13256.1,631431.63,Medium
project_08421,E-commerce,High,12,9,2,18,29,5.1,49.0,Advanced,High,54715.08,3377899.11,High
project_08422,AI Platform,Low,3,3,2,6,13,3.2,7.7,Basic,Low,1613.67,60018.51,Low
project_08423,E-commerce,Medium,6,5,2,10,19,4.5,21.6,Intermediate,Medium,9394.86,484727.46,Medium
project_08424,IoT,High,11,6,2,12,29,6.6,58.1,Intermediate,High,30654.29,1558843.7,High
project_08425,FinTech,Low,4,4,2,8,14,3.7,11.8,Basic,Low,2840.75,95898.77,Low
project_08426,Cloud System,Medium,6,5,2,10,22,4.8,23.0,Basic,Medium,7411.36,352560.84,Medium
project_08427,AI Platform,High,9,6,2,12,26,5.5,39.6,Advanced,High,29133.81,1570217.58,High
project_08428,IoT,Low,4,3,2,6,11,3.1,9.9,Basic,Low,2100.69,64517.38,Low
project_08429,EdTech,Medium,8,7,2,14,22,5.0,32.0,Intermediate,Medium,17350.02,742754.36,Medium
project_08430,AI Platform,High,8,7,2,14,22,7.4,47.4,Advanced,Medium,24996.29,1411825.66,High
project_08431,AI Platform,Low,4,2,2,4,15,3.6,11.5,Basic,Low,1491.02,57440.2,Low
project_08432,Cloud System,Medium,6,6,2,12,21,4.7,22.6,Intermediate,Low,10393.9,491410.43,Medium
project_08433,EdTech,High,10,11,2,22,29,6.6,52.8,Advanced,High,57531.16,3321631.86,High
project_08434,E-commerce,Low,5,4,2,8,13,2.0,8.0,Basic,Low,3209.99,110309.13,Low
project_08435,FinTech,Medium,7,8,2,16,19,5.9,33.0,Basic,Medium,13510.97,650239.11,Medium
project_08436,E-commerce,High,9,8,2,16,30,5.1,36.7,Intermediate,Medium,28544.15,1485598.83,High
project_08437,IoT,Low,3,3,2,6,12,3.0,7.2,Basic,Low,1514.06,50281.92,Low
project_08438,SaaS,Medium,7,7,2,14,19,5.5,30.8,Intermediate,High,17757.54,724821.3,High
project_08439,EdTech,High,11,7,2,14,30,7.7,67.8,Intermediate,High,35814.3,1920227.22,High
project_08440,IoT,Low,3,4,2,8,12,2.6,6.2,Basic,Low,2130.8,74880.92,Low
project_08441,Cloud System,Medium,8,6,2,12,21,5.9,37.8,Intermediate,High,16951.64,674085.94,High
project_08442,SaaS,High,12,12,2,24,25,7.6,73.0,Advanced,Medium,65764.08,3788506.21,High
project_08443,IoT,Low,5,3,2,6,10,3.0,12.0,Basic,Low,2622.36,74961.04,Low
project_08444,Cloud System,Medium,5,6,2,12,18,4.2,16.8,Intermediate,High,10289.86,501800.01,High
project_08445,AI Platform,High,8,6,2,12,27,7.8,49.9,Advanced,High,25278.79,1263959.62,High
project_08446,EdTech,Low,4,4,2,8,15,4.0,12.8,Basic,Low,2766.56,101956.53,Low
project_08447,EdTech,Medium,6,5,2,10,19,5.1,24.5,Basic,Low,7049.1,324537.13,Medium
project_08448,IoT,High,11,9,2,18,23,5.4,47.5,Intermediate,Medium,36950.34,1987840.4,High
project_08449,E-commerce,Low,4,3,2,6,12,3.5,11.2,Basic,Low,2028.8,81054.0,Low
project_08450,AI Platform,Medium,8,8,2,16,20,5.0,32.0,Basic,Medium,15507.26,752207.76,Medium
project_08451,SaaS,High,9,8,2,16,22,7.5,54.0,Intermediate,High,32011.25,1870667.08,High
project_08452,Cloud System,Low,3,4,2,8,12,3.9,9.4,Basic,Low,2024.66,78664.93,Low
project_08453,Cloud System,Medium,8,7,2,14,19,4.7,30.1,Intermediate,Medium,17549.91,811788.75,Medium
project_08454,IoT,High,10,7,2,14,29,5.2,41.6,Intermediate,High,31900.32,1673554.57,High
project_08455,EdTech,Low,4,3,2,6,11,2.2,7.0,Basic,Low,2068.11,80905.42,Low
project_08456,IoT,Medium,6,8,2,16,18,5.7,27.4,Intermediate,Medium,15424.2,598690.78,Medium
project_08457,AI Platform,High,9,8,2,16,28,6.3,45.4,Advanced,Medium,33935.61,1758674.21,High
project_08458,SaaS,Low,4,2,2,4,12,2.8,9.0,Basic,Low,1421.98,47501.45,Low
project_08459,SaaS,Medium,7,6,2,12,17,5.7,31.9,Basic,Medium,10722.0,485380.99,Medium
project_08460,AI Platform,High,8,7,2,14,23,5.3,33.9,Intermediate,Medium,21200.36,1084653.09,High
project_08461,IoT,Low,5,3,2,6,10,2.7,10.8,Basic,Low,2412.57,98382.14,Low
project_08462,E-commerce,Medium,8,6,2,12,15,5.4,34.6,Basic,Medium,12270.23,568031.68,Medium
project_08463,FinTech,High,9,12,2,24,27,5.9,42.5,Advanced,High,54333.22,3155162.68,High
project_08464,SaaS,Low,3,4,2,8,13,3.4,8.2,Basic,Low,2063.34,67944.01,Low
project_08465,EdTech,Medium,5,8,2,16,20,4.7,18.8,Basic,Medium,10343.22,426980.76,Medium
project_08466,EdTech,High,11,10,2,20,30,6.5,57.2,Advanced,High,55143.76,3196920.05,High
project_08467,IoT,Low,4,4,2,8,14,2.1,6.7,Basic,Medium,2999.01,113584.29,Low
project_08468,SaaS,Medium,5,5,2,10,19,4.3,17.2,Intermediate,High,9069.62,468316.65,High
project_08469,AI Platform,High,12,7,2,14,24,7.6,73.0,Intermediate,High,37233.46,2119089.33,High
project_08470,E-commerce,Low,3,4,2,8,13,4.0,9.6,Basic,Medium,2320.96,86956.77,Low
project_08471,Cloud System,Medium,8,6,2,12,19,5.7,36.5,Intermediate,High,17480.96,801787.38,High
project_08472,E-commerce,High,8,7,2,14,25,7.9,50.6,Advanced,High,29267.76,1797854.53,High
project_08473,FinTech,Low,5,2,2,4,14,2.3,9.2,Basic,Low,1772.74,50770.52,Low
project_08474,FinTech,Medium,7,8,2,16,18,5.2,29.1,Basic,Medium,13496.86,687463.29,Medium
project_08475,SaaS,High,10,8,2,16,20,5.8,46.4,Advanced,High,39244.25,2051536.06,High
project_08476,Healthcare,Low,5,2,2,4,14,2.6,10.4,Basic,Medium,2001.95,72727.57,Low
project_08477,EdTech,Medium,8,4,2,8,16,4.1,26.2,Basic,High,9103.59,380668.9,High
project_08478,IoT,High,8,7,2,14,29,5.6,35.8,Intermediate,Medium,22780.31,1143569.66,High
project_08479,Healthcare,Low,3,2,2,4,13,2.2,5.3,Basic,Low,1066.99,33617.3,Low
project_08480,E-commerce,Medium,5,5,2,10,21,4.5,18.0,Intermediate,Medium,8065.35,390251.49,Medium
project_08481,SaaS,High,8,8,2,16,24,8.0,51.2,Intermediate,High,29069.79,1477109.47,High
project_08482,AI Platform,Low,5,4,2,8,15,2.5,10.0,Basic,Medium,3850.32,129652.99,Low
project_08483,IoT,Medium,5,7,2,14,17,5.9,23.6,Basic,Medium,9293.71,361267.27,Medium
project_08484,E-commerce,High,10,11,2,22,26,7.5,60.0,Advanced,High,54204.13,3156570.04,High
project_08485,EdTech,Low,3,4,2,8,11,2.4,5.8,Basic,Low,2051.1,76582.26,Low
project_08486,SaaS,Medium,7,6,2,12,19,4.6,25.8,Intermediate,Medium,12487.67,634658.19,Medium
project_08487,Healthcare,High,8,9,2,18,28,7.2,46.1,Advanced,High,37017.05,1920235.04,High
project_08488,EdTech,Low,3,2,2,4,15,3.3,7.9,Basic,Low,1184.19,40159.96,Low
project_08489,E-commerce,Medium,7,6,2,12,22,5.9,33.0,Basic,Medium,11128.82,437225.92,Medium
project_08490,Healthcare,High,12,10,2,20,23,6.3,60.5,Intermediate,High,53009.02,2673485.28,High
project_08491,Healthcare,Low,3,4,2,8,10,2.5,6.0,Basic,Low,1936.91,67865.35,Low
project_08492,Cloud System,Medium,8,5,2,10,16,4.9,31.4,Intermediate,High,14759.68,620380.18,High
project_08493,IoT,High,12,8,2,16,23,5.1,49.0,Advanced,High,48297.81,2628350.63,High
project_08494,EdTech,Low,3,4,2,8,13,2.1,5.0,Basic,Low,1973.32,83332.64,Low
project_08495,SaaS,Medium,5,7,2,14,19,5.8,23.2,Intermediate,High,13085.06,526865.43,High
project_08496,Healthcare,High,9,12,2,24,29,6.4,46.1,Advanced,High,53869.08,2764026.05,High
project_08497,FinTech,Low,5,2,2,4,11,2.7,10.8,Basic,Low,1640.5,65368.2,Low
project_08498,SaaS,Medium,7,5,2,10,18,4.6,25.8,Intermediate,High,12196.89,617138.51,High
project_08499,Cloud System,High,11,11,2,22,26,7.6,66.9,Advanced,High,64453.37,3552073.66,High
project_08500,EdTech,Low,3,4,2,8,12,3.7,8.9,Basic,Low,2166.96,68607.8,Low
project_08501,FinTech,Medium,5,8,2,16,15,5.2,20.8,Basic,High,11553.09,556051.14,High
project_08502,FinTech,High,11,8,2,16,21,5.3,46.6,Advanced,High,43423.74,2292641.06,High
project_08503,FinTech,Low,3,2,2,4,15,2.4,5.8,Basic,Medium,1252.21,44918.21,Low
project_08504,E-commerce,Medium,6,8,2,16,22,4.4,21.1,Intermediate,High,16876.59,782696.82,High
project_08505,EdTech,High,9,10,2,20,28,6.3,45.4,Intermediate,High,39019.75,2086623.05,High
project_08506,E-commerce,Low,4,2,2,4,11,2.8,9.0,Basic,Medium,1558.53,52444.58,Low
project_08507,IoT,Medium,8,6,2,12,17,4.9,31.4,Intermediate,Medium,14483.45,736444.15,Medium
project_08508,FinTech,High,12,9,2,18,22,6.2,59.5,Advanced,High,54064.45,3240349.86,High
project_08509,SaaS,Low,3,2,2,4,10,4.0,9.6,Basic,Low,1108.3,41259.32,Low
project_08510,SaaS,Medium,8,8,2,16,20,5.7,36.5,Basic,Medium,15852.06,711749.13,Medium
project_08511,EdTech,High,12,8,2,16,27,5.3,50.9,Advanced,Medium,43612.38,2456417.59,High
project_08512,SaaS,Low,3,3,2,6,12,3.4,8.2,Basic,Low,1574.46,60238.47,Low
project_08513,Cloud System,Medium,5,6,2,12,15,5.3,21.2,Intermediate,Medium,9157.97,440156.0,Medium
project_08514,E-commerce,High,9,10,2,20,24,5.3,38.2,Intermediate,High,37666.75,1870196.98,High
project_08515,E-commerce,Low,4,3,2,6,10,2.1,6.7,Basic,Low,2035.82,81677.11,Low
project_08516,AI Platform,Medium,7,7,2,14,20,5.0,28.0,Intermediate,Medium,14643.86,686609.48,Medium
project_08517,EdTech,High,11,10,2,20,20,5.8,51.0,Advanced,High,55874.85,3053756.7,High
project_08518,Healthcare,Low,3,4,2,8,13,3.9,9.4,Basic,Low,2189.62,79385.95,Low
project_08519,AI Platform,Medium,6,7,2,14,19,5.7,27.4,Basic,Low,9893.2,387950.16,Medium
project_08520,Healthcare,High,9,8,2,16,24,5.3,38.2,Intermediate,High,31397.46,1889260.35,High
project_08521,Healthcare,Low,4,2,2,4,12,2.4,7.7,Basic,Medium,1500.71,51938.16,Low
project_08522,FinTech,Medium,7,4,2,8,19,4.4,24.6,Intermediate,Low,8257.25,405367.65,Medium
project_08523,Cloud System,High,11,9,2,18,22,5.6,49.3,Intermediate,High,40080.27,2496789.08,High
project_08524,EdTech,Low,5,4,2,8,10,3.4,13.6,Basic,Low,3176.12,129720.93,Low
project_08525,IoT,Medium,5,8,2,16,15,5.2,20.8,Basic,High,11272.79,539035.72,High
project_08526,Cloud System,High,8,6,2,12,20,5.7,36.5,Intermediate,High,21761.91,1210740.48,High
project_08527,SaaS,Low,5,2,2,4,15,2.7,10.8,Basic,Medium,1900.68,70201.79,Low
project_08528,AI Platform,Medium,5,5,2,10,18,5.4,21.6,Basic,Medium,6307.18,258769.73,Medium
project_08529,SaaS,High,12,11,2,22,25,5.6,53.8,Advanced,Medium,56515.89,2996207.73,High
project_08530,IoT,Low,5,4,2,8,10,3.6,14.4,Basic,Low,3454.95,126039.96,Low
project_08531,AI Platform,Medium,7,4,2,8,15,4.4,24.6,Intermediate,High,9973.53,502541.65,High
project_08532,SaaS,High,11,6,2,12,20,5.1,44.9,Advanced,High,34402.51,1647015.23,High
project_08533,Healthcare,Low,4,4,2,8,14,3.7,11.8,Basic,Medium,2911.54,106595.71,Low
project_08534,E-commerce,Medium,6,4,2,8,16,4.7,22.6,Intermediate,Medium,7482.53,328121.43,Medium
project_08535,Healthcare,High,9,11,2,22,21,6.7,48.2,Intermediate,High,40434.93,2059452.22,High
project_08536,Healthcare,Low,4,2,2,4,13,3.3,10.6,Basic,Low,1517.15,49803.85,Low
project_08537,IoT,Medium,8,5,2,10,18,4.7,30.1,Basic,Low,9309.58,380103.12,Medium
project_08538,E-commerce,High,11,9,2,18,20,6.9,60.7,Advanced,High,49471.18,3069199.21,High
project_08539,FinTech,Low,4,4,2,8,12,2.5,8.0,Basic,Low,2548.57,100928.3,Low
project_08540,Cloud System,Medium,8,7,2,14,18,4.4,28.2,Basic,Medium,13318.28,692981.39,Medium
project_08541,AI Platform,High,12,11,2,22,23,6.1,58.6,Advanced,High,66225.55,3625321.39,High
project_08542,FinTech,Low,5,4,2,8,15,3.4,13.6,Basic,Low,3456.45,128368.23,Low
project_08543,IoT,Medium,6,5,2,10,20,4.9,23.5,Intermediate,High,11063.8,567746.6,High
project_08544,Cloud System,High,11,12,2,24,27,5.3,46.6,Advanced,Medium,61073.72,3424344.38,High
project_08545,E-commerce,Low,3,4,2,8,10,2.5,6.0,Basic,Medium,2135.84,69547.7,Low
project_08546,E-commerce,Medium,6,6,2,12,22,5.0,24.0,Intermediate,Medium,12079.39,473861.87,Medium
project_08547,IoT,High,8,8,2,16,23,5.3,33.9,Advanced,Medium,28521.92,1648799.16,High
project_08548,E-commerce,Low,3,3,2,6,11,2.2,5.3,Basic,Low,1532.38,61297.7,Low
project_08549,IoT,Medium,8,6,2,12,21,4.5,28.8,Intermediate,Medium,15276.97,673081.28,Medium
project_08550,E-commerce,High,9,9,2,18,24,5.3,38.2,Advanced,Medium,35570.29,2165749.72,High
project_08551,Cloud System,Low,3,2,2,4,15,2.3,5.5,Basic,Medium,1181.3,43582.43,Low
project_08552,EdTech,Medium,6,4,2,8,21,4.4,21.1,Basic,Medium,5962.04,265063.68,Medium
project_08553,Cloud System,High,11,11,2,22,29,7.1,62.5,Advanced,Medium,55169.94,2969032.49,High
project_08554,EdTech,Low,4,2,2,4,15,3.6,11.5,Basic,Medium,1631.69,55429.99,Low
project_08555,E-commerce,Medium,5,8,2,16,18,5.0,20.0,Basic,Medium,10285.29,502649.26,Medium
project_08556,SaaS,High,8,11,2,22,23,8.0,51.2,Advanced,Medium,41040.22,2038959.27,High
project_08557,EdTech,Low,4,3,2,6,13,3.5,11.2,Basic,Low,2175.93,65837.99,Low
project_08558,SaaS,Medium,5,7,2,14,22,5.1,20.4,Intermediate,Low,9909.39,424475.35,Medium
project_08559,FinTech,High,12,9,2,18,25,6.9,66.2,Advanced,High,57430.29,2712237.19,High
project_08560,Cloud System,Low,3,2,2,4,12,3.8,9.1,Basic,Medium,1260.76,40711.46,Low
project_08561,EdTech,Medium,5,6,2,12,21,4.2,16.8,Intermediate,Medium,9344.33,423031.83,Medium
project_08562,AI Platform,High,12,8,2,16,29,7.1,68.2,Intermediate,High,40256.35,2178257.4,High
project_08563,Cloud System,Low,4,3,2,6,11,3.6,11.5,Basic,Low,2066.42,75059.74,Low
project_08564,Cloud System,Medium,7,6,2,12,20,5.4,30.2,Intermediate,Low,11856.44,542772.81,Medium
project_08565,Cloud System,High,9,10,2,20,26,5.7,41.0,Advanced,Medium,39609.29,2155870.59,High
project_08566,Cloud System,Low,5,4,2,8,15,2.2,8.8,Basic,Medium,3743.32,108258.29,Low
project_08567,Cloud System,Medium,8,7,2,14,15,4.8,30.7,Basic,High,15855.12,727819.6,High
project_08568,E-commerce,High,11,12,2,24,26,7.0,61.6,Advanced,High,65217.05,3895371.02,High
project_08569,E-commerce,Low,4,2,2,4,14,2.7,8.6,Basic,Low,1390.75,58542.17,Low
project_08570,Cloud System,Medium,6,4,2,8,16,5.3,25.4,Intermediate,Low,7253.15,312260.89,Medium
project_08571,E-commerce,High,12,9,2,18,20,6.7,64.3,Intermediate,High,43951.75,2675761.46,High
project_08572,SaaS,Low,3,4,2,8,11,3.4,8.2,Basic,Medium,2231.97,86476.82,Low
project_08573,AI Platform,Medium,6,6,2,12,21,4.4,21.1,Intermediate,Medium,11155.11,531813.89,Medium
project_08574,Healthcare,High,12,12,2,24,28,7.3,70.1,Advanced,Medium,67800.73,3523092.23,High
project_08575,AI Platform,Low,5,4,2,8,13,2.8,11.2,Basic,Low,3201.72,127336.76,Low
project_08576,Healthcare,Medium,5,8,2,16,19,5.6,22.4,Basic,High,11922.61,479964.92,High
project_08577,EdTech,High,11,7,2,14,26,8.0,70.4,Advanced,High,42073.61,2155556.23,High
project_08578,Cloud System,Low,3,3,2,6,14,3.1,7.4,Basic,Low,1656.02,56637.11,Low
project_08579,SaaS,Medium,5,7,2,14,20,5.4,21.6,Intermediate,Medium,11673.15,483905.78,Medium
project_08580,EdTech,High,10,6,2,12,20,7.2,57.6,Advanced,High,32563.88,1631375.41,High
project_08581,AI Platform,Low,5,2,2,4,10,3.7,14.8,Basic,Low,1664.65,68187.25,Low
project_08582,SaaS,Medium,6,4,2,8,20,5.5,26.4,Intermediate,Medium,7663.51,375237.89,Medium
project_08583,FinTech,High,11,8,2,16,20,7.6,66.9,Advanced,High,45227.49,2409318.14,High
project_08584,Cloud System,Low,3,3,2,6,14,3.4,8.2,Basic,Medium,1831.98,57393.08,Low
project_08585,SaaS,Medium,8,5,2,10,22,5.2,33.3,Intermediate,Low,11924.24,547997.24,Medium
project_08586,FinTech,High,12,12,2,24,20,6.6,63.4,Advanced,High,76418.17,4347968.59,High
project_08587,Cloud System,Low,4,2,2,4,14,2.3,7.4,Basic,Medium,1599.99,52815.17,Low
project_08588,E-commerce,Medium,8,8,2,16,20,5.5,35.2,Intermediate,Medium,20544.04,907250.12,Medium
project_08589,E-commerce,High,9,12,2,24,24,7.4,53.3,Advanced,Medium,47424.04,2650921.79,High
project_08590,IoT,Low,4,3,2,6,13,2.4,7.7,Basic,Medium,2316.92,73621.87,Low
project_08591,EdTech,Medium,7,5,2,10,20,5.4,30.2,Intermediate,Low,10546.0,489741.53,Medium
project_08592,SaaS,High,12,9,2,18,27,5.1,49.0,Intermediate,High,44420.87,2260254.73,High
project_08593,FinTech,Low,4,3,2,6,12,3.2,10.2,Basic,Medium,2332.66,77363.87,Low
project_08594,AI Platform,Medium,5,4,2,8,16,4.1,16.4,Basic,Low,4888.81,217379.03,Medium
project_08595,AI Platform,High,11,7,2,14,22,6.9,60.7,Intermediate,Medium,29290.87,1601358.79,High
project_08596,Cloud System,Low,3,3,2,6,13,3.5,8.4,Basic,Medium,1826.39,69680.79,Low
project_08597,AI Platform,Medium,8,8,2,16,15,4.3,27.5,Intermediate,Low,17263.06,805325.92,Medium
project_08598,SaaS,High,8,11,2,22,23,6.3,40.3,Intermediate,High,39161.42,2110397.15,High
project_08599,SaaS,Low,5,4,2,8,10,2.6,10.4,Basic,Low,3357.27,129092.77,Low
project_08600,EdTech,Medium,8,8,2,16,19,5.5,35.2,Intermediate,Medium,19143.36,977844.1,Medium
project_08601,AI Platform,High,8,7,2,14,25,7.2,46.1,Advanced,High,28686.98,1601449.2,High
project_08602,SaaS,Low,5,2,2,4,15,2.7,10.8,Basic,Low,1822.22,58720.4,Low
project_08603,EdTech,Medium,7,6,2,12,17,4.7,26.3,Intermediate,High,15254.61,700152.13,High
project_08604,IoT,High,10,9,2,18,25,7.6,60.8,Advanced,High,48942.46,2359754.74,High
project_08605,FinTech,Low,4,4,2,8,12,3.9,12.5,Basic,Low,2669.38,85821.56,Low
project_08606,FinTech,Medium,6,4,2,8,16,5.7,27.4,Intermediate,Medium,8039.88,304850.92,Medium
project_08607,Cloud System,High,10,7,2,14,20,5.2,41.6,Advanced,High,37722.47,1891714.11,High
project_08608,EdTech,Low,3,3,2,6,13,3.6,8.6,Basic,Medium,1769.11,62365.81,Low
project_08609,EdTech,Medium,7,4,2,8,18,4.3,24.1,Intermediate,Low,7818.95,387571.58,Medium
project_08610,E-commerce,High,11,8,2,16,26,7.0,61.6,Intermediate,High,36970.27,1997391.63,High
project_08611,FinTech,Low,4,2,2,4,14,3.3,10.6,Basic,Medium,1618.75,62389.91,Low
project_08612,AI Platform,Medium,5,7,2,14,15,5.9,23.6,Basic,Medium,8942.13,367955.7,Medium
project_08613,IoT,High,10,6,2,12,24,7.8,62.4,Advanced,High,32114.41,1870378.13,High
project_08614,Healthcare,Low,4,4,2,8,14,3.5,11.2,Basic,Low,2696.34,101914.65,Low
project_08615,AI Platform,Medium,7,5,2,10,15,4.3,24.1,Intermediate,Medium,11179.38,470394.49,Medium
project_08616,SaaS,High,10,11,2,22,25,7.7,61.6,Advanced,Medium,48207.56,2695973.23,High
project_08617,Healthcare,Low,4,2,2,4,14,2.2,7.0,Basic,Low,1372.69,52624.47,Low
project_08618,Healthcare,Medium,6,7,2,14,18,4.4,21.1,Intermediate,Medium,13044.03,557302.11,Medium
project_08619,Cloud System,High,8,6,2,12,27,5.4,34.6,Intermediate,High,20624.93,1075095.16,High
project_08620,Cloud System,Low,3,4,2,8,14,3.7,8.9,Basic,Medium,2403.43,83130.84,Low
project_08621,SaaS,Medium,5,7,2,14,19,5.9,23.6,Intermediate,High,13275.09,611599.37,High
project_08622,Cloud System,High,9,11,2,22,21,6.6,47.5,Advanced,High,49818.16,3053155.61,High
project_08623,IoT,Low,4,2,2,4,13,2.5,8.0,Basic,Low,1466.62,49427.06,Low
project_08624,Healthcare,Medium,8,6,2,12,21,4.2,26.9,Basic,Medium,11867.78,495237.52,Medium
project_08625,E-commerce,High,11,6,2,12,29,7.9,69.5,Advanced,Medium,30707.76,1540114.66,High
project_08626,EdTech,Low,3,2,2,4,11,3.5,8.4,Basic,Low,1076.65,37388.57,Low
project_08627,IoT,Medium,5,8,2,16,21,5.2,20.8,Intermediate,High,13880.52,661772.32,High
project_08628,EdTech,High,12,6,2,12,27,7.2,69.1,Intermediate,High,31239.35,1795244.58,High
project_08629,E-commerce,Low,4,2,2,4,15,2.9,9.3,Basic,Medium,1616.62,53385.21,Low
project_08630,FinTech,Medium,6,7,2,14,16,4.5,21.6,Intermediate,Medium,13331.08,561628.58,Medium
project_08631,AI Platform,High,11,6,2,12,27,7.5,66.0,Advanced,Medium,30523.92,1503888.03,High
project_08632,SaaS,Low,5,3,2,6,10,2.1,8.4,Basic,Medium,2853.98,93357.86,Low
project_08633,FinTech,Medium,8,5,2,10,19,4.6,29.4,Basic,Medium,10194.1,431162.79,Medium
project_08634,AI Platform,High,8,6,2,12,30,7.6,48.6,Advanced,High,26544.25,1386091.63,High
project_08635,AI Platform,Low,4,2,2,4,12,3.3,10.6,Basic,Medium,1521.52,56654.15,Low
project_08636,Cloud System,Medium,7,5,2,10,18,6.0,33.6,Basic,Medium,8550.88,449735.91,Medium
project_08637,FinTech,High,8,9,2,18,29,6.4,41.0,Advanced,High,37448.52,2020703.52,High
project_08638,Cloud System,Low,3,2,2,4,15,2.1,5.0,Basic,Medium,1208.24,38176.27,Low
project_08639,IoT,Medium,6,8,2,16,21,5.6,26.9,Basic,Medium,12132.67,603281.11,Medium
project_08640,AI Platform,High,10,12,2,24,27,6.7,53.6,Advanced,High,62609.63,3671055.03,High
project_08641,Healthcare,Low,4,2,2,4,10,2.5,8.0,Basic,Low,1420.95,41670.11,Low
project_08642,AI Platform,Medium,8,6,2,12,18,5.6,35.8,Basic,Medium,11618.09,557266.71,Medium
project_08643,E-commerce,High,8,9,2,18,23,6.1,39.0,Intermediate,High,30050.37,1626146.29,High
project_08644,AI Platform,Low,5,3,2,6,10,3.3,13.2,Basic,Medium,2901.19,81474.18,Low
project_08645,Healthcare,Medium,6,5,2,10,15,5.8,27.8,Intermediate,Low,8840.05,367663.73,Medium
project_08646,Healthcare,High,9,6,2,12,26,5.4,38.9,Intermediate,High,23671.51,1426037.86,High
project_08647,AI Platform,Low,3,4,2,8,11,3.2,7.7,Basic,Low,2116.77,64054.35,Low
project_08648,IoT,Medium,6,4,2,8,17,4.7,22.6,Basic,Medium,6229.88,288309.57,Medium
project_08649,Cloud System,High,11,7,2,14,23,7.6,66.9,Intermediate,High,32312.63,1817601.04,High
project_08650,E-commerce,Low,5,4,2,8,14,2.6,10.4,Basic,Low,3343.35,122453.15,Low
project_08651,Healthcare,Medium,8,8,2,16,16,5.8,37.1,Intermediate,High,22556.91,1077659.18,High
project_08652,FinTech,High,8,11,2,22,26,7.3,46.7,Advanced,High,46546.71,2781404.49,High
project_08653,EdTech,Low,4,4,2,8,12,2.4,7.7,Basic,Low,2739.02,98829.77,Low
project_08654,Healthcare,Medium,6,7,2,14,19,4.4,21.1,Intermediate,High,14377.03,626312.81,High
project_08655,AI Platform,High,8,12,2,24,26,5.6,35.8,Advanced,High,49025.09,2916360.47,High
project_08656,Healthcare,Low,4,3,2,6,14,2.6,8.3,Basic,Low,1985.05,75656.13,Low
project_08657,E-commerce,Medium,8,7,2,14,21,4.5,28.8,Intermediate,Low,15729.43,657403.6,Medium
project_08658,SaaS,High,10,12,2,24,26,5.5,44.0,Advanced,High,62426.14,3208871.62,High
project_08659,EdTech,Low,5,4,2,8,13,2.2,8.8,Basic,Medium,3609.83,132338.76,Low
project_08660,IoT,Medium,8,8,2,16,15,4.4,28.2,Intermediate,Medium,18943.69,783020.58,Medium
project_08661,FinTech,High,9,10,2,20,23,7.3,52.6,Advanced,Medium,40479.59,2337424.24,High
project_08662,Healthcare,Low,4,3,2,6,10,2.5,8.0,Basic,Low,2063.82,78522.46,Low
project_08663,SaaS,Medium,5,7,2,14,16,5.5,22.0,Intermediate,High,12753.94,593113.68,High
project_08664,Healthcare,High,12,9,2,18,26,5.3,50.9,Advanced,Medium,49407.68,2575912.59,High
project_08665,AI Platform,Low,4,3,2,6,13,3.1,9.9,Basic,Medium,2316.54,82928.18,Low
project_08666,SaaS,Medium,7,5,2,10,18,4.2,23.5,Basic,Medium,9012.1,425269.03,Medium
project_08667,EdTech,High,11,6,2,12,29,6.6,58.1,Intermediate,High,28643.34,1571905.42,High
project_08668,EdTech,Low,5,4,2,8,11,2.6,10.4,Basic,Low,3420.96,115795.07,Low
project_08669,Healthcare,Medium,8,8,2,16,19,4.4,28.2,Intermediate,Medium,20180.07,954347.24,Medium
project_08670,Cloud System,High,11,11,2,22,24,6.9,60.7,Advanced,High,59158.86,3605484.6,High
project_08671,FinTech,Low,5,3,2,6,11,4.0,16.0,Basic,Medium,2800.65,95842.66,Low
project_08672,IoT,Medium,6,4,2,8,17,4.6,22.1,Intermediate,High,8324.79,373786.9,High
project_08673,E-commerce,High,8,12,2,24,25,7.1,45.4,Advanced,High,52052.77,3034051.76,High
project_08674,EdTech,Low,4,2,2,4,13,2.4,7.7,Basic,Medium,1548.5,50593.92,Low
project_08675,Cloud System,Medium,5,6,2,12,21,5.7,22.8,Intermediate,High,11447.03,548578.3,High
project_08676,Healthcare,High,12,9,2,18,30,5.8,55.7,Advanced,Medium,48908.13,2666950.2,High
project_08677,E-commerce,Low,3,2,2,4,13,3.9,9.4,Basic,Medium,1254.08,49149.2,Low
project_08678,AI Platform,Medium,5,7,2,14,20,4.1,16.4,Intermediate,Low,10216.8,429662.61,Medium
project_08679,SaaS,High,8,10,2,20,29,6.8,43.5,Intermediate,High,33768.78,1848759.6,High
project_08680,Healthcare,Low,3,3,2,6,11,2.4,5.8,Basic,Low,1622.08,57933.53,Low
project_08681,E-commerce,Medium,5,7,2,14,16,4.3,17.2,Basic,High,9568.25,397720.15,High
project_08682,AI Platform,High,9,6,2,12,28,5.5,39.6,Advanced,High,29951.3,1603957.91,High
project_08683,Healthcare,Low,4,3,2,6,14,3.0,9.6,Basic,Low,1999.68,82369.66,Low
project_08684,SaaS,Medium,8,6,2,12,15,4.7,30.1,Intermediate,High,16741.85,686145.73,High
project_08685,FinTech,High,12,6,2,12,29,6.0,57.6,Advanced,Medium,33609.86,2045790.98,High
project_08686,SaaS,Low,3,4,2,8,13,3.2,7.7,Basic,Medium,2327.65,83499.9,Low
project_08687,Healthcare,Medium,7,4,2,8,15,5.7,31.9,Intermediate,Medium,8981.51,443170.95,Medium
project_08688,Healthcare,High,10,10,2,20,26,7.4,59.2,Advanced,Medium,45112.72,2570482.56,High
project_08689,SaaS,Low,4,2,2,4,15,3.2,10.2,Basic,Medium,1595.32,48502.76,Low
project_08690,EdTech,Medium,8,7,2,14,18,4.1,26.2,Intermediate,Low,16127.34,622116.95,Medium
project_08691,EdTech,High,8,10,2,20,30,6.3,40.3,Advanced,Medium,37197.02,2098741.52,High
project_08692,EdTech,Low,3,2,2,4,11,3.4,8.2,Basic,Medium,1184.5,46965.06,Low
project_08693,EdTech,Medium,7,7,2,14,22,4.4,24.6,Intermediate,Low,14079.79,651526.88,Medium
project_08694,SaaS,High,8,9,2,18,25,6.3,40.3,Intermediate,High,30391.8,1519297.93,High
project_08695,FinTech,Low,4,3,2,6,13,2.9,9.3,Basic,Low,2135.29,79187.48,Low
project_08696,E-commerce,Medium,6,6,2,12,16,4.2,20.2,Intermediate,Medium,11046.73,537091.37,Medium
project_08697,Healthcare,High,11,10,2,20,27,5.0,44.0,Intermediate,Medium,40919.51,2410434.94,High
project_08698,Healthcare,Low,4,4,2,8,12,3.7,11.8,Basic,Low,2762.18,98698.91,Low
project_08699,IoT,Medium,6,7,2,14,19,4.8,23.0,Basic,Low,9952.24,446040.11,Medium
project_08700,SaaS,High,11,11,2,22,21,7.1,62.5,Advanced,High,59483.02,3186448.77,High
project_08701,Cloud System,Low,3,4,2,8,12,2.2,5.3,Basic,Medium,2273.21,76181.56,Low
project_08702,EdTech,Medium,6,6,2,12,18,4.7,22.6,Basic,Medium,9325.85,387907.71,Medium
project_08703,Healthcare,High,8,8,2,16,25,5.8,37.1,Advanced,High,33544.77,1636688.93,High
project_08704,EdTech,Low,5,4,2,8,12,2.3,9.2,Basic,Low,3347.69,127220.35,Low
project_08705,Cloud System,Medium,7,6,2,12,15,5.2,29.1,Intermediate,Medium,13211.03,624526.51,Medium
project_08706,Healthcare,High,8,10,2,20,23,6.0,38.4,Intermediate,High,35103.92,1810180.86,High
project_08707,IoT,Low,4,3,2,6,14,3.4,10.9,Basic,Medium,2398.98,85123.73,Low
project_08708,Healthcare,Medium,7,6,2,12,20,5.8,32.5,Basic,Low,10151.73,489222.44,Medium
project_08709,Healthcare,High,12,10,2,20,20,5.6,53.8,Advanced,Medium,55125.02,2945448.89,High
project_08710,AI Platform,Low,4,3,2,6,11,3.9,12.5,Basic,Low,2099.92,79138.09,Low
project_08711,EdTech,Medium,8,8,2,16,21,5.2,33.3,Intermediate,Low,17951.88,835453.53,Medium
project_08712,IoT,High,10,6,2,12,29,6.2,49.6,Intermediate,High,26661.69,1369302.94,High
project_08713,Healthcare,Low,3,3,2,6,12,3.0,7.2,Basic,Medium,1678.83,61892.71,Low
project_08714,AI Platform,Medium,5,7,2,14,21,5.8,23.2,Intermediate,High,12275.35,573680.42,High
project_08715,E-commerce,High,8,10,2,20,21,5.8,37.1,Advanced,Medium,34589.57,2229543.23,High
project_08716,AI Platform,Low,5,2,2,4,15,2.7,10.8,Basic,Low,1730.69,68037.65,Low
project_08717,FinTech,Medium,8,8,2,16,20,5.4,34.6,Intermediate,High,21491.82,931055.43,High
project_08718,SaaS,High,8,12,2,24,21,7.9,50.6,Advanced,High,49931.15,2873519.03,High
project_08719,Cloud System,Low,5,2,2,4,12,3.5,14.0,Basic,Medium,1915.15,73003.95,Low
project_08720,IoT,Medium,5,8,2,16,21,5.4,21.6,Basic,High,11148.95,475817.17,High
project_08721,IoT,High,10,7,2,14,22,7.5,60.0,Advanced,Medium,31899.55,1642484.8,High
project_08722,EdTech,Low,3,4,2,8,15,2.4,5.8,Basic,Low,2098.74,61967.95,Low
project_08723,EdTech,Medium,7,5,2,10,19,4.7,26.3,Intermediate,Medium,10800.67,461748.79,Medium
project_08724,IoT,High,12,10,2,20,28,5.2,49.9,Advanced,Medium,55625.73,2934789.63,High
project_08725,SaaS,Low,4,4,2,8,13,3.2,10.2,Basic,Medium,2909.59,96928.83,Low
project_08726,Cloud System,Medium,7,6,2,12,16,4.7,26.3,Intermediate,Medium,13279.31,538241.39,Medium
project_08727,EdTech,High,8,11,2,22,20,6.8,43.5,Advanced,Medium,39618.22,2153879.06,High
project_08728,AI Platform,Low,4,4,2,8,15,3.6,11.5,Basic,Medium,3020.93,109451.92,Low
project_08729,AI Platform,Medium,6,7,2,14,22,5.2,25.0,Basic,Medium,10705.43,448382.06,Medium
project_08730,SaaS,High,10,7,2,14,26,5.9,47.2,Advanced,High,34780.39,2223210.19,High
project_08731,FinTech,Low,5,4,2,8,10,3.6,14.4,Basic,Low,3298.38,126818.27,Low
project_08732,SaaS,Medium,7,4,2,8,18,5.4,30.2,Intermediate,Low,8421.68,379793.88,Medium
project_08733,IoT,High,12,7,2,14,23,6.1,58.6,Advanced,High,41241.82,2331147.56,High
project_08734,FinTech,Low,5,3,2,6,13,3.7,14.8,Basic,Medium,2837.0,92741.94,Low
project_08735,EdTech,Medium,5,4,2,8,21,4.3,17.2,Intermediate,Low,5872.7,265897.52,Medium
project_08736,SaaS,High,8,7,2,14,24,5.2,33.3,Advanced,Medium,24968.87,1407212.88,High
project_08737,IoT,Low,4,4,2,8,13,2.2,7.0,Basic,Medium,2833.12,91456.13,Low
project_08738,Healthcare,Medium,6,4,2,8,19,4.9,23.5,Intermediate,High,9212.29,424301.17,High
project_08739,AI Platform,High,10,6,2,12,26,5.3,42.4,Advanced,Medium,27844.12,1394938.93,High
project_08740,IoT,Low,4,3,2,6,14,2.8,9.0,Basic,Medium,2249.77,82112.88,Low
project_08741,E-commerce,Medium,7,5,2,10,19,4.2,23.5,Basic,Low,7940.31,384415.38,Medium
project_08742,EdTech,High,11,9,2,18,26,5.7,50.2,Advanced,Medium,46056.78,2720096.03,High
project_08743,Healthcare,Low,3,4,2,8,13,3.8,9.1,Basic,Low,2138.95,67559.28,Low
project_08744,EdTech,Medium,6,8,2,16,18,4.3,20.6,Intermediate,Medium,15464.59,606562.24,Medium
project_08745,Healthcare,High,10,10,2,20,26,7.6,60.8,Advanced,Medium,44565.86,2501518.59,High
project_08746,Healthcare,Low,5,3,2,6,14,3.8,15.2,Basic,Medium,2965.17,110473.3,Low
project_08747,AI Platform,Medium,6,7,2,14,21,5.9,28.3,Basic,High,12415.74,566517.83,High
project_08748,E-commerce,High,10,7,2,14,26,7.8,62.4,Advanced,Medium,32203.23,1824026.05,High
project_08749,FinTech,Low,3,3,2,6,11,2.2,5.3,Basic,Low,1523.87,61039.07,Low
project_08750,IoT,Medium,5,8,2,16,15,5.1,20.4,Intermediate,Low,11473.62,539922.02,Medium
project_08751,Cloud System,High,8,10,2,20,26,6.7,42.9,Advanced,High,42226.82,2352696.84,High
project_08752,E-commerce,Low,4,2,2,4,11,4.0,12.8,Basic,Medium,1627.3,51204.55,Low
project_08753,Cloud System,Medium,5,8,2,16,19,5.7,22.8,Intermediate,High,14689.95,669221.31,High
project_08754,SaaS,High,9,11,2,22,30,5.3,38.2,Intermediate,High,40577.83,2420523.47,High
project_08755,AI Platform,Low,4,4,2,8,10,2.8,9.0,Basic,Low,2539.74,83008.6,Low
project_08756,FinTech,Medium,6,8,2,16,21,4.4,21.1,Basic,High,13079.75,638521.93,High
project_08757,IoT,High,9,8,2,16,24,6.9,49.7,Advanced,High,35990.54,2079032.18,High
project_08758,EdTech,Low,5,4,2,8,12,3.7,14.8,Basic,Low,3443.88,116093.86,Low
project_08759,E-commerce,Medium,8,7,2,14,20,6.0,38.4,Intermediate,Medium,18277.28,807425.05,Medium
project_08760,FinTech,High,10,6,2,12,20,5.8,46.4,Advanced,High,30902.86,1604527.08,High
project_08761,IoT,Low,4,4,2,8,13,2.5,8.0,Basic,Low,2615.14,86758.57,Low
project_08762,SaaS,Medium,5,7,2,14,17,5.1,20.4,Intermediate,Medium,10587.46,460336.74,Medium
project_08763,IoT,High,10,9,2,18,27,6.4,51.2,Advanced,High,45058.3,2309244.82,High
project_08764,Healthcare,Low,4,2,2,4,13,2.8,9.0,Basic,Low,1410.29,52263.13,Low
project_08765,SaaS,Medium,7,8,2,16,18,5.1,28.6,Intermediate,High,18703.95,758884.8,High
project_08766,AI Platform,High,11,8,2,16,30,7.6,66.9,Intermediate,High,37111.9,1969254.84,High
project_08767,AI Platform,Low,4,2,2,4,13,2.8,9.0,Basic,Medium,1591.3,50719.54,Low
project_08768,FinTech,Medium,7,8,2,16,18,4.5,25.2,Basic,Low,11908.56,548384.65,Medium
project_08769,SaaS,High,12,6,2,12,21,6.0,57.6,Advanced,High,36460.59,1884950.69,High
project_08770,SaaS,Low,4,2,2,4,13,3.3,10.6,Basic,Medium,1550.05,52243.87,Low
project_08771,FinTech,Medium,8,7,2,14,17,4.8,30.7,Intermediate,High,19675.84,975965.91,High
project_08772,IoT,High,12,7,2,14,24,7.8,74.9,Intermediate,High,36405.43,2030589.5,High
project_08773,EdTech,Low,3,3,2,6,15,2.7,6.5,Basic,Medium,1731.63,56953.74,Low
project_08774,Cloud System,Medium,6,5,2,10,19,5.1,24.5,Basic,Medium,7739.79,334013.56,Medium
project_08775,Cloud System,High,9,9,2,18,24,7.3,52.6,Intermediate,Medium,30382.87,1505737.05,High
project_08776,Cloud System,Low,4,4,2,8,14,2.1,6.7,Basic,Low,2727.68,99198.37,Low
project_08777,Cloud System,Medium,8,7,2,14,15,5.2,33.3,Intermediate,Medium,17112.58,850798.17,Medium
project_08778,FinTech,High,8,6,2,12,22,7.7,49.3,Advanced,High,25578.55,1354465.09,High
project_08779,Cloud System,Low,5,3,2,6,13,4.0,16.0,Basic,Medium,2971.47,92225.3,Low
project_08780,FinTech,Medium,7,5,2,10,21,6.0,33.6,Intermediate,Medium,11434.25,456731.62,Medium
project_08781,EdTech,High,10,8,2,16,26,5.2,41.6,Advanced,High,40504.61,2342956.48,High
project_08782,AI Platform,Low,3,4,2,8,10,3.3,7.9,Basic,Medium,2282.41,66135.05,Low
project_08783,IoT,Medium,8,8,2,16,20,4.5,28.8,Intermediate,Low,17333.61,830543.8,Medium
project_08784,IoT,High,9,8,2,16,23,6.1,43.9,Advanced,Medium,34504.99,1697989.71,High
project_08785,E-commerce,Low,4,3,2,6,11,2.8,9.0,Basic,Low,2014.81,63769.62,Low
project_08786,E-commerce,Medium,6,4,2,8,15,4.9,23.5,Intermediate,Medium,7402.53,321900.38,Medium
project_08787,FinTech,High,12,11,2,22,27,6.7,64.3,Advanced,High,69220.44,3374511.0,High
project_08788,FinTech,Low,4,4,2,8,13,3.2,10.2,Basic,Low,2672.08,106291.14,Low
project_08789,SaaS,Medium,5,5,2,10,21,4.2,16.8,Intermediate,High,9328.35,431004.55,High
project_08790,Cloud System,High,11,11,2,22,27,6.9,60.7,Advanced,High,62047.11,3097728.14,High
project_08791,FinTech,Low,5,4,2,8,10,3.3,13.2,Basic,Low,3438.83,116072.83,Low
project_08792,Cloud System,Medium,7,6,2,12,18,5.4,30.2,Intermediate,Medium,13218.7,596505.32,Medium
project_08793,IoT,High,12,10,2,20,28,6.0,57.6,Advanced,Medium,52914.92,2906420.75,High
project_08794,Cloud System,Low,5,3,2,6,10,3.2,12.8,Basic,Low,2542.24,78539.94,Low
project_08795,E-commerce,Medium,6,4,2,8,22,5.7,27.4,Basic,Medium,6536.91,283855.26,Medium
project_08796,AI Platform,High,8,9,2,18,25,6.6,42.2,Advanced,High,37238.25,2246156.9,High
project_08797,FinTech,Low,3,3,2,6,15,3.0,7.2,Basic,Low,1547.43,57348.64,Low
project_08798,IoT,Medium,5,8,2,16,17,4.7,18.8,Intermediate,Low,11123.08,530902.57,Medium
project_08799,Cloud System,High,10,6,2,12,24,6.0,48.0,Advanced,High,32533.91,1782200.0,High
project_08800,Cloud System,Low,4,2,2,4,13,2.5,8.0,Basic,Low,1389.17,53400.86,Low
project_08801,SaaS,Medium,5,6,2,12,22,4.0,16.0,Basic,Medium,7545.89,335484.75,Medium
project_08802,Cloud System,High,11,7,2,14,22,5.8,51.0,Advanced,High,40476.33,1954278.7,High
project_08803,Healthcare,Low,4,4,2,8,10,2.4,7.7,Basic,Medium,2906.19,93123.71,Low
project_08804,Healthcare,Medium,8,6,2,12,22,5.0,32.0,Intermediate,Medium,15702.53,718532.8,Medium
project_08805,IoT,High,10,12,2,24,25,6.3,50.4,Intermediate,High,50296.43,2671673.68,High
project_08806,SaaS,Low,3,2,2,4,10,3.9,9.4,Basic,Low,1158.04,38793.19,Low
project_08807,FinTech,Medium,7,7,2,14,21,4.4,24.6,Intermediate,Medium,15410.87,735978.55,Medium
project_08808,EdTech,High,11,7,2,14,26,5.1,44.9,Intermediate,High,32482.1,1970644.72,High
project_08809,IoT,Low,3,3,2,6,14,3.2,7.7,Basic,Low,1666.89,58197.6,Low
project_08810,SaaS,Medium,8,8,2,16,19,4.5,28.8,Intermediate,High,22241.29,952319.31,High
project_08811,SaaS,High,10,12,2,24,28,7.8,62.4,Intermediate,High,52386.95,2648151.46,High
project_08812,AI Platform,Low,5,2,2,4,13,2.5,10.0,Basic,Low,1743.0,65863.36,Low
project_08813,Cloud System,Medium,7,4,2,8,21,4.4,24.6,Basic,Medium,7374.14,342340.07,Medium
project_08814,Cloud System,High,8,7,2,14,21,6.1,39.0,Advanced,High,30154.56,1452662.95,High
project_08815,EdTech,Low,4,3,2,6,10,2.2,7.0,Basic,Medium,2178.09,64384.58,Low
project_08816,AI Platform,Medium,6,5,2,10,19,5.8,27.8,Intermediate,Medium,9732.53,501777.49,Medium
project_08817,E-commerce,High,8,9,2,18,29,6.0,38.4,Intermediate,High,30989.11,1815405.81,High
project_08818,SaaS,Low,5,3,2,6,14,3.5,14.0,Basic,Low,2602.91,91335.93,Low
project_08819,E-commerce,Medium,8,4,2,8,18,5.9,37.8,Basic,Medium,8531.26,392160.17,Medium
project_08820,E-commerce,High,10,12,2,24,27,6.6,52.8,Advanced,High,61913.66,3590427.04,High
project_08821,SaaS,Low,4,4,2,8,10,2.2,7.0,Basic,Medium,2836.22,108930.23,Low
project_08822,Cloud System,Medium,6,7,2,14,20,5.8,27.8,Basic,High,12713.39,528120.99,High
project_08823,Cloud System,High,12,10,2,20,25,7.8,74.9,Advanced,Medium,51964.42,2825066.22,High
project_08824,IoT,Low,4,2,2,4,12,2.3,7.4,Basic,Low,1430.38,48247.39,Low
project_08825,IoT,Medium,6,4,2,8,16,4.2,20.2,Basic,Medium,5989.77,304702.54,Medium
project_08826,E-commerce,High,12,11,2,22,20,6.7,64.3,Intermediate,High,56249.37,3036536.08,High
project_08827,Healthcare,Low,3,4,2,8,12,2.5,6.0,Basic,Low,1949.37,81042.82,Low
project_08828,IoT,Medium,6,6,2,12,15,4.0,19.2,Intermediate,High,13151.31,562192.32,High
project_08829,E-commerce,High,10,12,2,24,23,5.4,43.2,Advanced,High,61953.01,3373366.38,High
project_08830,FinTech,Low,5,2,2,4,12,2.9,11.6,Basic,Low,1795.82,70399.74,Low
project_08831,SaaS,Medium,7,8,2,16,22,4.9,27.4,Intermediate,Low,16380.12,713928.64,Medium
project_08832,Healthcare,High,11,7,2,14,30,6.4,56.3,Advanced,High,40415.7,2142481.41,High
project_08833,FinTech,Low,3,2,2,4,12,3.3,7.9,Basic,Low,1171.42,36086.39,Low
project_08834,E-commerce,Medium,8,4,2,8,19,4.3,27.5,Intermediate,Low,9518.86,446748.78,Medium
project_08835,E-commerce,High,9,9,2,18,28,5.0,36.0,Intermediate,High,33812.53,1874324.63,High
project_08836,Cloud System,Low,5,2,2,4,15,3.0,12.0,Basic,Low,1717.84,66846.99,Low
project_08837,Cloud System,Medium,5,7,2,14,17,5.6,22.4,Basic,Medium,8956.77,389687.66,Medium
project_08838,AI Platform,High,9,12,2,24,28,5.1,36.7,Advanced,Medium,49195.83,2824340.45,High
project_08839,Cloud System,Low,3,3,2,6,14,3.3,7.9,Basic,Low,1560.63,51629.26,Low
project_08840,SaaS,Medium,5,5,2,10,17,4.7,18.8,Basic,Medium,6198.58,283239.5,Medium
project_08841,Cloud System,High,9,11,2,22,20,7.0,50.4,Advanced,High,51704.56,2768124.4,High
project_08842,IoT,Low,4,4,2,8,15,3.3,10.6,Basic,Medium,3135.03,95652.7,Low
project_08843,FinTech,Medium,8,6,2,12,18,5.0,32.0,Intermediate,High,17489.51,717237.71,High
project_08844,AI Platform,High,8,7,2,14,22,6.6,42.2,Advanced,High,28813.78,1566959.03,High
project_08845,FinTech,Low,3,3,2,6,11,3.4,8.2,Basic,Medium,1828.68,61274.37,Low
project_08846,Cloud System,Medium,7,4,2,8,20,4.1,23.0,Intermediate,Medium,8992.26,397867.29,Medium
project_08847,IoT,High,11,11,2,22,26,7.0,61.6,Advanced,Medium,53639.32,2969734.97,High
project_08848,EdTech,Low,4,2,2,4,11,2.0,6.4,Basic,Low,1426.8,50584.96,Low
project_08849,Healthcare,Medium,6,5,2,10,16,4.7,22.6,Intermediate,High,11121.35,447664.52,High
project_08850,FinTech,High,9,8,2,16,27,7.5,54.0,Advanced,High,39269.1,2083926.12,High
project_08851,SaaS,Low,5,3,2,6,15,2.9,11.6,Basic,Medium,2806.09,106524.03,Low
project_08852,Cloud System,Medium,6,5,2,10,20,4.1,19.7,Basic,Medium,7494.13,320994.15,Medium
project_08853,FinTech,High,8,8,2,16,23,7.2,46.1,Advanced,High,34794.77,1747866.36,High
project_08854,FinTech,Low,5,3,2,6,15,3.4,13.6,Basic,Low,2730.87,102272.79,Low
project_08855,IoT,Medium,7,6,2,12,22,5.3,29.7,Intermediate,Medium,13428.44,615432.85,Medium
project_08856,FinTech,High,9,6,2,12,30,7.9,56.9,Advanced,High,29275.23,1599565.93,High
project_08857,Healthcare,Low,4,3,2,6,12,3.1,9.9,Basic,Medium,2202.17,79231.47,Low
project_08858,IoT,Medium,8,8,2,16,22,6.0,38.4,Intermediate,Medium,20480.85,885933.0,Medium
project_08859,E-commerce,High,8,9,2,18,26,5.3,33.9,Intermediate,Medium,28657.25,1701879.67,High
project_08860,FinTech,Low,3,3,2,6,15,3.5,8.4,Basic,Low,1650.6,50333.97,Low
project_08861,AI Platform,Medium,7,5,2,10,21,6.0,33.6,Intermediate,Medium,10814.54,568349.64,Medium
project_08862,AI Platform,High,8,12,2,24,27,7.1,45.4,Intermediate,High,39757.03,2355813.14,High
project_08863,AI Platform,Low,4,4,2,8,10,2.1,6.7,Basic,Low,2551.02,98905.51,Low
project_08864,Cloud System,Medium,7,5,2,10,22,5.3,29.7,Intermediate,Medium,10721.38,507353.71,Medium
project_08865,FinTech,High,9,9,2,18,24,6.1,43.9,Advanced,High,39901.27,2575312.61,High
project_08866,E-commerce,Low,5,2,2,4,11,3.0,12.0,Basic,Low,1730.34,62863.05,Low
project_08867,Cloud System,Medium,6,4,2,8,16,5.8,27.8,Intermediate,Medium,8163.25,385873.75,Medium
project_08868,EdTech,High,11,7,2,14,30,7.9,69.5,Intermediate,Medium,29099.06,1682825.92,High
project_08869,EdTech,Low,5,3,2,6,11,3.7,14.8,Basic,Medium,2775.93,103293.33,Low
project_08870,IoT,Medium,5,6,2,12,21,4.9,19.6,Intermediate,Medium,9497.61,499881.7,Medium
project_08871,IoT,High,12,7,2,14,27,6.5,62.4,Intermediate,High,35348.47,1894564.35,High
project_08872,IoT,Low,4,2,2,4,13,2.7,8.6,Basic,Medium,1504.09,49726.25,Low
project_08873,AI Platform,Medium,5,5,2,10,15,4.5,18.0,Intermediate,High,9381.69,440981.14,High
project_08874,EdTech,High,12,8,2,16,24,6.0,57.6,Advanced,High,49039.83,2602192.15,High
project_08875,Cloud System,Low,3,4,2,8,10,3.1,7.4,Basic,Low,2040.31,79860.96,Low
project_08876,IoT,Medium,7,8,2,16,19,4.0,22.4,Basic,Low,12272.0,573343.68,Medium
project_08877,AI Platform,High,12,11,2,22,22,5.1,49.0,Intermediate,High,55447.94,3207150.16,High
project_08878,IoT,Low,3,4,2,8,10,3.1,7.4,Basic,Low,2064.22,77855.86,Low
project_08879,SaaS,Medium,7,8,2,16,17,4.4,24.6,Intermediate,Medium,17040.99,833143.53,Medium
project_08880,Cloud System,High,12,11,2,22,27,5.8,55.7,Advanced,Medium,59286.77,2947930.13,High
project_08881,E-commerce,Low,5,3,2,6,14,3.0,12.0,Basic,Low,2474.79,102318.95,Low
project_08882,Healthcare,Medium,5,5,2,10,17,4.4,17.6,Basic,Low,5608.73,233733.96,Medium
project_08883,Healthcare,High,8,7,2,14,20,6.0,38.4,Advanced,High,30305.36,1757772.96,High
project_08884,IoT,Low,3,2,2,4,12,2.8,6.7,Basic,Low,1046.67,36169.19,Low
project_08885,Healthcare,Medium,6,5,2,10,22,5.2,25.0,Basic,Low,7000.4,332138.29,Medium
project_08886,IoT,High,11,10,2,20,30,5.7,50.2,Advanced,High,59011.44,2928147.02,High
project_08887,IoT,Low,4,4,2,8,14,3.9,12.5,Basic,Low,2824.4,94668.19,Low
project_08888,SaaS,Medium,6,6,2,12,19,5.7,27.4,Intermediate,Low,10731.82,473206.91,Medium
project_08889,E-commerce,High,10,9,2,18,22,6.6,52.8,Intermediate,High,38256.99,2124437.46,High
project_08890,IoT,Low,4,3,2,6,15,3.3,10.6,Basic,Medium,2272.31,70415.18,Low
project_08891,Cloud System,Medium,8,4,2,8,15,4.9,31.4,Basic,High,8739.07,383818.27,High
project_08892,Healthcare,High,12,6,2,12,23,7.1,68.2,Advanced,High,37464.7,2173563.6,High
project_08893,FinTech,Low,3,4,2,8,10,2.4,5.8,Basic,Medium,2258.34,83529.99,Low
project_08894,IoT,Medium,7,5,2,10,16,5.9,33.0,Basic,Medium,8598.55,446899.55,Medium
project_08895,SaaS,High,12,6,2,12,30,5.6,53.8,Intermediate,Medium,27664.49,1410113.98,High
project_08896,Cloud System,Low,3,3,2,6,14,2.5,6.0,Basic,Low,1640.88,62144.22,Low
project_08897,E-commerce,Medium,5,5,2,10,20,5.0,20.0,Basic,Low,5811.17,253611.88,Medium
project_08898,Cloud System,High,10,12,2,24,28,7.5,60.0,Advanced,High,59252.57,3387998.95,High
project_08899,Cloud System,Low,5,2,2,4,11,3.1,12.4,Basic,Low,1718.26,52643.35,Low
project_08900,AI Platform,Medium,7,6,2,12,18,4.8,26.9,Intermediate,Low,11564.13,601481.14,Medium
project_08901,AI Platform,High,11,9,2,18,28,7.4,65.1,Advanced,High,54121.47,2906541.43,High
project_08902,EdTech,Low,3,3,2,6,11,2.3,5.5,Basic,Low,1550.47,57231.32,Low
project_08903,IoT,Medium,8,8,2,16,22,5.1,32.6,Intermediate,Medium,20089.81,879886.82,Medium
project_08904,IoT,High,12,9,2,18,30,5.7,54.7,Intermediate,Medium,41612.49,2263586.54,High
project_08905,Cloud System,Low,5,4,2,8,10,2.8,11.2,Basic,Low,3414.72,104487.44,Low
project_08906,E-commerce,Medium,6,6,2,12,16,5.1,24.5,Intermediate,Low,10645.24,452275.42,Medium
project_08907,IoT,High,9,12,2,24,27,7.8,56.2,Advanced,Medium,51422.16,2694287.51,High
project_08908,SaaS,Low,5,3,2,6,13,3.9,15.6,Basic,Medium,2794.99,98656.99,Low
project_08909,EdTech,Medium,7,5,2,10,15,4.4,24.6,Intermediate,Low,10066.81,402267.57,Medium
project_08910,FinTech,High,9,8,2,16,22,5.6,40.3,Advanced,Medium,32990.3,1703577.8,High
project_08911,IoT,Low,3,4,2,8,11,3.4,8.2,Basic,Low,2161.51,69569.26,Low
project_08912,Healthcare,Medium,6,4,2,8,22,5.2,25.0,Intermediate,Medium,8331.48,383454.27,Medium
project_08913,EdTech,High,12,6,2,12,25,7.3,70.1,Intermediate,Medium,27311.58,1518337.29,High
project_08914,FinTech,Low,5,4,2,8,13,3.9,15.6,Basic,Medium,3799.74,127955.42,Low
project_08915,IoT,Medium,7,4,2,8,21,6.0,33.6,Intermediate,Medium,9230.31,407142.91,Medium
project_08916,IoT,High,10,6,2,12,23,5.9,47.2,Advanced,High,31266.12,1645204.44,High
project_08917,AI Platform,Low,5,4,2,8,11,2.6,10.4,Basic,Low,3371.11,104852.63,Low
project_08918,FinTech,Medium,5,7,2,14,18,5.5,22.0,Intermediate,Medium,11522.98,470690.68,Medium
project_08919,Cloud System,High,9,10,2,20,27,5.0,36.0,Advanced,High,44401.21,2640683.71,High
project_08920,E-commerce,Low,5,4,2,8,15,2.6,10.4,Basic,Low,3271.05,126234.89,Low
project_08921,SaaS,Medium,7,8,2,16,16,4.7,26.3,Basic,Low,12999.74,549617.18,Medium
project_08922,AI Platform,High,11,7,2,14,20,7.2,63.4,Intermediate,High,31862.28,1784557.23,High
project_08923,EdTech,Low,3,3,2,6,11,3.9,9.4,Basic,Low,1540.54,51328.68,Low
project_08924,FinTech,Medium,7,7,2,14,15,4.6,25.8,Intermediate,Medium,15117.48,753570.16,Medium
project_08925,SaaS,High,10,9,2,18,24,6.7,53.6,Intermediate,High,38317.65,2074356.96,High
project_08926,FinTech,Low,5,2,2,4,15,3.6,14.4,Basic,Low,1892.65,74536.36,Low
project_08927,Healthcare,Medium,8,7,2,14,21,5.3,33.9,Intermediate,Medium,17208.06,784913.37,Medium
project_08928,SaaS,High,11,8,2,16,26,5.8,51.0,Advanced,High,44196.35,2227352.57,High
project_08929,E-commerce,Low,4,4,2,8,10,2.5,8.0,Basic,Low,2713.94,98893.06,Low
project_08930,Healthcare,Medium,7,8,2,16,15,4.1,23.0,Intermediate,High,20138.31,800493.28,High
project_08931,Cloud System,High,10,6,2,12,26,7.3,58.4,Intermediate,High,26795.12,1481255.68,High
project_08932,AI Platform,Low,3,4,2,8,12,3.8,9.1,Basic,Low,2116.89,75590.7,Low
project_08933,EdTech,Medium,5,6,2,12,19,5.4,21.6,Intermediate,High,11250.89,469856.37,High
project_08934,EdTech,High,9,8,2,16,25,7.4,53.3,Advanced,High,36097.32,2064725.1,High
project_08935,Healthcare,Low,4,2,2,4,15,3.4,10.9,Basic,Medium,1639.67,52945.83,Low
project_08936,EdTech,Medium,5,4,2,8,19,5.9,23.6,Intermediate,Medium,6600.77,282865.71,Medium
project_08937,AI Platform,High,11,6,2,12,28,5.2,45.8,Advanced,High,35026.11,1817011.72,High
project_08938,Healthcare,Low,3,2,2,4,10,2.4,5.8,Basic,Low,1035.05,33733.83,Low
project_08939,FinTech,Medium,7,8,2,16,15,5.9,33.0,Basic,Low,13000.4,512956.25,Medium
project_08940,SaaS,High,10,8,2,16,24,7.6,60.8,Advanced,Medium,35770.94,1830594.16,High
project_08941,AI Platform,Low,5,2,2,4,10,3.4,13.6,Basic,Low,1675.07,63340.99,Low
project_08942,SaaS,Medium,6,4,2,8,15,5.9,28.3,Basic,Low,5851.25,229971.49,Medium
project_08943,E-commerce,High,11,6,2,12,22,7.0,61.6,Advanced,Medium,30440.55,1767528.9,High
project_08944,Healthcare,Low,4,3,2,6,13,3.1,9.9,Basic,Low,2086.51,64997.88,Low
project_08945,FinTech,Medium,6,6,2,12,21,4.9,23.5,Intermediate,Medium,11618.22,571363.98,Medium
project_08946,EdTech,High,12,10,2,20,30,7.3,70.1,Advanced,Medium,52935.29,3220560.73,High
project_08947,Cloud System,Low,4,3,2,6,11,2.9,9.3,Basic,Medium,2166.35,73151.91,Low
project_08948,IoT,Medium,7,7,2,14,20,4.9,27.4,Intermediate,Low,13526.15,575059.04,Medium
project_08949,FinTech,High,10,9,2,18,29,5.4,43.2,Advanced,High,47835.15,2509485.49,High
project_08950,SaaS,Low,4,4,2,8,15,3.4,10.9,Basic,Low,2682.16,97573.72,Low
project_08951,IoT,Medium,5,8,2,16,22,5.6,22.4,Intermediate,Low,11984.38,551488.69,Medium
project_08952,SaaS,High,9,10,2,20,30,6.5,46.8,Advanced,Medium,42058.12,2432920.65,High
project_08953,EdTech,Low,5,2,2,4,13,3.0,12.0,Basic,Medium,1948.13,72046.98,Low
project_08954,AI Platform,Medium,8,7,2,14,17,5.2,33.3,Intermediate,Medium,16850.82,729016.34,Medium
project_08955,AI Platform,High,11,8,2,16,22,6.6,58.1,Advanced,High,46335.15,2331828.78,High
project_08956,Cloud System,Low,4,4,2,8,13,3.0,9.6,Basic,Low,2640.59,84788.12,Low
project_08957,AI Platform,Medium,6,4,2,8,19,4.3,20.6,Intermediate,High,9122.45,376750.01,High
project_08958,SaaS,High,11,12,2,24,21,7.5,66.0,Advanced,High,63971.44,3569925.87,High
project_08959,EdTech,Low,4,4,2,8,11,2.9,9.3,Basic,Low,2569.06,109666.15,Low
project_08960,AI Platform,Medium,5,8,2,16,21,5.3,21.2,Basic,High,12033.07,518434.93,High
project_08961,Healthcare,High,10,7,2,14,27,7.0,56.0,Intermediate,High,29363.01,1550867.99,High
project_08962,AI Platform,Low,5,2,2,4,10,3.7,14.8,Basic,Low,1822.55,58161.12,Low
project_08963,Healthcare,Medium,8,4,2,8,22,5.8,37.1,Basic,Medium,8182.07,410162.24,Medium
project_08964,FinTech,High,8,11,2,22,20,6.6,42.2,Advanced,High,44598.23,2285834.93,High
project_08965,Healthcare,Low,5,4,2,8,14,3.8,15.2,Basic,Medium,3718.27,131024.49,Low
project_08966,EdTech,Medium,5,6,2,12,17,4.2,16.8,Basic,Low,7163.84,332276.33,Medium
project_08967,AI Platform,High,9,7,2,14,25,6.4,46.1,Advanced,High,33502.1,1723501.15,High
project_08968,EdTech,Low,3,3,2,6,13,2.2,5.3,Basic,Low,1519.37,50489.55,Low
project_08969,Cloud System,Medium,7,5,2,10,21,4.6,25.8,Basic,Medium,8709.79,405284.53,Medium
project_08970,IoT,High,10,8,2,16,29,5.3,42.4,Advanced,High,43153.24,2336329.75,High
project_08971,Cloud System,Low,4,2,2,4,11,3.5,11.2,Basic,Medium,1623.26,49805.29,Low
project_08972,IoT,Medium,7,8,2,16,21,5.8,32.5,Intermediate,Low,15505.83,796795.42,Medium
project_08973,Healthcare,High,10,10,2,20,26,7.1,56.8,Advanced,Medium,44974.28,2748258.46,High
project_08974,IoT,Low,3,2,2,4,10,2.6,6.2,Basic,Medium,1119.97,35312.92,Low
project_08975,Cloud System,Medium,8,8,2,16,18,5.0,32.0,Basic,Medium,14988.91,703777.91,Medium
project_08976,EdTech,High,12,6,2,12,28,6.0,57.6,Advanced,Medium,31874.15,1720691.09,High
project_08977,Cloud System,Low,3,2,2,4,14,3.7,8.9,Basic,Low,1162.8,39920.12,Low
project_08978,FinTech,Medium,8,6,2,12,18,5.6,35.8,Basic,High,13903.0,650465.13,High
project_08979,Healthcare,High,9,8,2,16,25,6.6,47.5,Advanced,High,37424.83,1963115.44,High
project_08980,Cloud System,Low,4,4,2,8,15,3.8,12.2,Basic,Low,2745.19,96765.43,Low
project_08981,E-commerce,Medium,5,6,2,12,16,4.7,18.8,Basic,Low,6970.21,303834.84,Medium
project_08982,SaaS,High,9,7,2,14,25,5.1,36.7,Advanced,High,31602.59,1755131.56,High
project_08983,EdTech,Low,3,3,2,6,13,3.7,8.9,Basic,Medium,1741.67,55250.84,Low
project_08984,SaaS,Medium,7,8,2,16,22,5.3,29.7,Intermediate,Medium,17135.02,764403.45,Medium
project_08985,AI Platform,High,12,11,2,22,21,5.3,50.9,Advanced,Medium,57062.7,3358766.26,High
project_08986,Cloud System,Low,5,2,2,4,15,4.0,16.0,Basic,Low,1867.94,54855.88,Low
project_08987,E-commerce,Medium,7,4,2,8,21,4.6,25.8,Intermediate,Low,8198.88,331843.26,Medium
project_08988,SaaS,High,10,11,2,22,29,5.4,43.2,Advanced,Medium,50945.64,2522323.93,High
project_08989,IoT,Low,4,4,2,8,11,2.1,6.7,Basic,Medium,2777.25,93308.02,Low
project_08990,E-commerce,Medium,7,7,2,14,21,4.9,27.4,Intermediate,Medium,15463.59,727568.49,Medium
project_08991,FinTech,High,11,11,2,22,30,6.1,53.7,Intermediate,Medium,47137.29,2711358.74,High
project_08992,SaaS,Low,4,4,2,8,12,3.4,10.9,Basic,Medium,2934.47,110916.36,Low
project_08993,E-commerce,Medium,7,8,2,16,17,5.7,31.9,Basic,High,15701.85,700965.09,High
project_08994,Healthcare,High,8,12,2,24,25,7.3,46.7,Advanced,High,52226.27,3050700.18,High
project_08995,Cloud System,Low,4,4,2,8,13,2.1,6.7,Basic,Low,2556.01,97722.04,Low
project_08996,SaaS,Medium,5,7,2,14,22,5.4,21.6,Basic,High,10624.67,417458.83,High
project_08997,Cloud System,High,8,12,2,24,30,7.7,49.3,Intermediate,Medium,38578.46,2016720.32,High
project_08998,AI Platform,Low,5,2,2,4,15,2.1,8.4,Basic,Low,1743.53,52040.36,Low
project_08999,Cloud System,Medium,8,6,2,12,19,5.5,35.2,Intermediate,Medium,14692.57,740770.77,Medium
project_09000,FinTech,High,10,10,2,20,24,7.1,56.8,Advanced,High,53545.82,2947146.11,High
project_09001,IoT,Low,5,4,2,8,13,3.1,12.4,Basic,Low,3374.31,122144.83,Low
project_09002,FinTech,Medium,7,6,2,12,18,4.5,25.2,Intermediate,Low,11339.09,479408.71,Medium
project_09003,FinTech,High,12,6,2,12,26,7.0,67.2,Advanced,High,39706.23,2138521.61,High
project_09004,EdTech,Low,3,4,2,8,13,2.8,6.7,Basic,Low,1988.44,75939.68,Low
project_09005,EdTech,Medium,8,7,2,14,22,5.7,36.5,Basic,Medium,14313.53,628210.16,Medium
project_09006,IoT,High,11,6,2,12,23,6.7,59.0,Advanced,High,35323.72,1891801.9,High
project_09007,E-commerce,Low,5,4,2,8,10,3.6,14.4,Basic,Medium,3653.35,139529.35,Low
project_09008,Healthcare,Medium,6,7,2,14,20,5.4,25.9,Intermediate,Medium,13000.86,554533.9,Medium
project_09009,AI Platform,High,11,6,2,12,29,6.1,53.7,Advanced,High,35016.69,1978052.52,High
project_09010,E-commerce,Low,4,3,2,6,12,2.4,7.7,Basic,Low,2117.26,67508.21,Low
project_09011,EdTech,Medium,6,4,2,8,15,5.0,24.0,Basic,Medium,5876.47,306265.56,Medium
project_09012,IoT,High,12,10,2,20,25,7.2,69.1,Intermediate,Medium,44096.29,2601671.8,High
project_09013,Healthcare,Low,5,2,2,4,14,2.3,9.2,Basic,Low,1775.66,64651.42,Low
project_09014,E-commerce,Medium,5,4,2,8,20,5.0,20.0,Intermediate,High,7882.96,361182.23,High
project_09015,E-commerce,High,12,8,2,16,30,6.6,63.4,Intermediate,Medium,34959.99,1848367.24,High
project_09016,Cloud System,Low,5,2,2,4,10,3.4,13.6,Basic,Medium,1897.63,58789.15,Low
project_09017,EdTech,Medium,5,6,2,12,18,5.4,21.6,Intermediate,Medium,9324.06,432441.17,Medium
project_09018,EdTech,High,8,7,2,14,21,5.7,36.5,Advanced,Medium,25898.67,1280605.55,High
project_09019,SaaS,Low,4,4,2,8,10,3.3,10.6,Basic,Low,2823.35,83640.06,Low
project_09020,AI Platform,Medium,6,8,2,16,21,4.4,21.1,Intermediate,Medium,14557.13,609082.13,Medium
project_09021,AI Platform,High,10,7,2,14,21,6.7,53.6,Advanced,High,36049.82,1937158.83,High
project_09022,Cloud System,Low,5,2,2,4,15,2.6,10.4,Basic,Low,1819.24,62997.17,Low
project_09023,EdTech,Medium,6,5,2,10,22,5.9,28.3,Intermediate,Medium,10338.13,471490.56,Medium
project_09024,E-commerce,High,12,12,2,24,30,6.4,61.4,Advanced,Medium,62898.89,3835425.01,High
project_09025,EdTech,Low,4,4,2,8,13,3.8,12.2,Basic,Low,2740.47,88119.16,Low
project_09026,SaaS,Medium,5,4,2,8,17,4.5,18.0,Basic,Medium,5264.61,230098.96,Medium
project_09027,AI Platform,High,12,12,2,24,27,6.6,63.4,Advanced,Medium,61847.65,3557805.95,High
project_09028,E-commerce,Low,3,4,2,8,10,3.0,7.2,Basic,Low,1971.5,72168.68,Low
project_09029,IoT,Medium,7,4,2,8,18,4.7,26.3,Intermediate,High,9852.9,422225.32,High
project_09030,EdTech,High,8,8,2,16,29,5.1,32.6,Intermediate,Medium,25556.44,1361839.4,High
project_09031,FinTech,Low,4,4,2,8,13,3.0,9.6,Basic,Low,2781.26,103212.29,Low
project_09032,Healthcare,Medium,6,8,2,16,16,5.5,26.4,Intermediate,Low,13353.12,559195.94,Medium
project_09033,SaaS,High,9,8,2,16,26,7.9,56.9,Intermediate,Medium,27913.49,1527450.43,High
project_09034,Healthcare,Low,3,4,2,8,15,2.6,6.2,Basic,Low,1980.31,74775.57,Low
project_09035,Cloud System,Medium,7,8,2,16,20,4.2,23.5,Basic,Medium,14436.23,627130.51,Medium
project_09036,EdTech,High,12,11,2,22,30,7.4,71.0,Advanced,High,69579.51,3796485.41,High
project_09037,E-commerce,Low,5,4,2,8,12,3.9,15.6,Basic,Medium,3901.61,126763.2,Low
project_09038,AI Platform,Medium,6,8,2,16,15,4.5,21.6,Intermediate,High,16779.78,800366.98,High
project_09039,E-commerce,High,10,8,2,16,30,6.7,53.6,Advanced,High,40796.11,2534042.79,High
project_09040,AI Platform,Low,5,2,2,4,13,3.5,14.0,Basic,Low,1737.56,63294.84,Low
project_09041,Cloud System,Medium,7,6,2,12,16,5.3,29.7,Intermediate,Medium,12760.17,652867.56,Medium
project_09042,EdTech,High,12,9,2,18,22,7.2,69.1,Intermediate,Medium,41896.07,2239051.88,High
project_09043,EdTech,Low,5,4,2,8,13,2.7,10.8,Basic,Medium,3611.77,129718.78,Low
project_09044,E-commerce,Medium,6,7,2,14,22,5.7,27.4,Basic,Low,9875.12,392273.59,Medium
project_09045,AI Platform,High,12,12,2,24,21,5.8,55.7,Intermediate,High,63416.57,3382593.96,High
project_09046,FinTech,Low,5,3,2,6,11,2.9,11.6,Basic,Low,2643.4,99981.05,Low
project_09047,Cloud System,Medium,8,4,2,8,22,4.1,26.2,Intermediate,High,11190.75,497808.6,High
project_09048,Healthcare,High,10,9,2,18,29,7.4,59.2,Advanced,High,47504.4,2779415.66,High
project_09049,Healthcare,Low,3,3,2,6,15,2.0,4.8,Basic,Low,1555.21,56851.65,Low
project_09050,FinTech,Medium,7,4,2,8,18,5.2,29.1,Intermediate,Medium,8971.85,390381.77,Medium
project_09051,FinTech,High,12,9,2,18,25,5.3,50.9,Advanced,High,53118.52,3179402.46,High
project_09052,Healthcare,Low,3,2,2,4,14,3.0,7.2,Basic,Low,1097.2,43894.02,Low
project_09053,IoT,Medium,5,7,2,14,18,6.0,24.0,Intermediate,Medium,11095.22,564296.24,Medium
project_09054,EdTech,High,10,12,2,24,21,7.6,60.8,Advanced,High,59276.44,3693756.89,High
project_09055,EdTech,Low,4,4,2,8,11,2.9,9.3,Basic,Medium,2834.16,121630.01,Low
project_09056,FinTech,Medium,7,8,2,16,15,4.4,24.6,Basic,Low,12533.63,604309.8,Medium
project_09057,EdTech,High,8,7,2,14,26,5.2,33.3,Intermediate,High,23731.64,1395145.88,High
project_09058,EdTech,Low,3,2,2,4,14,2.2,5.3,Basic,Low,1036.07,40677.73,Low
project_09059,EdTech,Medium,5,4,2,8,16,5.6,22.4,Intermediate,Medium,6464.96,271132.39,Medium
project_09060,AI Platform,High,10,9,2,18,28,7.3,58.4,Advanced,High,47070.86,2253522.47,High
project_09061,FinTech,Low,4,3,2,6,11,2.0,6.4,Basic,Low,2060.95,59087.4,Low
project_09062,Cloud System,Medium,8,4,2,8,15,5.9,37.8,Basic,Low,7080.69,378313.65,Medium
project_09063,FinTech,High,12,10,2,20,25,5.1,49.0,Advanced,High,59631.95,3470454.16,High
project_09064,E-commerce,Low,4,4,2,8,15,3.5,11.2,Basic,Low,2901.98,106411.02,Low
project_09065,AI Platform,Medium,8,5,2,10,15,5.7,36.5,Intermediate,Low,11574.99,456924.33,Medium
project_09066,IoT,High,8,10,2,20,22,6.8,43.5,Intermediate,High,35687.32,1897139.33,High
project_09067,E-commerce,Low,4,4,2,8,15,3.4,10.9,Basic,Low,2869.92,101071.09,Low
project_09068,Cloud System,Medium,8,6,2,12,17,5.5,35.2,Intermediate,Low,13247.63,572782.62,Medium
project_09069,E-commerce,High,10,9,2,18,27,5.8,46.4,Intermediate,Medium,33996.68,1863995.63,High
project_09070,AI Platform,Low,3,4,2,8,15,2.2,5.3,Basic,Low,2004.6,72196.68,Low
project_09071,E-commerce,Medium,6,6,2,12,18,5.2,25.0,Intermediate,Low,10407.92,513003.45,Medium
project_09072,FinTech,High,12,7,2,14,20,7.7,73.9,Advanced,Medium,39547.46,1977601.59,High
project_09073,Healthcare,Low,3,3,2,6,10,2.7,6.5,Basic,Low,1621.66,47730.15,Low
project_09074,Healthcare,Medium,6,5,2,10,19,4.6,22.1,Intermediate,Low,8360.87,385280.51,Medium
project_09075,IoT,High,8,10,2,20,21,5.9,37.8,Advanced,High,39501.96,2244082.91,High
project_09076,FinTech,Low,5,2,2,4,15,3.7,14.8,Basic,Medium,1967.93,74977.34,Low
project_09077,SaaS,Medium,7,4,2,8,20,5.5,30.8,Intermediate,Medium,8930.42,445105.23,Medium
project_09078,IoT,High,9,10,2,20,23,5.0,36.0,Advanced,Medium,38674.37,2420329.15,High
project_09079,E-commerce,Low,3,3,2,6,11,2.5,6.0,Basic,Low,1477.43,59280.64,Low
project_09080,EdTech,Medium,5,5,2,10,18,4.3,17.2,Intermediate,Medium,8147.44,336965.1,Medium
project_09081,FinTech,High,12,8,2,16,22,7.1,68.2,Intermediate,High,40310.96,2183542.67,High
project_09082,Cloud System,Low,5,4,2,8,11,3.1,12.4,Basic,Low,3194.77,125956.98,Low
project_09083,Healthcare,Medium,5,6,2,12,16,5.5,22.0,Intermediate,Low,9091.45,425033.49,Medium
project_09084,FinTech,High,12,10,2,20,26,7.3,70.1,Intermediate,High,53200.89,3105569.46,High
project_09085,SaaS,Low,3,3,2,6,15,2.4,5.8,Basic,Low,1661.82,61909.23,Low
project_09086,SaaS,Medium,6,4,2,8,20,4.1,19.7,Basic,High,6803.34,354308.84,High
project_09087,FinTech,High,10,9,2,18,27,5.9,47.2,Advanced,High,44641.48,2521773.46,High
project_09088,Healthcare,Low,4,3,2,6,11,2.5,8.0,Basic,Medium,2150.17,72471.81,Low
project_09089,FinTech,Medium,7,6,2,12,15,5.5,30.8,Intermediate,High,14751.33,757976.59,High
project_09090,AI Platform,High,8,12,2,24,22,5.6,35.8,Intermediate,High,42765.57,2343916.57,High
project_09091,Healthcare,Low,5,4,2,8,12,3.0,12.0,Basic,Low,3261.67,112421.61,Low
project_09092,Healthcare,Medium,6,8,2,16,16,4.2,20.2,Basic,Medium,11537.22,556440.29,Medium
project_09093,Cloud System,High,10,10,2,20,29,7.1,56.8,Intermediate,High,44951.13,2597802.28,High
project_09094,SaaS,Low,4,3,2,6,12,2.9,9.3,Basic,Low,2141.96,73772.41,Low
project_09095,Healthcare,Medium,5,8,2,16,21,4.5,18.0,Intermediate,Low,11253.51,542774.5,Medium
project_09096,E-commerce,High,10,11,2,22,24,7.4,59.2,Intermediate,High,48379.37,2590528.0,High
project_09097,IoT,Low,4,3,2,6,15,2.9,9.3,Basic,Low,2026.2,80920.3,Low
project_09098,Cloud System,Medium,5,4,2,8,19,4.6,18.4,Intermediate,Medium,6313.09,270352.04,Medium
project_09099,Cloud System,High,8,8,2,16,21,7.1,45.4,Advanced,Medium,29129.44,1579530.94,High
project_09100,EdTech,Low,5,4,2,8,13,3.6,14.4,Basic,Medium,3617.6,143522.93,Low
project_09101,IoT,Medium,8,5,2,10,17,4.4,28.2,Intermediate,Low,10916.15,518527.17,Medium
project_09102,E-commerce,High,8,10,2,20,23,5.8,37.1,Advanced,Medium,35509.58,1989892.23,High
project_09103,Cloud System,Low,3,3,2,6,14,3.6,8.6,Basic,Low,1597.65,63999.09,Low
project_09104,AI Platform,Medium,7,6,2,12,18,4.9,27.4,Intermediate,Medium,12854.99,527441.74,Medium
project_09105,SaaS,High,10,6,2,12,29,5.9,47.2,Advanced,High,31746.48,1677211.09,High
project_09106,IoT,Low,5,2,2,4,12,3.5,14.0,Basic,Low,1715.76,61965.07,Low
project_09107,Cloud System,Medium,6,7,2,14,18,4.5,21.6,Intermediate,Medium,12619.68,558599.2,Medium
project_09108,SaaS,High,10,8,2,16,29,6.8,54.4,Intermediate,High,34675.41,1920136.43,High
project_09109,Cloud System,Low,5,3,2,6,10,2.2,8.8,Basic,Low,2431.32,78736.05,Low
project_09110,E-commerce,Medium,6,8,2,16,16,4.6,22.1,Intermediate,Medium,14158.12,619595.13,Medium
project_09111,FinTech,High,9,10,2,20,21,7.0,50.4,Intermediate,High,38737.18,2035745.45,High
project_09112,Cloud System,Low,3,2,2,4,15,3.9,9.4,Basic,Low,1202.58,37285.28,Low
project_09113,E-commerce,Medium,8,4,2,8,19,5.2,33.3,Intermediate,High,11375.98,510868.09,High
project_09114,EdTech,High,12,12,2,24,27,5.2,49.9,Advanced,High,75186.98,3918841.06,High
project_09115,FinTech,Low,3,4,2,8,11,2.4,5.8,Basic,Low,2084.76,63947.37,Low
project_09116,FinTech,Medium,5,5,2,10,19,4.5,18.0,Intermediate,High,9383.71,455502.9,High
project_09117,Cloud System,High,10,8,2,16,30,6.5,52.0,Advanced,High,41209.1,2186492.15,High
project_09118,SaaS,Low,4,3,2,6,13,2.9,9.3,Basic,Low,2087.68,84976.1,Low
project_09119,AI Platform,Medium,5,6,2,12,21,4.3,17.2,Intermediate,Low,8330.34,422747.09,Medium
project_09120,AI Platform,High,10,11,2,22,22,5.6,44.8,Advanced,High,55373.25,3123577.42,High
project_09121,Healthcare,Low,5,3,2,6,10,3.2,12.8,Basic,Low,2507.01,86948.57,Low
project_09122,Healthcare,Medium,7,8,2,16,17,4.4,24.6,Intermediate,Low,14913.72,790127.22,Medium
project_09123,Healthcare,High,10,10,2,20,29,7.5,60.0,Advanced,Medium,47902.48,2543236.74,High
project_09124,EdTech,Low,3,4,2,8,12,3.3,7.9,Basic,Medium,2322.68,72075.8,Low
project_09125,IoT,Medium,7,4,2,8,21,5.4,30.2,Intermediate,Medium,9247.95,441850.39,Medium
project_09126,IoT,High,12,7,2,14,27,5.6,53.8,Advanced,High,43672.38,2168772.35,High
project_09127,E-commerce,Low,3,2,2,4,15,3.6,8.6,Basic,Low,1210.72,35755.17,Low
project_09128,E-commerce,Medium,6,5,2,10,20,5.8,27.8,Intermediate,Low,9174.21,353529.17,Medium
project_09129,IoT,High,9,9,2,18,27,6.6,47.5,Advanced,High,42648.33,2199379.0,High
project_09130,AI Platform,Low,3,4,2,8,14,2.4,5.8,Basic,Low,2137.74,62039.76,Low
project_09131,Cloud System,Medium,7,5,2,10,17,4.7,26.3,Basic,Low,8163.81,353996.83,Medium
project_09132,Healthcare,High,12,10,2,20,22,5.2,49.9,Intermediate,High,52378.02,3018229.95,High
project_09133,E-commerce,Low,3,4,2,8,10,3.0,7.2,Basic,Low,2026.64,76383.73,Low
project_09134,Healthcare,Medium,5,4,2,8,16,4.0,16.0,Basic,Medium,5127.45,229286.69,Medium
project_09135,SaaS,High,11,6,2,12,30,5.2,45.8,Advanced,High,33075.17,2109260.97,High
project_09136,EdTech,Low,3,3,2,6,13,2.0,4.8,Basic,Low,1524.05,55511.56,Low
project_09137,AI Platform,Medium,8,8,2,16,15,4.8,30.7,Basic,Medium,15449.41,704425.79,Medium
project_09138,AI Platform,High,11,10,2,20,28,6.4,56.3,Advanced,Medium,51577.73,2849902.95,High
project_09139,E-commerce,Low,5,2,2,4,10,3.5,14.0,Basic,Low,1675.61,59773.4,Low
project_09140,E-commerce,Medium,7,6,2,12,19,4.1,23.0,Basic,High,11800.87,464836.72,High
project_09141,Cloud System,High,9,8,2,16,24,7.0,50.4,Intermediate,High,31126.68,1735132.86,High
project_09142,E-commerce,Low,5,4,2,8,13,2.9,11.6,Basic,Low,3214.55,105032.94,Low
project_09143,IoT,Medium,8,4,2,8,15,4.8,30.7,Intermediate,High,11266.4,493605.75,High
project_09144,Cloud System,High,9,12,2,24,22,5.2,37.4,Intermediate,High,47763.46,2743329.45,High
project_09145,AI Platform,Low,5,3,2,6,11,3.6,14.4,Basic,Medium,2743.95,91123.42,Low
project_09146,Healthcare,Medium,7,6,2,12,22,5.6,31.4,Basic,Medium,10282.14,506773.71,Medium
project_09147,Cloud System,High,9,10,2,20,22,5.4,38.9,Advanced,High,44531.29,2242354.14,High
project_09148,IoT,Low,3,4,2,8,12,2.1,5.0,Basic,Low,1937.77,76396.47,Low
project_09149,SaaS,Medium,6,8,2,16,17,5.5,26.4,Intermediate,Medium,14541.66,758171.71,Medium
project_09150,AI Platform,High,10,8,2,16,27,5.8,46.4,Advanced,High,40998.05,2171251.06,High
project_09151,E-commerce,Low,5,4,2,8,10,2.4,9.6,Basic,Low,3229.44,115025.97,Low
project_09152,AI Platform,Medium,8,5,2,10,17,5.7,36.5,Intermediate,Low,11564.68,473643.23,Medium
project_09153,IoT,High,9,11,2,22,21,5.7,41.0,Intermediate,High,42465.84,2191129.28,High
project_09154,Healthcare,Low,5,4,2,8,15,3.3,13.2,Basic,Low,3510.61,118340.5,Low
project_09155,AI Platform,Medium,8,7,2,14,17,5.0,32.0,Intermediate,Medium,17000.82,727830.69,Medium
project_09156,FinTech,High,9,11,2,22,21,5.3,38.2,Advanced,Medium,45510.98,2477528.52,High
project_09157,Cloud System,Low,3,4,2,8,15,4.0,9.6,Basic,Medium,2296.87,91583.75,Low
project_09158,Cloud System,Medium,6,7,2,14,18,4.9,23.5,Intermediate,High,14475.12,610347.24,High
project_09159,SaaS,High,11,7,2,14,29,5.9,51.9,Advanced,High,38498.51,2293550.57,High
project_09160,FinTech,Low,5,3,2,6,12,2.7,10.8,Basic,Low,2479.22,99361.17,Low
project_09161,SaaS,Medium,7,8,2,16,19,5.5,30.8,Intermediate,Low,15691.47,606411.73,Medium
project_09162,IoT,High,8,6,2,12,26,5.7,36.5,Advanced,High,24780.99,1391796.57,High
project_09163,IoT,Low,3,2,2,4,13,2.9,7.0,Basic,Medium,1282.3,41998.52,Low
project_09164,Cloud System,Medium,7,8,2,16,16,5.4,30.2,Intermediate,Medium,16423.62,750645.63,Medium
project_09165,Healthcare,High,11,8,2,16,21,6.6,58.1,Advanced,High,43425.69,2662256.41,High
project_09166,Cloud System,Low,3,3,2,6,10,2.2,5.3,Basic,Low,1485.73,60830.5,Low
project_09167,IoT,Medium,6,8,2,16,22,4.1,19.7,Intermediate,High,17246.31,732342.88,High
project_09168,FinTech,High,9,10,2,20,30,7.5,54.0,Advanced,Medium,41320.41,2532050.57,High
project_09169,Healthcare,Low,3,2,2,4,12,2.7,6.5,Basic,Medium,1221.32,39693.99,Low
project_09170,Cloud System,Medium,8,5,2,10,20,4.6,29.4,Intermediate,Medium,12151.68,546278.78,Medium
project_09171,SaaS,High,10,8,2,16,29,7.9,63.2,Advanced,High,43417.55,2346598.02,High
project_09172,Cloud System,Low,4,2,2,4,10,2.5,8.0,Basic,Medium,1498.48,50766.14,Low
project_09173,AI Platform,Medium,6,8,2,16,19,5.1,24.5,Intermediate,High,16412.2,709117.7,High
project_09174,IoT,High,11,7,2,14,26,7.4,65.1,Advanced,High,40908.44,2096809.63,High
project_09175,AI Platform,Low,4,3,2,6,10,3.9,12.5,Basic,Low,2149.14,71383.83,Low
project_09176,AI Platform,Medium,8,4,2,8,18,4.9,31.4,Intermediate,Medium,9956.26,412222.85,Medium
project_09177,E-commerce,High,11,12,2,24,30,7.2,63.4,Advanced,High,71389.57,3788525.3,High
project_09178,E-commerce,Low,3,3,2,6,13,3.8,9.1,Basic,Medium,1739.24,61035.19,Low
project_09179,FinTech,Medium,8,7,2,14,17,5.8,37.1,Intermediate,Medium,17096.37,667368.26,Medium
project_09180,IoT,High,9,10,2,20,23,6.8,49.0,Advanced,High,45323.29,2820850.64,High
project_09181,SaaS,Low,5,4,2,8,13,3.2,12.8,Basic,Medium,3765.16,139300.99,Low
project_09182,SaaS,Medium,8,6,2,12,17,5.3,33.9,Intermediate,Low,12959.4,623110.75,Medium
project_09183,AI Platform,High,9,8,2,16,25,5.1,36.7,Advanced,High,37491.74,1869842.86,High
project_09184,AI Platform,Low,5,3,2,6,13,2.7,10.8,Basic,Low,2622.0,96681.07,Low
project_09185,AI Platform,Medium,7,7,2,14,21,5.5,30.8,Intermediate,Medium,15300.94,643590.24,Medium
project_09186,AI Platform,High,12,7,2,14,25,6.2,59.5,Advanced,Medium,39532.82,2156892.91,High
project_09187,Healthcare,Low,4,4,2,8,13,2.6,8.3,Basic,Medium,3002.05,97277.31,Low
project_09188,Healthcare,Medium,8,4,2,8,19,5.5,35.2,Basic,High,8994.12,424656.91,High
project_09189,IoT,High,11,11,2,22,27,6.2,54.6,Intermediate,Medium,44522.89,2667149.85,High
project_09190,FinTech,Low,5,2,2,4,15,3.0,12.0,Basic,Medium,1888.22,68504.21,Low
project_09191,SaaS,Medium,8,4,2,8,16,4.3,27.5,Basic,Low,7569.47,327871.99,Medium
project_09192,IoT,High,9,9,2,18,22,7.7,55.4,Advanced,High,42171.43,2353236.26,High
project_09193,IoT,Low,3,3,2,6,15,3.1,7.4,Basic,Medium,1771.72,59048.82,Low
project_09194,Cloud System,Medium,6,7,2,14,19,5.6,26.9,Basic,High,11537.58,546351.2,High
project_09195,Healthcare,High,11,11,2,22,29,7.2,63.4,Advanced,High,60653.79,3864886.91,High
project_09196,EdTech,Low,5,3,2,6,10,3.7,14.8,Basic,Low,2424.85,79883.83,Low
project_09197,IoT,Medium,7,5,2,10,20,4.4,24.6,Intermediate,Medium,10741.99,489191.85,Medium
project_09198,EdTech,High,11,6,2,12,22,5.2,45.8,Intermediate,High,29101.48,1687028.68,High
project_09199,EdTech,Low,4,2,2,4,14,3.9,12.5,Basic,Low,1569.56,50247.54,Low
project_09200,EdTech,Medium,5,7,2,14,18,4.7,18.8,Intermediate,Medium,10608.23,434298.72,Medium
project_09201,SaaS,High,8,10,2,20,28,6.8,43.5,Advanced,High,41052.47,2195130.76,High
project_09202,Cloud System,Low,5,4,2,8,10,3.9,15.6,Basic,Medium,3640.82,130343.18,Low
project_09203,AI Platform,Medium,7,4,2,8,16,4.1,23.0,Intermediate,Medium,8897.68,350184.65,Medium
project_09204,EdTech,High,11,12,2,24,25,6.5,57.2,Advanced,High,67362.03,3638417.05,High
project_09205,Healthcare,Low,5,2,2,4,14,2.6,10.4,Basic,Medium,1855.65,69018.98,Low
project_09206,SaaS,Medium,7,6,2,12,17,4.4,24.6,Basic,Medium,10123.7,468214.63,Medium
project_09207,FinTech,High,12,9,2,18,24,7.0,67.2,Intermediate,High,44396.92,2718583.27,High
project_09208,IoT,Low,4,4,2,8,14,2.7,8.6,Basic,Low,2632.21,104836.71,Low
project_09209,FinTech,Medium,8,4,2,8,18,4.7,30.1,Basic,High,9199.19,407417.58,High
project_09210,SaaS,High,8,9,2,18,29,5.6,35.8,Advanced,High,38675.85,2275103.83,High
project_09211,FinTech,Low,4,2,2,4,10,3.6,11.5,Basic,Medium,1595.39,49599.88,Low
project_09212,E-commerce,Medium,8,8,2,16,22,4.3,27.5,Basic,Medium,15411.76,655557.16,Medium
project_09213,E-commerce,High,11,8,2,16,28,5.2,45.8,Advanced,High,45299.76,2300332.83,High
project_09214,AI Platform,Low,3,3,2,6,12,3.3,7.9,Basic,Low,1532.93,55681.46,Low
project_09215,E-commerce,Medium,7,4,2,8,22,4.8,26.9,Intermediate,High,9948.54,479597.24,High
project_09216,SaaS,High,8,8,2,16,26,6.0,38.4,Advanced,High,34192.53,1678340.36,High
project_09217,FinTech,Low,3,2,2,4,12,3.0,7.2,Basic,Low,1051.77,40703.72,Low
project_09218,SaaS,Medium,5,5,2,10,22,5.6,22.4,Intermediate,Medium,8056.07,375171.01,Medium
project_09219,FinTech,High,8,8,2,16,28,6.3,40.3,Advanced,High,32873.7,1933097.96,High
project_09220,AI Platform,Low,4,4,2,8,14,3.9,12.5,Basic,Medium,3122.27,121450.84,Low
project_09221,E-commerce,Medium,7,7,2,14,16,4.8,26.9,Intermediate,Medium,15668.34,627908.17,Medium
project_09222,E-commerce,High,9,9,2,18,26,6.5,46.8,Intermediate,Medium,29689.66,1824216.46,High
project_09223,AI Platform,Low,4,3,2,6,13,3.9,12.5,Basic,Low,2090.79,86784.94,Low
project_09224,Cloud System,Medium,8,4,2,8,20,5.3,33.9,Intermediate,Low,9385.43,385315.1,Medium
project_09225,AI Platform,High,10,7,2,14,20,6.4,51.2,Intermediate,High,30812.02,1680325.51,High
project_09226,AI Platform,Low,5,3,2,6,12,3.3,13.2,Basic,Low,2627.19,94999.17,Low
project_09227,EdTech,Medium,5,8,2,16,17,5.4,21.6,Intermediate,Low,11061.92,495167.48,Medium
project_09228,EdTech,High,12,12,2,24,29,5.1,49.0,Intermediate,High,58931.79,3356025.45,High
project_09229,AI Platform,Low,4,4,2,8,12,2.1,6.7,Basic,Low,2602.46,98555.76,Low
project_09230,Healthcare,Medium,7,6,2,12,15,5.5,30.8,Basic,Medium,10715.83,525756.02,Medium
project_09231,Cloud System,High,8,10,2,20,23,6.7,42.9,Intermediate,High,35069.69,1950736.1,High
project_09232,Cloud System,Low,4,3,2,6,13,2.3,7.4,Basic,Medium,2287.36,78685.05,Low
project_09233,E-commerce,Medium,6,6,2,12,15,5.8,27.8,Intermediate,High,12486.71,625021.5,High
project_09234,AI Platform,High,10,7,2,14,28,5.6,44.8,Intermediate,High,31522.55,1573124.74,High
project_09235,SaaS,Low,3,2,2,4,15,2.6,6.2,Basic,Low,1157.54,41675.96,Low
project_09236,Cloud System,Medium,5,7,2,14,21,4.3,17.2,Basic,Medium,8848.29,357142.21,Medium
project_09237,EdTech,High,9,6,2,12,29,7.8,56.2,Advanced,High,28422.73,1519118.02,High
project_09238,Healthcare,Low,5,4,2,8,12,3.3,13.2,Basic,Low,3190.59,121985.17,Low
project_09239,IoT,Medium,8,4,2,8,22,5.2,33.3,Basic,Medium,8279.74,364582.2,Medium
project_09240,FinTech,High,9,12,2,24,20,6.7,48.2,Advanced,Medium,46568.93,2471060.59,High
project_09241,IoT,Low,5,2,2,4,15,2.2,8.8,Basic,Low,1650.05,59821.64,Low
project_09242,Cloud System,Medium,8,7,2,14,18,4.5,28.8,Basic,Medium,13347.01,650064.79,Medium
project_09243,E-commerce,High,12,8,2,16,22,7.8,74.9,Advanced,High,49769.85,2950224.76,High
project_09244,IoT,Low,4,3,2,6,12,3.6,11.5,Basic,Low,2194.68,80628.88,Low
project_09245,EdTech,Medium,5,4,2,8,22,4.7,18.8,Intermediate,Low,6026.8,266819.19,Medium
project_09246,SaaS,High,11,10,2,20,29,5.2,45.8,Intermediate,High,47573.88,2448753.51,High
project_09247,IoT,Low,4,2,2,4,14,2.8,9.0,Basic,Low,1496.9,43937.04,Low
project_09248,AI Platform,Medium,7,6,2,12,16,5.2,29.1,Intermediate,Medium,12902.39,661347.06,Medium
project_09249,FinTech,High,11,11,2,22,28,7.6,66.9,Advanced,High,60536.45,3468003.29,High
project_09250,Healthcare,Low,5,3,2,6,11,3.2,12.8,Basic,Medium,2814.49,91455.96,Low
project_09251,IoT,Medium,6,7,2,14,21,5.3,25.4,Intermediate,Medium,13731.94,635222.27,Medium
project_09252,Healthcare,High,10,11,2,22,28,5.6,44.8,Advanced,High,56577.0,2941320.0,High
project_09253,AI Platform,Low,4,4,2,8,14,3.2,10.2,Basic,Medium,3061.92,103490.5,Low
project_09254,Cloud System,Medium,6,4,2,8,20,4.3,20.6,Intermediate,Low,7213.7,338054.93,Medium
project_09255,SaaS,High,8,9,2,18,23,5.1,32.6,Intermediate,High,30031.7,1887129.1,High
project_09256,EdTech,Low,3,2,2,4,13,3.0,7.2,Basic,Medium,1174.09,46926.57,Low
project_09257,IoT,Medium,6,6,2,12,18,5.2,25.0,Basic,Medium,8951.32,442859.62,Medium
project_09258,Cloud System,High,8,8,2,16,30,7.8,49.9,Intermediate,High,28659.09,1644363.21,High
project_09259,SaaS,Low,5,4,2,8,13,2.6,10.4,Basic,Low,3423.61,128432.38,Low
project_09260,IoT,Medium,6,6,2,12,18,4.1,19.7,Intermediate,High,12884.48,652655.96,High
project_09261,EdTech,High,8,8,2,16,29,6.5,41.6,Intermediate,High,28743.86,1660660.48,High
project_09262,SaaS,Low,3,4,2,8,11,3.1,7.4,Basic,Medium,2177.84,79360.65,Low
project_09263,E-commerce,Medium,7,7,2,14,22,5.4,30.2,Basic,Low,11203.51,465184.3,Medium
project_09264,SaaS,High,8,11,2,22,20,5.7,36.5,Intermediate,High,36815.55,2170286.63,High
project_09265,Healthcare,Low,3,3,2,6,14,3.3,7.9,Basic,Low,1683.06,51157.9,Low
project_09266,Cloud System,Medium,5,7,2,14,15,4.9,19.6,Intermediate,Medium,10877.08,493208.02,Medium
project_09267,Healthcare,High,10,6,2,12,26,7.2,57.6,Advanced,High,31182.44,1759538.57,High
project_09268,Cloud System,Low,5,2,2,4,11,2.8,11.2,Basic,Low,1657.76,54928.38,Low
project_09269,FinTech,Medium,7,8,2,16,17,5.5,30.8,Intermediate,Medium,16576.73,804461.36,Medium
project_09270,AI Platform,High,12,8,2,16,23,5.6,53.8,Advanced,Medium,42328.09,2393604.92,High
project_09271,Healthcare,Low,4,3,2,6,11,3.6,11.5,Basic,Low,2098.67,74709.09,Low
project_09272,E-commerce,Medium,7,6,2,12,18,5.9,33.0,Intermediate,Low,12433.41,565155.9,Medium
project_09273,AI Platform,High,12,6,2,12,29,7.7,73.9,Advanced,High,40166.3,2169443.87,High
project_09274,E-commerce,Low,5,3,2,6,13,2.9,11.6,Basic,Low,2659.59,98081.59,Low
project_09275,IoT,Medium,7,4,2,8,22,4.2,23.5,Intermediate,Medium,8669.86,412401.35,Medium
project_09276,Cloud System,High,12,11,2,22,27,7.8,74.9,Intermediate,Medium,49192.93,2468635.43,High
project_09277,E-commerce,Low,4,3,2,6,11,4.0,12.8,Basic,Medium,2413.85,90161.04,Low
project_09278,SaaS,Medium,5,7,2,14,21,5.5,22.0,Intermediate,Medium,11363.59,492973.27,Medium
project_09279,Cloud System,High,9,7,2,14,29,7.7,55.4,Intermediate,High,28631.73,1485156.79,High
project_09280,FinTech,Low,3,4,2,8,11,3.7,8.9,Basic,Medium,2389.47,90398.35,Low
project_09281,Cloud System,Medium,8,5,2,10,19,5.0,32.0,Basic,Medium,10260.46,464074.63,Medium
project_09282,E-commerce,High,9,10,2,20,23,6.9,49.7,Intermediate,Medium,33689.0,1734481.64,High
project_09283,Cloud System,Low,4,3,2,6,12,3.0,9.6,Basic,Medium,2310.77,79722.81,Low
project_09284,IoT,Medium,7,6,2,12,18,4.3,24.1,Basic,Medium,10943.06,474319.89,Medium
project_09285,SaaS,High,12,9,2,18,20,7.4,71.0,Advanced,High,53168.72,3019777.04,High
project_09286,EdTech,Low,5,3,2,6,14,3.8,15.2,Basic,Medium,3014.17,93845.77,Low
project_09287,AI Platform,Medium,5,7,2,14,20,4.1,16.4,Basic,Medium,8650.79,443590.3,Medium
project_09288,FinTech,High,8,12,2,24,20,7.5,48.0,Advanced,High,51436.27,2586300.71,High
project_09289,AI Platform,Low,5,4,2,8,14,3.4,13.6,Basic,Low,3539.85,109068.07,Low
project_09290,IoT,Medium,5,5,2,10,15,6.0,24.0,Basic,Medium,6769.56,281516.57,Medium
project_09291,Healthcare,High,9,9,2,18,28,6.4,46.1,Advanced,Medium,35961.31,2170093.39,High
project_09292,SaaS,Low,3,2,2,4,10,3.1,7.4,Basic,Low,1064.26,35500.17,Low
project_09293,EdTech,Medium,7,7,2,14,20,4.8,26.9,Intermediate,Low,14569.84,568464.51,Medium
project_09294,FinTech,High,11,8,2,16,21,5.7,50.2,Advanced,Medium,40416.66,2139911.36,High
project_09295,SaaS,Low,5,2,2,4,12,3.3,13.2,Basic,Low,1698.51,56525.15,Low
project_09296,AI Platform,Medium,6,7,2,14,21,4.7,22.6,Intermediate,Low,11875.75,489775.94,Medium
project_09297,AI Platform,High,11,10,2,20,29,6.7,59.0,Intermediate,Medium,42119.72,2027869.91,High
project_09298,EdTech,Low,5,4,2,8,14,3.2,12.8,Basic,Medium,3867.64,143069.1,Low
project_09299,E-commerce,Medium,6,5,2,10,16,5.6,26.9,Intermediate,Medium,9690.46,454187.29,Medium
project_09300,Cloud System,High,11,7,2,14,22,5.2,45.8,Advanced,Medium,34386.99,1908687.88,High
project_09301,SaaS,Low,4,3,2,6,15,3.9,12.5,Basic,Low,2167.25,72304.88,Low
project_09302,SaaS,Medium,8,6,2,12,19,5.2,33.3,Basic,High,14044.99,649393.0,High
project_09303,IoT,High,10,11,2,22,27,6.8,54.4,Intermediate,High,49514.67,2402801.27,High
project_09304,EdTech,Low,3,2,2,4,15,2.9,7.0,Basic,Low,1105.82,37211.81,Low
project_09305,Cloud System,Medium,7,6,2,12,20,4.5,25.2,Basic,High,12418.1,557937.33,High
project_09306,Cloud System,High,8,6,2,12,30,5.7,36.5,Advanced,High,25648.0,1493788.53,High
project_09307,AI Platform,Low,5,2,2,4,11,3.5,14.0,Basic,Low,1689.18,59672.89,Low
project_09308,FinTech,Medium,5,4,2,8,19,4.5,18.0,Intermediate,High,7629.26,359806.94,High
project_09309,SaaS,High,9,7,2,14,26,6.6,47.5,Advanced,Medium,28436.95,1655675.03,High
project_09310,SaaS,Low,4,3,2,6,12,3.4,10.9,Basic,Low,2033.29,77578.24,Low
project_09311,Healthcare,Medium,7,8,2,16,18,4.8,26.9,Intermediate,Medium,16727.61,710683.79,Medium
project_09312,E-commerce,High,9,10,2,20,26,7.3,52.6,Intermediate,High,37247.23,2281872.99,High
project_09313,AI Platform,Low,4,2,2,4,14,3.0,9.6,Basic,Low,1453.69,49077.97,Low
project_09314,AI Platform,Medium,7,6,2,12,15,5.9,33.0,Intermediate,Low,11454.99,524531.85,Medium
project_09315,AI Platform,High,8,9,2,18,28,6.3,40.3,Advanced,High,36511.04,2165321.14,High
project_09316,Healthcare,Low,5,4,2,8,12,2.0,8.0,Basic,Low,3414.02,104484.06,Low
project_09317,EdTech,Medium,8,4,2,8,17,5.8,37.1,Intermediate,Medium,9940.82,433366.64,Medium
project_09318,E-commerce,High,10,12,2,24,30,5.4,43.2,Advanced,Medium,54626.74,2944437.85,High
project_09319,SaaS,Low,3,3,2,6,12,3.2,7.7,Basic,Medium,1794.76,69711.86,Low
project_09320,Healthcare,Medium,5,4,2,8,19,5.9,23.6,Intermediate,Medium,6747.88,281632.8,Medium
project_09321,EdTech,High,8,7,2,14,29,7.6,48.6,Advanced,High,31528.78,1724906.66,High
project_09322,IoT,Low,4,3,2,6,12,2.5,8.0,Basic,Low,2123.14,67052.73,Low
project_09323,EdTech,Medium,7,7,2,14,22,4.8,26.9,Intermediate,Low,14171.35,617131.55,Medium
project_09324,EdTech,High,12,7,2,14,29,5.4,51.8,Advanced,Medium,36748.38,1983772.87,High
project_09325,AI Platform,Low,3,4,2,8,14,2.8,6.7,Basic,Low,2088.11,75843.41,Low
project_09326,SaaS,Medium,7,6,2,12,15,5.2,29.1,Intermediate,Medium,12897.97,598992.12,Medium
project_09327,FinTech,High,10,9,2,18,26,5.8,46.4,Advanced,High,47251.05,2306973.63,High
project_09328,IoT,Low,3,2,2,4,15,2.4,5.8,Basic,Low,1112.26,37844.37,Low
project_09329,E-commerce,Medium,6,4,2,8,21,4.9,23.5,Intermediate,Medium,8235.19,369918.51,Medium
project_09330,AI Platform,High,10,10,2,20,30,5.1,40.8,Advanced,Medium,44587.28,2781108.55,High
project_09331,SaaS,Low,4,2,2,4,13,2.9,9.3,Basic,Low,1437.98,44878.29,Low
project_09332,FinTech,Medium,5,8,2,16,15,4.7,18.8,Intermediate,Medium,11903.14,559716.23,Medium
project_09333,Cloud System,High,10,9,2,18,25,6.5,52.0,Intermediate,Medium,32708.13,1765590.92,High
project_09334,E-commerce,Low,3,4,2,8,13,2.8,6.7,Basic,Low,1973.54,81721.67,Low
project_09335,EdTech,Medium,6,7,2,14,17,5.9,28.3,Intermediate,High,14686.46,630306.76,High
project_09336,E-commerce,High,10,12,2,24,25,5.4,43.2,Advanced,High,59425.41,3452054.41,High
project_09337,Healthcare,Low,5,3,2,6,10,3.1,12.4,Basic,Low,2455.08,97835.55,Low
project_09338,SaaS,Medium,5,8,2,16,16,5.6,22.4,Intermediate,Medium,12148.87,608788.1,Medium
project_09339,FinTech,High,11,10,2,20,25,5.8,51.0,Advanced,High,58221.55,3314725.58,High
project_09340,SaaS,Low,5,4,2,8,15,2.4,9.6,Basic,Low,3300.62,112223.11,Low
project_09341,FinTech,Medium,6,6,2,12,18,5.2,25.0,Basic,Medium,8772.12,428364.72,Medium
project_09342,FinTech,High,12,9,2,18,22,5.8,55.7,Intermediate,Medium,39124.57,2378184.38,High
project_09343,AI Platform,Low,3,2,2,4,15,2.3,5.5,Basic,Medium,1239.99,45520.92,Low
project_09344,IoT,Medium,8,4,2,8,15,5.8,37.1,Intermediate,High,12057.39,518308.88,High
project_09345,AI Platform,High,10,11,2,22,23,7.4,59.2,Intermediate,Medium,41253.27,2163711.58,High
project_09346,FinTech,Low,5,4,2,8,13,3.5,14.0,Basic,Medium,3878.52,111166.63,Low
project_09347,Healthcare,Medium,8,5,2,10,15,5.7,36.5,Basic,High,11519.43,452452.83,High
project_09348,Cloud System,High,12,9,2,18,23,6.4,61.4,Advanced,Medium,47205.83,2599916.98,High
project_09349,AI Platform,Low,3,4,2,8,12,2.3,5.5,Basic,Low,2018.78,70306.42,Low
project_09350,FinTech,Medium,8,7,2,14,18,5.8,37.1,Intermediate,Medium,17746.99,765155.2,Medium
project_09351,IoT,High,12,6,2,12,25,5.6,53.8,Intermediate,High,30087.11,1724665.67,High
project_09352,Cloud System,Low,3,3,2,6,15,3.6,8.6,Basic,Medium,1827.82,72313.17,Low
project_09353,FinTech,Medium,6,4,2,8,17,4.3,20.6,Basic,High,7257.54,333477.14,High
project_09354,SaaS,High,9,11,2,22,29,5.2,37.4,Advanced,Medium,46402.48,2348020.62,High
project_09355,EdTech,Low,4,2,2,4,11,2.2,7.0,Basic,Medium,1475.39,55633.15,Low
project_09356,FinTech,Medium,7,7,2,14,15,4.1,23.0,Basic,Medium,12267.35,496046.8,Medium
project_09357,SaaS,High,10,12,2,24,29,7.8,62.4,Advanced,High,61661.16,3660794.24,High
project_09358,FinTech,Low,5,2,2,4,11,3.7,14.8,Basic,Low,1680.68,58494.55,Low
project_09359,FinTech,Medium,6,4,2,8,22,4.0,19.2,Intermediate,Low,7277.45,303510.53,Medium
project_09360,Healthcare,High,9,8,2,16,28,5.1,36.7,Intermediate,High,32503.76,1701335.91,High
project_09361,EdTech,Low,5,4,2,8,14,2.2,8.8,Basic,Low,3212.68,116769.95,Low
project_09362,EdTech,Medium,6,7,2,14,22,5.4,25.9,Intermediate,High,15006.22,761798.4,High
project_09363,FinTech,High,9,11,2,22,20,6.0,43.2,Advanced,High,52759.79,2597374.13,High
project_09364,E-commerce,Low,3,2,2,4,11,2.3,5.5,Basic,Low,1020.38,41201.4,Low
project_09365,E-commerce,Medium,5,8,2,16,17,5.8,23.2,Intermediate,Medium,12473.99,516839.95,Medium
project_09366,SaaS,High,9,10,2,20,20,8.0,57.6,Advanced,High,47749.54,2593265.92,High
project_09367,SaaS,Low,3,2,2,4,11,3.5,8.4,Basic,Low,1062.89,39759.04,Low
project_09368,SaaS,Medium,8,6,2,12,16,5.5,35.2,Intermediate,Medium,14817.47,611785.36,Medium
project_09369,E-commerce,High,10,9,2,18,28,7.6,60.8,Advanced,High,46628.01,2508879.66,High
project_09370,Healthcare,Low,3,4,2,8,12,3.7,8.9,Basic,Low,2116.2,66691.36,Low
project_09371,IoT,Medium,5,5,2,10,15,5.6,22.4,Basic,Medium,6760.27,301329.38,Medium
project_09372,Cloud System,High,11,9,2,18,21,6.9,60.7,Advanced,High,51600.36,2704878.37,High
project_09373,EdTech,Low,4,2,2,4,10,2.0,6.4,Basic,Low,1303.74,45240.85,Low
project_09374,Cloud System,Medium,6,4,2,8,15,4.8,23.0,Intermediate,High,8798.95,376365.66,High
project_09375,SaaS,High,8,9,2,18,28,6.5,41.6,Advanced,High,38482.95,2103843.55,High
project_09376,FinTech,Low,3,3,2,6,15,3.7,8.9,Basic,Medium,1783.57,55756.87,Low
project_09377,EdTech,Medium,8,5,2,10,21,5.0,32.0,Intermediate,Medium,12501.45,595089.12,Medium
project_09378,SaaS,High,9,11,2,22,28,7.6,54.7,Intermediate,High,41942.13,2555929.91,High
project_09379,IoT,Low,5,2,2,4,15,3.2,12.8,Basic,Medium,1925.14,69667.74,Low
project_09380,E-commerce,Medium,8,4,2,8,21,4.6,29.4,Intermediate,Medium,10414.5,458807.32,Medium
project_09381,EdTech,High,11,10,2,20,22,6.4,56.3,Advanced,High,55761.31,3020860.36,High
project_09382,Healthcare,Low,4,2,2,4,14,3.2,10.2,Basic,Low,1488.79,46116.68,Low
project_09383,AI Platform,Medium,5,4,2,8,15,5.4,21.6,Intermediate,High,7381.24,289194.14,High
project_09384,IoT,High,10,12,2,24,25,7.6,60.8,Intermediate,High,53155.31,3098533.82,High
project_09385,AI Platform,Low,5,3,2,6,11,2.2,8.8,Basic,Low,2557.64,86601.66,Low
project_09386,E-commerce,Medium,8,5,2,10,22,4.7,30.1,Intermediate,Medium,12791.69,527547.17,Medium
project_09387,Healthcare,High,9,11,2,22,20,5.8,41.8,Advanced,High,49263.34,2734709.6,High
project_09388,AI Platform,Low,3,3,2,6,14,2.8,6.7,Basic,Low,1598.17,52510.36,Low
project_09389,Healthcare,Medium,7,7,2,14,19,4.5,25.2,Intermediate,High,17374.4,883806.44,High
project_09390,E-commerce,High,12,10,2,20,25,5.4,51.8,Advanced,High,60845.22,3210567.11,High
project_09391,Healthcare,Low,4,4,2,8,12,2.0,6.4,Basic,Low,2741.61,89935.5,Low
project_09392,Healthcare,Medium,5,7,2,14,15,4.4,17.6,Intermediate,Medium,11172.64,473234.38,Medium
project_09393,IoT,High,12,12,2,24,24,7.2,69.1,Advanced,High,75014.54,3874885.51,High
project_09394,SaaS,Low,5,3,2,6,14,2.2,8.8,Basic,Low,2618.77,85494.07,Low
project_09395,SaaS,Medium,6,4,2,8,15,4.9,23.5,Intermediate,High,8645.69,432718.68,High
project_09396,E-commerce,High,12,12,2,24,23,7.1,68.2,Intermediate,High,61208.02,3067770.04,High
project_09397,Healthcare,Low,3,3,2,6,13,2.2,5.3,Basic,Medium,1778.54,59931.99,Low
project_09398,EdTech,Medium,6,6,2,12,16,5.7,27.4,Intermediate,Low,9922.24,439026.34,Medium
project_09399,Cloud System,High,8,6,2,12,28,6.8,43.5,Advanced,High,27286.17,1330252.11,High
project_09400,EdTech,Low,4,4,2,8,15,3.8,12.2,Basic,Low,2780.61,88010.01,Low
project_09401,SaaS,Medium,7,6,2,12,15,4.0,22.4,Intermediate,Low,11848.38,511337.27,Medium
project_09402,IoT,High,10,6,2,12,25,7.5,60.0,Advanced,High,30563.04,1776121.42,High
project_09403,IoT,Low,4,4,2,8,13,3.1,9.9,Basic,Low,2740.4,82582.07,Low
project_09404,IoT,Medium,6,6,2,12,15,5.4,25.9,Intermediate,Medium,11675.35,509346.62,Medium
project_09405,SaaS,High,12,8,2,16,22,5.1,49.0,Advanced,High,50124.15,2667529.76,High
project_09406,Cloud System,Low,4,2,2,4,15,2.4,7.7,Basic,Medium,1504.17,55604.21,Low
project_09407,SaaS,Medium,6,7,2,14,22,5.1,24.5,Basic,Medium,10266.08,438168.76,Medium
project_09408,Healthcare,High,11,7,2,14,28,7.6,66.9,Advanced,High,41669.0,2387979.97,High
project_09409,EdTech,Low,5,2,2,4,10,3.2,12.8,Basic,Low,1812.82,56818.32,Low
project_09410,Cloud System,Medium,6,5,2,10,20,4.1,19.7,Basic,Low,6719.57,314531.1,Medium
project_09411,SaaS,High,10,9,2,18,28,8.0,64.0,Advanced,Medium,42956.48,2194996.84,High
project_09412,SaaS,Low,3,4,2,8,11,3.3,7.9,Basic,Low,2095.4,69065.74,Low
project_09413,Healthcare,Medium,5,8,2,16,16,5.9,23.6,Intermediate,Low,11854.02,499682.27,Medium
project_09414,E-commerce,High,10,6,2,12,26,7.5,60.0,Advanced,High,32073.03,1775085.67,High
project_09415,E-commerce,Low,4,2,2,4,11,3.5,11.2,Basic,Low,1469.8,48067.2,Low
project_09416,IoT,Medium,7,7,2,14,16,5.4,30.2,Intermediate,Medium,14476.51,697107.02,Medium
project_09417,Cloud System,High,9,6,2,12,27,6.7,48.2,Advanced,High,28956.23,1776882.28,High
project_09418,EdTech,Low,4,4,2,8,14,3.8,12.2,Basic,Low,2645.94,101111.99,Low
project_09419,AI Platform,Medium,7,7,2,14,18,6.0,33.6,Intermediate,High,17164.87,706368.71,High
project_09420,IoT,High,8,11,2,22,21,5.1,32.6,Advanced,High,44919.44,2482194.04,High
project_09421,EdTech,Low,5,4,2,8,12,3.1,12.4,Basic,Low,3247.35,123800.89,Low
project_09422,E-commerce,Medium,8,8,2,16,18,4.3,27.5,Intermediate,High,22411.93,1034903.64,High
project_09423,AI Platform,High,11,6,2,12,29,5.9,51.9,Intermediate,Medium,24871.76,1391906.38,High
project_09424,Healthcare,Low,4,3,2,6,13,2.5,8.0,Basic,Medium,2222.8,69023.34,Low
project_09425,Cloud System,Medium,5,6,2,12,19,5.1,20.4,Intermediate,Medium,9454.27,460017.67,Medium
project_09426,EdTech,High,11,10,2,20,24,6.4,56.3,Advanced,High,53987.35,3079143.82,High
project_09427,SaaS,Low,4,3,2,6,10,3.9,12.5,Basic,Low,1999.57,75127.14,Low
project_09428,EdTech,Medium,6,5,2,10,17,4.9,23.5,Intermediate,Medium,9682.46,416967.51,Medium
project_09429,AI Platform,High,11,9,2,18,22,6.6,58.1,Advanced,Medium,45312.8,2358672.49,High
project_09430,AI Platform,Low,5,4,2,8,15,3.2,12.8,Basic,Low,3339.4,118508.67,Low
project_09431,AI Platform,Medium,8,6,2,12,15,5.5,35.2,Basic,High,13512.09,639372.27,High
project_09432,Cloud System,High,11,6,2,12,28,7.9,69.5,Intermediate,High,30833.59,1580459.76,High
project_09433,Cloud System,Low,3,2,2,4,11,2.8,6.7,Basic,Low,1137.21,34320.03,Low
project_09434,FinTech,Medium,5,4,2,8,22,5.7,22.8,Basic,Low,5160.98,224475.74,Medium
project_09435,SaaS,High,11,8,2,16,30,5.5,48.4,Advanced,Medium,40609.3,2379582.18,High
project_09436,E-commerce,Low,3,2,2,4,13,3.2,7.7,Basic,Low,1172.74,32610.92,Low
project_09437,SaaS,Medium,7,6,2,12,17,4.6,25.8,Intermediate,Medium,13334.68,569723.11,Medium
project_09438,SaaS,High,10,6,2,12,27,7.6,60.8,Advanced,Medium,27485.17,1617916.33,High
project_09439,Healthcare,Low,3,3,2,6,15,2.8,6.7,Basic,Low,1652.18,51874.8,Low
project_09440,FinTech,Medium,5,8,2,16,18,4.7,18.8,Intermediate,High,14432.74,609010.28,High
project_09441,Healthcare,High,10,11,2,22,23,6.1,48.8,Intermediate,High,46885.67,2798263.32,High
project_09442,AI Platform,Low,5,2,2,4,10,2.7,10.8,Basic,Medium,1832.54,67948.89,Low
project_09443,AI Platform,Medium,6,8,2,16,21,5.6,26.9,Basic,High,14071.78,558733.94,High
project_09444,FinTech,High,9,10,2,20,21,6.3,45.4,Intermediate,Medium,32463.56,1845891.69,High
project_09445,IoT,Low,5,4,2,8,11,3.7,14.8,Basic,Medium,3639.78,122618.59,Low
project_09446,EdTech,Medium,5,8,2,16,22,5.5,22.0,Intermediate,High,14248.97,759447.2,High
project_09447,Cloud System,High,12,6,2,12,23,5.4,51.8,Advanced,Medium,32553.41,1920893.69,High
project_09448,FinTech,Low,5,2,2,4,14,3.0,12.0,Basic,Low,1854.32,61523.5,Low
project_09449,AI Platform,Medium,7,4,2,8,18,4.3,24.1,Intermediate,Medium,8930.16,403346.09,Medium
project_09450,E-commerce,High,11,12,2,24,27,7.8,68.6,Advanced,High,67124.25,3615386.05,High
project_09451,Healthcare,Low,5,2,2,4,11,3.3,13.2,Basic,Low,1797.14,66255.6,Low
project_09452,FinTech,Medium,6,4,2,8,15,5.2,25.0,Basic,Medium,6095.48,258625.7,Medium
project_09453,E-commerce,High,8,8,2,16,27,8.0,51.2,Advanced,Medium,29547.85,1605353.0,High
project_09454,IoT,Low,5,3,2,6,10,2.1,8.4,Basic,Low,2519.65,86419.52,Low
project_09455,EdTech,Medium,5,6,2,12,18,4.9,19.6,Intermediate,Low,9083.55,373565.18,Medium
project_09456,AI Platform,High,10,12,2,24,27,5.2,41.6,Advanced,Medium,54404.17,2626099.08,High
project_09457,IoT,Low,4,3,2,6,11,2.7,8.6,Basic,Low,1948.86,62359.98,Low
project_09458,EdTech,Medium,5,4,2,8,17,5.8,23.2,Intermediate,Medium,6541.42,294804.08,Medium
project_09459,Cloud System,High,8,11,2,22,20,6.8,43.5,Advanced,High,44067.19,2366721.13,High
project_09460,SaaS,Low,3,2,2,4,10,2.1,5.0,Basic,Low,1005.82,39302.35,Low
project_09461,FinTech,Medium,5,6,2,12,22,4.9,19.6,Intermediate,Medium,9790.39,430994.99,Medium
project_09462,E-commerce,High,12,8,2,16,27,5.5,52.8,Advanced,High,51010.53,2684503.63,High
project_09463,FinTech,Low,5,2,2,4,14,3.0,12.0,Basic,Medium,1983.33,72075.68,Low
project_09464,Healthcare,Medium,7,5,2,10,19,5.9,33.0,Intermediate,High,12301.62,560995.58,High
project_09465,Cloud System,High,10,9,2,18,21,5.4,43.2,Intermediate,Medium,34678.01,1717156.19,High
project_09466,E-commerce,Low,5,3,2,6,14,2.0,8.0,Basic,Low,2386.82,74926.19,Low
project_09467,IoT,Medium,6,8,2,16,17,5.7,27.4,Intermediate,Medium,14524.6,658207.76,Medium
project_09468,Healthcare,High,9,9,2,18,29,6.4,46.1,Advanced,Medium,36930.54,2057162.99,High
project_09469,SaaS,Low,5,4,2,8,15,2.4,9.6,Basic,Low,3233.24,110463.5,Low
project_09470,SaaS,Medium,6,4,2,8,16,4.1,19.7,Intermediate,High,8329.02,369381.62,High
project_09471,SaaS,High,8,8,2,16,30,6.5,41.6,Advanced,High,33259.36,1772122.42,High
project_09472,FinTech,Low,4,3,2,6,15,2.0,6.4,Basic,Medium,2257.36,90052.0,Low
project_09473,Cloud System,Medium,5,7,2,14,15,4.8,19.2,Basic,Medium,8593.34,397591.94,Medium
project_09474,Cloud System,High,8,10,2,20,27,8.0,51.2,Advanced,High,41633.91,2357160.84,High
project_09475,Healthcare,Low,4,2,2,4,14,3.0,9.6,Basic,Medium,1516.05,57004.6,Low
project_09476,IoT,Medium,8,8,2,16,15,4.3,27.5,Basic,Medium,16300.2,630974.42,Medium
project_09477,E-commerce,High,11,6,2,12,25,7.0,61.6,Intermediate,Medium,24516.26,1356762.92,High
project_09478,Healthcare,Low,5,3,2,6,10,2.4,9.6,Basic,Low,2422.03,91753.24,Low
project_09479,AI Platform,Medium,5,7,2,14,15,4.9,19.6,Intermediate,Low,9610.76,484417.4,Medium
project_09480,IoT,High,10,6,2,12,23,5.4,43.2,Advanced,High,31446.71,1813562.9,High
project_09481,E-commerce,Low,4,2,2,4,12,2.4,7.7,Basic,Low,1335.67,50015.19,Low
project_09482,EdTech,Medium,8,5,2,10,20,5.4,34.6,Basic,Medium,10146.27,464108.9,Medium
project_09483,FinTech,High,8,8,2,16,25,7.3,46.7,Advanced,High,34617.91,1955712.91,High
project_09484,FinTech,Low,3,2,2,4,11,3.3,7.9,Basic,Low,1053.86,40950.16,Low
project_09485,E-commerce,Medium,7,5,2,10,15,4.0,22.4,Basic,Medium,9012.32,438321.36,Medium
project_09486,E-commerce,High,8,7,2,14,23,5.9,37.8,Intermediate,High,25173.78,1308217.59,High
project_09487,IoT,Low,3,2,2,4,13,2.1,5.0,Basic,Low,1019.56,39233.29,Low
project_09488,IoT,Medium,5,4,2,8,16,5.2,20.8,Intermediate,Medium,6372.08,301256.13,Medium
project_09489,FinTech,High,9,8,2,16,22,6.9,49.7,Intermediate,Medium,26163.88,1480767.54,High
project_09490,Healthcare,Low,4,2,2,4,10,2.5,8.0,Basic,Low,1317.08,46894.88,Low
project_09491,Healthcare,Medium,8,7,2,14,22,4.6,29.4,Intermediate,Medium,17633.54,804192.59,Medium
project_09492,FinTech,High,9,11,2,22,24,5.0,36.0,Advanced,High,51545.1,2759899.35,High
project_09493,EdTech,Low,5,3,2,6,10,2.8,11.2,Basic,Medium,2871.17,85494.31,Low
project_09494,Cloud System,Medium,7,7,2,14,19,4.7,26.3,Intermediate,High,16591.25,757068.6,High
project_09495,EdTech,High,10,7,2,14,21,5.4,43.2,Advanced,High,35039.47,1879388.34,High
project_09496,E-commerce,Low,5,3,2,6,13,3.0,12.0,Basic,Medium,2754.32,87692.02,Low
project_09497,Cloud System,Medium,6,7,2,14,22,4.2,20.2,Intermediate,Low,11837.06,600889.92,Medium
project_09498,IoT,High,11,9,2,18,25,7.4,65.1,Intermediate,High,42165.58,2208533.61,High
project_09499,EdTech,Low,3,2,2,4,14,3.7,8.9,Basic,Medium,1306.12,43381.15,Low
project_09500,Healthcare,Medium,8,5,2,10,18,5.9,37.8,Intermediate,Medium,12281.65,581562.55,Medium
project_09501,Healthcare,High,9,11,2,22,21,6.6,47.5,Advanced,High,52484.78,2603977.6,High
project_09502,Healthcare,Low,5,2,2,4,14,2.3,9.2,Basic,Low,1702.77,54767.33,Low
project_09503,EdTech,Medium,5,5,2,10,21,4.2,16.8,Basic,Medium,6316.94,296385.28,Medium
project_09504,Cloud System,High,12,12,2,24,22,6.8,65.3,Intermediate,High,62308.7,3231677.27,High
project_09505,E-commerce,Low,5,4,2,8,12,2.1,8.4,Basic,Low,3394.98,117781.42,Low
project_09506,E-commerce,Medium,7,4,2,8,15,4.3,24.1,Basic,High,7911.44,375640.47,High
project_09507,AI Platform,High,11,8,2,16,20,7.8,68.6,Advanced,High,44505.48,2488701.83,High
project_09508,SaaS,Low,3,4,2,8,11,2.9,7.0,Basic,Low,2027.61,79089.5,Low
project_09509,FinTech,Medium,8,7,2,14,18,4.1,26.2,Intermediate,Medium,17366.56,665310.4,Medium
project_09510,AI Platform,High,11,6,2,12,23,7.7,67.8,Intermediate,High,28200.33,1635103.36,High
project_09511,IoT,Low,3,3,2,6,13,2.0,4.8,Basic,Low,1521.91,52621.07,Low
project_09512,FinTech,Medium,5,8,2,16,19,4.7,18.8,Intermediate,Medium,12337.96,519355.56,Medium
project_09513,AI Platform,High,8,8,2,16,25,5.4,34.6,Advanced,Medium,29041.74,1783826.22,High
project_09514,AI Platform,Low,5,4,2,8,12,2.5,10.0,Basic,Low,3285.01,96820.27,Low
project_09515,Cloud System,Medium,8,4,2,8,20,4.7,30.1,Basic,High,9096.15,383104.03,High
project_09516,IoT,High,8,9,2,18,25,7.4,47.4,Advanced,Medium,32827.9,1939575.6,High
project_09517,E-commerce,Low,3,3,2,6,13,2.5,6.0,Basic,Medium,1788.59,57077.04,Low
project_09518,SaaS,Medium,6,6,2,12,16,5.9,28.3,Intermediate,High,13292.8,550012.32,High
project_09519,Cloud System,High,8,9,2,18,21,6.4,41.0,Advanced,High,35867.73,2190392.0,High
project_09520,AI Platform,Low,3,2,2,4,11,2.4,5.8,Basic,Medium,1147.52,39631.74,Low
project_09521,AI Platform,Medium,7,4,2,8,21,5.9,33.0,Intermediate,High,10885.58,492460.55,High
project_09522,E-commerce,High,10,9,2,18,26,5.1,40.8,Intermediate,High,38716.36,2038531.01,High
project_09523,Cloud System,Low,4,4,2,8,15,3.9,12.5,Basic,Low,2905.66,88983.06,Low
project_09524,Cloud System,Medium,5,4,2,8,16,4.8,19.2,Intermediate,Low,6089.9,269580.64,Medium
project_09525,SaaS,High,10,8,2,16,25,5.2,41.6,Advanced,High,40125.07,2308367.8,High
project_09526,AI Platform,Low,5,4,2,8,14,2.5,10.0,Basic,Low,3439.34,102089.3,Low
project_09527,FinTech,Medium,5,4,2,8,22,5.6,22.4,Intermediate,Low,6009.89,286005.93,Medium
project_09528,SaaS,High,9,6,2,12,21,5.8,41.8,Advanced,High,28484.35,1473992.39,High
project_09529,EdTech,Low,5,3,2,6,15,3.6,14.4,Basic,Medium,2845.03,111886.1,Low
project_09530,SaaS,Medium,8,8,2,16,16,5.9,37.8,Basic,Low,14422.09,623397.06,Medium
project_09531,EdTech,High,9,6,2,12,25,7.2,51.8,Advanced,High,28091.77,1484875.21,High
project_09532,EdTech,Low,3,3,2,6,12,2.8,6.7,Basic,Medium,1686.72,55426.89,Low
project_09533,IoT,Medium,7,7,2,14,19,4.4,24.6,Intermediate,Medium,14902.22,750717.6,Medium
project_09534,E-commerce,High,11,12,2,24,27,6.7,59.0,Intermediate,High,56990.56,3197303.6,High
project_09535,E-commerce,Low,5,3,2,6,15,2.3,9.2,Basic,Medium,2681.72,89389.58,Low
project_09536,Healthcare,Medium,8,8,2,16,21,5.5,35.2,Basic,Low,14941.92,610409.83,Medium
project_09537,EdTech,High,8,9,2,18,29,6.4,41.0,Advanced,High,36468.2,2108757.27,High
project_09538,Cloud System,Low,3,2,2,4,13,2.4,5.8,Basic,Low,1105.19,41340.48,Low
project_09539,EdTech,Medium,5,6,2,12,15,5.0,20.0,Intermediate,Medium,9331.16,484016.25,Medium
project_09540,Cloud System,High,8,11,2,22,30,5.1,32.6,Intermediate,Medium,32491.68,1690998.62,High
project_09541,FinTech,Low,4,4,2,8,12,3.7,11.8,Basic,Low,2815.42,93291.76,Low
project_09542,FinTech,Medium,8,7,2,14,21,5.2,33.3,Basic,Medium,13765.92,570183.42,Medium
project_09543,AI Platform,High,8,7,2,14,27,5.8,37.1,Advanced,High,30096.45,1656299.89,High
project_09544,AI Platform,Low,3,2,2,4,14,3.8,9.1,Basic,Low,1155.07,40761.17,Low
project_09545,FinTech,Medium,7,7,2,14,15,4.5,25.2,Basic,Medium,11698.49,505474.72,Medium
project_09546,SaaS,High,11,12,2,24,27,5.9,51.9,Intermediate,High,53576.17,3241362.48,High
project_09547,SaaS,Low,4,3,2,6,15,2.7,8.6,Basic,Low,2063.86,86306.7,Low
project_09548,Cloud System,Medium,7,7,2,14,15,4.1,23.0,Intermediate,Low,13107.94,563063.33,Medium
project_09549,SaaS,High,10,8,2,16,26,5.8,46.4,Intermediate,High,34363.68,2128404.77,High
project_09550,SaaS,Low,5,2,2,4,10,2.5,10.0,Basic,Low,1667.78,57109.56,Low
project_09551,Healthcare,Medium,6,7,2,14,17,5.8,27.8,Intermediate,Medium,12865.41,678475.77,Medium
project_09552,Healthcare,High,11,6,2,12,25,7.9,69.5,Advanced,High,34857.56,1949432.68,High
project_09553,AI Platform,Low,3,4,2,8,12,3.9,9.4,Basic,Low,2165.3,76020.35,Low
project_09554,SaaS,Medium,7,8,2,16,18,4.9,27.4,Basic,Low,11966.28,537628.96,Medium
project_09555,E-commerce,High,10,6,2,12,23,6.1,48.8,Advanced,High,30092.31,1786830.33,High
project_09556,EdTech,Low,5,3,2,6,15,2.6,10.4,Basic,Low,2445.27,79996.94,Low
project_09557,IoT,Medium,5,6,2,12,18,4.4,17.6,Intermediate,Medium,9039.6,434667.35,Medium
project_09558,E-commerce,High,9,8,2,16,20,5.4,38.9,Intermediate,High,31377.66,1817994.59,High
project_09559,SaaS,Low,4,4,2,8,11,3.4,10.9,Basic,Medium,2956.44,118565.78,Low
project_09560,Cloud System,Medium,7,5,2,10,20,5.5,30.8,Basic,Low,7767.11,395437.13,Medium
project_09561,EdTech,High,9,7,2,14,28,6.1,43.9,Advanced,High,32717.6,1698873.41,High
project_09562,SaaS,Low,4,3,2,6,10,2.7,8.6,Basic,Low,1999.22,71999.98,Low
project_09563,IoT,Medium,6,6,2,12,15,4.3,20.6,Basic,Medium,8584.59,423368.95,Medium
project_09564,E-commerce,High,9,11,2,22,23,5.1,36.7,Advanced,Medium,43591.89,2469018.06,High
project_09565,SaaS,Low,3,3,2,6,11,2.6,6.2,Basic,Medium,1757.44,51319.36,Low
project_09566,EdTech,Medium,8,8,2,16,17,4.5,28.8,Intermediate,Medium,18713.2,967558.13,Medium
project_09567,FinTech,High,8,9,2,18,21,6.3,40.3,Advanced,Medium,33321.53,1831237.69,High
project_09568,E-commerce,Low,4,4,2,8,12,3.3,10.6,Basic,Low,2596.61,103745.78,Low
project_09569,EdTech,Medium,6,4,2,8,20,4.7,22.6,Basic,High,7228.81,367785.92,High
project_09570,FinTech,High,8,7,2,14,21,6.1,39.0,Intermediate,High,24945.09,1306903.3,High
project_09571,AI Platform,Low,5,2,2,4,10,3.0,12.0,Basic,Medium,1844.54,56636.06,Low
project_09572,E-commerce,Medium,7,7,2,14,15,5.2,29.1,Intermediate,Low,14111.08,687457.28,Medium
project_09573,E-commerce,High,9,9,2,18,23,7.0,50.4,Advanced,High,40412.14,2249703.88,High
project_09574,Cloud System,Low,4,4,2,8,11,2.2,7.0,Basic,Low,2685.28,86573.47,Low
project_09575,Healthcare,Medium,6,6,2,12,20,5.3,25.4,Basic,Medium,9509.07,454205.7,Medium
project_09576,Healthcare,High,11,11,2,22,28,5.5,48.4,Intermediate,High,54035.84,2662327.75,High
project_09577,IoT,Low,4,4,2,8,10,2.8,9.0,Basic,Low,2588.74,87815.54,Low
project_09578,E-commerce,Medium,5,5,2,10,21,5.0,20.0,Intermediate,Low,7519.01,318978.06,Medium
project_09579,AI Platform,High,8,10,2,20,29,6.1,39.0,Intermediate,High,34144.57,1876073.81,High
project_09580,E-commerce,Low,4,3,2,6,13,3.8,12.2,Basic,Medium,2252.85,77761.82,Low
project_09581,Cloud System,Medium,8,4,2,8,16,4.9,31.4,Intermediate,High,11275.18,493885.92,High
project_09582,FinTech,High,11,8,2,16,29,5.8,51.0,Advanced,Medium,40176.21,2468465.47,High
project_09583,IoT,Low,3,4,2,8,10,2.4,5.8,Basic,Medium,2254.52,64133.64,Low
project_09584,FinTech,Medium,6,8,2,16,15,4.4,21.1,Intermediate,Medium,14713.39,718487.52,Medium
project_09585,IoT,High,12,11,2,22,26,7.1,68.2,Intermediate,High,57094.38,3147360.09,High
project_09586,SaaS,Low,3,4,2,8,14,3.0,7.2,Basic,Low,2186.18,69853.47,Low
project_09587,IoT,Medium,8,4,2,8,18,5.9,37.8,Intermediate,Medium,10589.1,433172.23,Medium
project_09588,IoT,High,11,7,2,14,24,7.2,63.4,Advanced,High,40554.88,2275426.12,High
project_09589,Healthcare,Low,4,2,2,4,12,2.1,6.7,Basic,Low,1325.97,54827.9,Low
project_09590,Healthcare,Medium,8,7,2,14,20,4.6,29.4,Basic,Low,12779.78,534818.27,Medium
project_09591,AI Platform,High,9,8,2,16,22,7.1,51.1,Advanced,High,35896.09,1907781.24,High
project_09592,EdTech,Low,4,4,2,8,14,3.7,11.8,Basic,Medium,3043.69,119812.47,Low
project_09593,SaaS,Medium,8,8,2,16,19,4.5,28.8,Intermediate,Medium,19528.55,937393.24,Medium
project_09594,AI Platform,High,9,9,2,18,22,5.3,38.2,Intermediate,High,33753.18,1981978.23,High
project_09595,SaaS,Low,4,2,2,4,15,3.2,10.2,Basic,Low,1429.48,52867.36,Low
project_09596,IoT,Medium,7,5,2,10,16,5.5,30.8,Intermediate,Low,10353.45,408623.56,Medium
project_09597,SaaS,High,10,12,2,24,20,6.4,51.2,Advanced,High,61381.6,3232706.37,High
project_09598,IoT,Low,5,4,2,8,12,3.0,12.0,Basic,Medium,3516.75,123378.03,Low
project_09599,SaaS,Medium,7,7,2,14,20,4.2,23.5,Intermediate,Medium,15821.41,752614.89,Medium
project_09600,AI Platform,High,11,10,2,20,28,5.4,47.5,Advanced,High,57486.64,2926785.64,High
project_09601,IoT,Low,3,3,2,6,13,2.2,5.3,Basic,Medium,1643.49,56845.79,Low
project_09602,EdTech,Medium,7,5,2,10,21,4.2,23.5,Intermediate,Medium,10558.53,561531.01,Medium
project_09603,EdTech,High,9,8,2,16,26,7.3,52.6,Intermediate,Medium,28440.66,1411919.53,High
project_09604,IoT,Low,5,3,2,6,11,3.9,15.6,Basic,Low,2567.06,102201.82,Low
project_09605,E-commerce,Medium,7,6,2,12,21,5.8,32.5,Intermediate,Low,11668.18,571801.34,Medium
project_09606,AI Platform,High,12,10,2,20,30,5.1,49.0,Intermediate,High,51782.91,2533264.01,High
project_09607,E-commerce,Low,3,3,2,6,14,3.3,7.9,Basic,Low,1576.0,55064.3,Low
project_09608,IoT,Medium,7,7,2,14,22,4.7,26.3,Basic,High,14409.15,667989.78,High
project_09609,FinTech,High,11,6,2,12,29,5.6,49.3,Intermediate,Medium,26285.89,1432958.24,High
project_09610,AI Platform,Low,3,2,2,4,13,2.9,7.0,Basic,Medium,1201.73,46650.75,Low
project_09611,E-commerce,Medium,8,4,2,8,22,4.2,26.9,Intermediate,High,11717.75,522726.24,High
project_09612,FinTech,High,8,6,2,12,20,5.1,32.6,Advanced,High,23888.13,1357480.55,High
project_09613,IoT,Low,3,2,2,4,12,3.0,7.2,Basic,Medium,1262.69,45492.52,Low
project_09614,IoT,Medium,5,4,2,8,19,6.0,24.0,Basic,Low,5166.89,238784.94,Medium
project_09615,IoT,High,8,8,2,16,25,5.9,37.8,Advanced,Medium,30321.82,1584125.01,High
project_09616,FinTech,Low,3,3,2,6,12,2.8,6.7,Basic,Low,1509.97,54485.4,Low
project_09617,EdTech,Medium,6,5,2,10,19,5.5,26.4,Intermediate,Low,8479.72,370047.15,Medium
project_09618,FinTech,High,9,11,2,22,26,7.7,55.4,Advanced,Medium,43470.89,2258585.58,High
project_09619,E-commerce,Low,3,4,2,8,13,3.6,8.6,Basic,Low,2151.89,67824.12,Low
project_09620,E-commerce,Medium,8,8,2,16,17,5.4,34.6,Intermediate,High,23068.45,1118725.76,High
project_09621,AI Platform,High,9,12,2,24,30,6.9,49.7,Advanced,Medium,48583.71,2565356.05,High
project_09622,IoT,Low,3,4,2,8,15,2.6,6.2,Basic,Medium,2373.69,77923.4,Low
project_09623,EdTech,Medium,5,7,2,14,15,5.2,20.8,Basic,Medium,8639.95,364604.52,Medium
project_09624,IoT,High,8,12,2,24,21,7.1,45.4,Advanced,High,48870.19,2764736.99,High
project_09625,AI Platform,Low,5,2,2,4,10,3.8,15.2,Basic,Low,1818.68,63094.68,Low
project_09626,Cloud System,Medium,7,6,2,12,19,4.7,26.3,Basic,Medium,10828.06,461524.51,Medium
project_09627,IoT,High,9,10,2,20,29,7.5,54.0,Intermediate,High,40397.19,1939049.99,High
project_09628,IoT,Low,5,3,2,6,14,2.5,10.0,Basic,Medium,2881.5,93129.78,Low
project_09629,EdTech,Medium,6,7,2,14,21,4.7,22.6,Intermediate,High,15085.04,628453.87,High
project_09630,Cloud System,High,9,10,2,20,21,5.7,41.0,Advanced,Medium,41956.84,2245400.67,High
project_09631,Cloud System,Low,3,2,2,4,15,3.2,7.7,Basic,Medium,1229.07,41728.7,Low
project_09632,E-commerce,Medium,7,4,2,8,18,5.3,29.7,Basic,High,8537.51,341797.83,High
project_09633,IoT,High,10,10,2,20,21,7.5,60.0,Advanced,Medium,45725.84,2584831.43,High
project_09634,EdTech,Low,5,2,2,4,10,2.3,9.2,Basic,Medium,1858.12,59332.87,Low
project_09635,AI Platform,Medium,7,6,2,12,21,5.6,31.4,Intermediate,Medium,13585.73,530011.16,Medium
project_09636,EdTech,High,12,9,2,18,21,5.2,49.9,Advanced,Medium,46813.57,2505522.28,High
project_09637,Cloud System,Low,4,4,2,8,10,3.5,11.2,Basic,Medium,2844.97,112717.36,Low
project_09638,Cloud System,Medium,7,7,2,14,20,5.6,31.4,Basic,Medium,12335.56,516590.8,Medium
project_09639,E-commerce,High,11,10,2,20,22,7.3,64.2,Intermediate,High,46899.29,2826561.67,High
project_09640,SaaS,Low,4,2,2,4,11,3.9,12.5,Basic,Low,1441.7,58032.03,Low
project_09641,IoT,Medium,6,7,2,14,18,5.4,25.9,Intermediate,Medium,13625.17,628392.34,Medium
project_09642,Healthcare,High,8,10,2,20,25,7.3,46.7,Advanced,Medium,38041.34,2115069.88,High
project_09643,Cloud System,Low,3,3,2,6,11,3.9,9.4,Basic,Medium,1720.92,54033.08,Low
project_09644,SaaS,Medium,6,8,2,16,19,5.0,24.0,Intermediate,Medium,15446.3,650160.9,Medium
project_09645,Healthcare,High,10,8,2,16,20,7.0,56.0,Advanced,Medium,37761.29,2038199.64,High
project_09646,FinTech,Low,5,2,2,4,11,3.8,15.2,Basic,Medium,1989.73,65495.49,Low
project_09647,E-commerce,Medium,6,8,2,16,20,6.0,28.8,Intermediate,High,16465.15,887719.55,High
project_09648,FinTech,High,9,11,2,22,21,5.6,40.3,Advanced,Medium,46448.38,2178265.46,High
project_09649,AI Platform,Low,3,2,2,4,11,3.8,9.1,Basic,Low,1144.89,37715.34,Low
project_09650,FinTech,Medium,8,6,2,12,19,4.5,28.8,Intermediate,Low,14163.6,636295.45,Medium
project_09651,Healthcare,High,10,8,2,16,22,5.1,40.8,Advanced,Medium,35288.33,2086752.36,High
project_09652,IoT,Low,5,4,2,8,11,2.5,10.0,Basic,Low,3379.26,103846.65,Low
project_09653,Healthcare,Medium,6,6,2,12,21,4.1,19.7,Basic,Low,7935.18,393994.57,Medium
project_09654,SaaS,High,11,10,2,20,28,7.4,65.1,Advanced,High,56691.01,3478728.37,High
project_09655,EdTech,Low,3,3,2,6,11,3.5,8.4,Basic,Medium,1797.56,67028.41,Low
project_09656,IoT,Medium,8,8,2,16,16,4.7,30.1,Intermediate,High,21921.87,1054316.96,High
project_09657,IoT,High,11,9,2,18,29,5.9,51.9,Advanced,Medium,45041.52,2571809.06,High
project_09658,IoT,Low,3,2,2,4,15,3.9,9.4,Basic,Medium,1373.55,40064.98,Low
project_09659,AI Platform,Medium,8,7,2,14,18,6.0,38.4,Basic,Low,12415.71,555687.15,Medium
project_09660,E-commerce,High,12,11,2,22,29,5.3,50.9,Advanced,Medium,59473.31,3054937.41,High
project_09661,IoT,Low,5,2,2,4,12,2.8,11.2,Basic,Medium,1979.86,71206.04,Low
project_09662,AI Platform,Medium,7,7,2,14,22,4.6,25.8,Intermediate,High,18066.05,737762.0,High
project_09663,SaaS,High,9,10,2,20,27,6.8,49.0,Advanced,Medium,39776.96,2279053.37,High
project_09664,Cloud System,Low,3,3,2,6,13,3.7,8.9,Basic,Medium,1821.58,58523.34,Low
project_09665,Cloud System,Medium,5,8,2,16,20,4.2,16.8,Basic,High,11061.02,536590.27,High
project_09666,AI Platform,High,9,12,2,24,26,6.1,43.9,Intermediate,Medium,39105.74,2125298.62,High
project_09667,EdTech,Low,3,2,2,4,10,2.1,5.0,Basic,Medium,1175.0,39525.38,Low
project_09668,SaaS,Medium,8,8,2,16,21,5.2,33.3,Basic,High,17688.41,700193.11,High
project_09669,AI Platform,High,9,10,2,20,29,6.3,45.4,Advanced,Medium,42376.24,2134240.81,High
project_09670,FinTech,Low,5,4,2,8,15,3.4,13.6,Basic,Medium,3608.78,117146.39,Low
project_09671,IoT,Medium,7,7,2,14,20,5.2,29.1,Intermediate,High,17296.78,727224.3,High
project_09672,SaaS,High,9,10,2,20,27,5.0,36.0,Advanced,High,46777.82,2832583.9,High
project_09673,FinTech,Low,4,3,2,6,15,3.6,11.5,Basic,Medium,2302.5,70109.24,Low
project_09674,Healthcare,Medium,8,7,2,14,20,5.7,36.5,Intermediate,Low,15910.19,628312.62,Medium
project_09675,EdTech,High,9,9,2,18,30,6.0,43.2,Advanced,High,43933.65,2176129.08,High
project_09676,Healthcare,Low,5,3,2,6,12,3.8,15.2,Basic,Low,2455.26,78642.01,Low
project_09677,IoT,Medium,7,8,2,16,18,5.3,29.7,Intermediate,Medium,18141.17,823193.46,Medium
project_09678,Healthcare,High,11,11,2,22,28,6.6,58.1,Advanced,High,64817.18,3348450.79,High
project_09679,Healthcare,Low,5,2,2,4,14,3.0,12.0,Basic,Low,1754.06,56269.18,Low
project_09680,SaaS,Medium,5,6,2,12,22,4.9,19.6,Basic,Medium,7866.3,325367.15,Medium
project_09681,E-commerce,High,9,8,2,16,26,7.6,54.7,Advanced,Medium,32342.24,1924637.96,High
project_09682,EdTech,Low,5,4,2,8,12,3.8,15.2,Basic,Medium,3641.6,119868.93,Low
project_09683,FinTech,Medium,8,4,2,8,15,4.0,25.6,Basic,Medium,8066.84,383282.63,Medium
project_09684,Healthcare,High,10,12,2,24,21,6.2,49.6,Intermediate,Medium,43997.7,2676085.21,High
project_09685,FinTech,Low,3,4,2,8,15,3.5,8.4,Basic,Medium,2268.28,96603.12,Low
project_09686,EdTech,Medium,6,8,2,16,20,4.5,21.6,Intermediate,Medium,14827.92,634042.38,Medium
project_09687,AI Platform,High,8,6,2,12,22,7.4,47.4,Advanced,Medium,22239.37,1150947.96,High
project_09688,FinTech,Low,4,3,2,6,11,3.1,9.9,Basic,Low,2121.73,80021.35,Low
project_09689,Healthcare,Medium,7,5,2,10,16,4.9,27.4,Intermediate,High,12457.47,479675.97,High
project_09690,SaaS,High,9,8,2,16,20,5.9,42.5,Advanced,High,35552.99,1924754.08,High
project_09691,E-commerce,Low,5,4,2,8,12,2.0,8.0,Basic,Low,3420.37,118344.16,Low
project_09692,E-commerce,Medium,7,6,2,12,19,4.4,24.6,Basic,Medium,10888.3,545453.55,Medium
project_09693,FinTech,High,9,9,2,18,20,5.1,36.7,Intermediate,High,33945.8,2101900.54,High
project_09694,Healthcare,Low,3,3,2,6,15,3.0,7.2,Basic,Medium,1867.51,63601.34,Low
project_09695,E-commerce,Medium,5,6,2,12,19,4.0,16.0,Intermediate,Medium,9303.41,435818.3,Medium
project_09696,SaaS,High,8,6,2,12,25,6.5,41.6,Advanced,High,24957.85,1403362.61,High
project_09697,Healthcare,Low,5,3,2,6,15,2.5,10.0,Basic,Medium,2883.71,83403.62,Low
project_09698,SaaS,Medium,8,8,2,16,21,5.4,34.6,Intermediate,Low,17158.37,813219.05,Medium
project_09699,IoT,High,9,7,2,14,28,7.8,56.2,Intermediate,High,27072.17,1592298.06,High
project_09700,IoT,Low,4,2,2,4,14,3.9,12.5,Basic,Medium,1700.12,56582.82,Low
project_09701,SaaS,Medium,8,4,2,8,15,5.5,35.2,Intermediate,Medium,10074.83,473272.49,Medium
project_09702,EdTech,High,12,10,2,20,20,7.0,67.2,Intermediate,Medium,43959.3,2373831.64,High
project_09703,IoT,Low,4,3,2,6,13,2.2,7.0,Basic,Medium,2216.25,85684.61,Low
project_09704,E-commerce,Medium,6,8,2,16,19,4.8,23.0,Intermediate,Low,14243.42,592902.04,Medium
project_09705,EdTech,High,9,10,2,20,27,7.4,53.3,Advanced,High,46959.82,2731521.03,High
project_09706,E-commerce,Low,5,4,2,8,13,3.3,13.2,Basic,Low,3244.9,116242.59,Low
project_09707,E-commerce,Medium,7,7,2,14,17,5.2,29.1,Intermediate,Medium,15479.68,648951.21,Medium
project_09708,Cloud System,High,10,11,2,22,26,5.3,42.4,Advanced,Medium,47290.0,2640963.65,High
project_09709,IoT,Low,3,3,2,6,15,2.9,7.0,Basic,Medium,1830.12,70165.34,Low
project_09710,AI Platform,Medium,6,7,2,14,21,4.7,22.6,Intermediate,Medium,12694.49,550086.34,Medium
project_09711,IoT,High,11,6,2,12,21,6.9,60.7,Advanced,Medium,29961.09,1634074.77,High
project_09712,SaaS,Low,5,3,2,6,11,2.2,8.8,Basic,Low,2527.74,90098.78,Low
project_09713,IoT,Medium,8,4,2,8,20,5.8,37.1,Basic,Medium,8611.07,371855.07,Medium
project_09714,E-commerce,High,9,12,2,24,27,5.9,42.5,Advanced,High,56029.35,2921960.63,High
project_09715,Healthcare,Low,3,4,2,8,11,3.9,9.4,Basic,Medium,2330.61,78954.27,Low
project_09716,Cloud System,Medium,7,4,2,8,20,4.7,26.3,Intermediate,Medium,9395.97,394515.57,Medium
project_09717,FinTech,High,12,10,2,20,23,7.8,74.9,Advanced,Medium,53415.2,2941269.52,High
project_09718,AI Platform,Low,3,4,2,8,12,3.0,7.2,Basic,Low,2098.43,76083.54,Low
project_09719,IoT,Medium,7,6,2,12,22,5.1,28.6,Intermediate,Medium,12819.39,652935.06,Medium
project_09720,Cloud System,High,11,11,2,22,25,5.0,44.0,Intermediate,High,51523.87,2728153.93,High
project_09721,Cloud System,Low,5,2,2,4,12,3.5,14.0,Basic,Low,1788.52,59883.04,Low
project_09722,Healthcare,Medium,7,5,2,10,16,4.5,25.2,Basic,High,10360.56,457420.3,High
project_09723,IoT,High,8,6,2,12,20,5.3,33.9,Intermediate,High,20220.88,1069027.34,High
project_09724,SaaS,Low,3,4,2,8,11,3.4,8.2,Basic,Medium,2177.18,81633.39,Low
project_09725,Healthcare,Medium,6,6,2,12,19,5.3,25.4,Intermediate,Medium,11139.88,524208.08,Medium
project_09726,Healthcare,High,9,10,2,20,29,7.7,55.4,Advanced,High,45807.03,2613291.15,High
project_09727,SaaS,Low,4,3,2,6,11,3.3,10.6,Basic,Low,2038.94,77284.71,Low
project_09728,Cloud System,Medium,7,5,2,10,19,4.4,24.6,Basic,Medium,8589.17,377450.93,Medium
project_09729,Cloud System,High,12,12,2,24,29,7.7,73.9,Advanced,Medium,65120.38,3702725.13,High
project_09730,AI Platform,Low,4,4,2,8,13,2.3,7.4,Basic,Low,2566.91,91557.07,Low
project_09731,AI Platform,Medium,8,5,2,10,16,5.8,37.1,Intermediate,Medium,12802.71,579282.23,Medium
project_09732,SaaS,High,8,11,2,22,23,5.3,33.9,Intermediate,High,39236.09,1960502.59,High
project_09733,FinTech,Low,3,3,2,6,12,2.1,5.0,Basic,Low,1538.56,53183.82,Low
project_09734,E-commerce,Medium,7,5,2,10,15,4.6,25.8,Intermediate,Medium,11073.54,444829.1,Medium
project_09735,FinTech,High,12,11,2,22,28,7.9,75.8,Advanced,Medium,60355.35,3201226.3,High
project_09736,FinTech,Low,4,4,2,8,13,3.3,10.6,Basic,Low,2826.01,97381.65,Low
project_09737,AI Platform,Medium,8,6,2,12,19,4.8,30.7,Basic,High,13628.43,603061.51,High
project_09738,IoT,High,10,8,2,16,28,5.6,44.8,Intermediate,Medium,31401.72,1525806.42,High
project_09739,IoT,Low,4,4,2,8,11,3.4,10.9,Basic,Medium,3040.67,101003.12,Low
project_09740,SaaS,Medium,5,6,2,12,17,4.9,19.6,Intermediate,Low,9022.63,387948.39,Medium
project_09741,Cloud System,High,10,10,2,20,24,5.7,45.6,Intermediate,High,43865.84,2218709.97,High
project_09742,AI Platform,Low,4,2,2,4,10,2.7,8.6,Basic,Low,1402.95,45785.12,Low
project_09743,AI Platform,Medium,7,7,2,14,16,5.2,29.1,Intermediate,Low,13262.89,610453.2,Medium
project_09744,Healthcare,High,12,12,2,24,23,7.6,73.0,Intermediate,High,59372.0,3321248.27,High
project_09745,SaaS,Low,3,4,2,8,14,3.2,7.7,Basic,Low,2172.29,74459.14,Low
project_09746,AI Platform,Medium,6,4,2,8,17,4.8,23.0,Basic,Medium,6037.95,273813.92,Medium
project_09747,Cloud System,High,11,12,2,24,20,7.7,67.8,Advanced,Medium,61751.49,3114336.47,High
project_09748,E-commerce,Low,5,4,2,8,13,3.7,14.8,Basic,Low,3275.32,119110.96,Low
project_09749,IoT,Medium,5,7,2,14,16,4.6,18.4,Intermediate,Low,9605.96,461174.36,Medium
project_09750,EdTech,High,10,12,2,24,20,5.8,46.4,Advanced,High,58543.92,3349493.88,High
project_09751,EdTech,Low,3,4,2,8,11,2.5,6.0,Basic,Medium,2252.0,70425.23,Low
project_09752,E-commerce,Medium,5,4,2,8,22,4.6,18.4,Basic,Medium,5152.64,259550.24,Medium
project_09753,E-commerce,High,11,7,2,14,30,5.1,44.9,Intermediate,Medium,30114.33,1610779.68,High
project_09754,E-commerce,Low,5,4,2,8,10,2.9,11.6,Basic,Low,3251.26,110220.75,Low
project_09755,EdTech,Medium,5,8,2,16,22,4.4,17.6,Basic,Low,9488.99,371763.85,Medium
project_09756,SaaS,High,10,7,2,14,24,7.8,62.4,Advanced,High,36134.35,1896136.03,High
project_09757,FinTech,Low,3,3,2,6,14,3.9,9.4,Basic,Low,1705.09,51642.63,Low
project_09758,SaaS,Medium,8,4,2,8,16,5.4,34.6,Basic,Medium,8009.82,340207.91,Medium
project_09759,Healthcare,High,11,10,2,20,25,6.1,53.7,Intermediate,High,45935.24,2629948.63,High
project_09760,IoT,Low,4,3,2,6,12,2.2,7.0,Basic,Low,2035.05,76687.28,Low
project_09761,EdTech,Medium,7,7,2,14,22,4.4,24.6,Intermediate,Low,14407.78,602274.07,Medium
project_09762,IoT,High,9,11,2,22,24,5.5,39.6,Advanced,High,52366.46,3070038.68,High
project_09763,SaaS,Low,3,4,2,8,11,2.8,6.7,Basic,Medium,2347.59,73724.97,Low
project_09764,IoT,Medium,7,5,2,10,19,4.4,24.6,Basic,Medium,8447.76,371523.58,Medium
project_09765,Healthcare,High,12,12,2,24,21,5.4,51.8,Intermediate,High,62778.33,3049622.89,High
project_09766,EdTech,Low,5,3,2,6,11,3.8,15.2,Basic,Medium,2788.95,104723.44,Low
project_09767,E-commerce,Medium,5,6,2,12,17,4.5,18.0,Intermediate,Low,9025.74,395979.73,Medium
project_09768,Healthcare,High,9,8,2,16,29,6.3,45.4,Advanced,Medium,32017.14,1777164.96,High
project_09769,E-commerce,Low,5,4,2,8,11,3.7,14.8,Basic,Medium,3693.64,131491.08,Low
project_09770,FinTech,Medium,7,6,2,12,17,4.6,25.8,Basic,Medium,10781.62,442245.9,Medium
project_09771,E-commerce,High,9,6,2,12,26,5.1,36.7,Advanced,High,28410.26,1463145.57,High
project_09772,SaaS,Low,3,3,2,6,10,3.6,8.6,Basic,Low,1640.01,62461.11,Low
project_09773,E-commerce,Medium,5,6,2,12,22,5.2,20.8,Intermediate,Low,9193.24,420855.59,Medium
project_09774,IoT,High,12,6,2,12,29,5.8,55.7,Intermediate,Medium,28333.35,1514849.9,High
project_09775,Healthcare,Low,4,4,2,8,13,3.0,9.6,Basic,Medium,2979.58,106714.24,Low
project_09776,Cloud System,Medium,7,8,2,16,19,4.1,23.0,Intermediate,Medium,16968.31,819714.61,Medium
project_09777,Cloud System,High,9,6,2,12,24,7.1,51.1,Intermediate,High,23447.69,1368915.54,High
project_09778,Cloud System,Low,3,4,2,8,14,2.5,6.0,Basic,Medium,2251.65,85690.26,Low
project_09779,EdTech,Medium,6,7,2,14,20,5.9,28.3,Basic,Low,9351.23,383982.69,Medium
project_09780,FinTech,High,11,6,2,12,22,5.1,44.9,Advanced,Medium,29585.2,1584045.4,High
project_09781,EdTech,Low,5,3,2,6,12,3.4,13.6,Basic,Low,2627.62,83438.68,Low
project_09782,Cloud System,Medium,5,5,2,10,22,4.9,19.6,Intermediate,High,9515.35,477709.75,High
project_09783,Cloud System,High,10,11,2,22,29,5.8,46.4,Advanced,Medium,52133.17,2753625.19,High
project_09784,E-commerce,Low,3,2,2,4,14,2.6,6.2,Basic,Low,1125.98,42770.81,Low
project_09785,EdTech,Medium,5,8,2,16,18,4.9,19.6,Basic,High,10990.52,519396.02,High
project_09786,SaaS,High,12,10,2,20,23,5.1,49.0,Advanced,Medium,51921.73,2936787.05,High
project_09787,IoT,Low,5,4,2,8,11,3.2,12.8,Basic,Medium,3639.43,116174.99,Low
project_09788,FinTech,Medium,7,4,2,8,21,4.1,23.0,Intermediate,Low,7943.29,383309.1,Medium
project_09789,IoT,High,8,8,2,16,28,5.7,36.5,Advanced,Medium,30322.84,1696142.3,High
project_09790,Healthcare,Low,3,4,2,8,10,3.3,7.9,Basic,Low,2123.4,72111.4,Low
project_09791,FinTech,Medium,6,5,2,10,21,5.0,24.0,Intermediate,Medium,9343.0,382765.03,Medium
project_09792,Cloud System,High,10,12,2,24,26,7.2,57.6,Advanced,High,61679.2,3289944.35,High
project_09793,AI Platform,Low,3,4,2,8,13,2.3,5.5,Basic,Low,2067.14,66790.53,Low
project_09794,SaaS,Medium,6,7,2,14,15,5.6,26.9,Intermediate,Low,11532.15,515854.12,Medium
project_09795,SaaS,High,11,9,2,18,23,5.2,45.8,Advanced,High,50940.11,2584383.25,High
project_09796,FinTech,Low,4,4,2,8,10,2.6,8.3,Basic,Low,2603.57,104877.47,Low
project_09797,IoT,Medium,8,4,2,8,18,5.0,32.0,Intermediate,Medium,10330.06,488610.2,Medium
project_09798,E-commerce,High,9,8,2,16,20,5.1,36.7,Advanced,High,37883.24,2024126.58,High
project_09799,SaaS,Low,5,3,2,6,13,2.2,8.8,Basic,Medium,2661.04,94283.97,Low
project_09800,E-commerce,Medium,6,4,2,8,17,5.1,24.5,Intermediate,High,8648.94,346160.26,High
project_09801,AI Platform,High,10,10,2,20,29,7.3,58.4,Advanced,High,50348.69,2861823.44,High
project_09802,AI Platform,Low,3,4,2,8,14,3.1,7.4,Basic,Low,2032.13,65467.17,Low
project_09803,FinTech,Medium,7,8,2,16,20,4.5,25.2,Intermediate,Medium,17556.93,725938.99,Medium
project_09804,SaaS,High,12,9,2,18,22,6.2,59.5,Intermediate,High,47150.96,2779729.65,High
project_09805,FinTech,Low,4,4,2,8,12,3.3,10.6,Basic,Low,2618.41,83524.74,Low
project_09806,IoT,Medium,5,5,2,10,15,5.8,23.2,Basic,Low,6126.46,248947.33,Medium
project_09807,IoT,High,8,7,2,14,26,6.1,39.0,Advanced,Medium,26254.01,1530248.03,High
project_09808,FinTech,Low,5,3,2,6,12,2.3,9.2,Basic,Low,2470.57,87095.65,Low
project_09809,SaaS,Medium,8,4,2,8,15,4.5,28.8,Intermediate,Low,8771.07,391445.71,Medium
project_09810,AI Platform,High,8,12,2,24,25,5.4,34.6,Intermediate,Medium,35626.03,1911729.72,High
project_09811,Healthcare,Low,5,3,2,6,15,2.3,9.2,Basic,Low,2545.58,80678.93,Low
project_09812,FinTech,Medium,6,7,2,14,19,4.7,22.6,Basic,Low,9277.47,458628.35,Medium
project_09813,Cloud System,High,11,6,2,12,28,7.6,66.9,Advanced,Medium,29769.37,1731650.48,High
project_09814,AI Platform,Low,3,3,2,6,11,3.7,8.9,Basic,Low,1597.8,59954.77,Low
project_09815,EdTech,Medium,8,5,2,10,18,5.0,32.0,Intermediate,High,13725.52,686260.24,High
project_09816,AI Platform,High,10,9,2,18,29,6.1,48.8,Advanced,High,48034.24,2341538.63,High
project_09817,EdTech,Low,5,3,2,6,14,3.9,15.6,Basic,Low,2660.44,89204.76,Low
project_09818,AI Platform,Medium,5,4,2,8,21,4.1,16.4,Basic,Medium,5100.12,247831.02,Medium
project_09819,Cloud System,High,12,10,2,20,22,6.3,60.5,Advanced,High,62095.04,3490222.29,High
project_09820,FinTech,Low,3,2,2,4,14,2.2,5.3,Basic,Low,1044.45,37190.41,Low
project_09821,FinTech,Medium,5,7,2,14,21,5.6,22.4,Intermediate,Medium,11479.32,508404.92,Medium
project_09822,FinTech,High,8,12,2,24,25,6.7,42.9,Advanced,Medium,44584.62,2525932.87,High
project_09823,AI Platform,Low,4,4,2,8,14,3.1,9.9,Basic,Medium,2985.59,99747.13,Low
project_09824,AI Platform,Medium,8,5,2,10,18,5.6,35.8,Basic,Medium,10383.9,408742.85,Medium
project_09825,Healthcare,High,10,9,2,18,25,6.0,48.0,Advanced,High,47725.62,2778442.43,High
project_09826,Healthcare,Low,5,2,2,4,12,3.2,12.8,Basic,Low,1807.79,55519.86,Low
project_09827,IoT,Medium,7,4,2,8,17,4.8,26.9,Intermediate,High,10484.22,495005.28,High
project_09828,EdTech,High,11,7,2,14,30,5.6,49.3,Intermediate,High,33726.88,2017804.21,High
project_09829,Healthcare,Low,3,3,2,6,14,3.2,7.7,Basic,Low,1693.9,56944.61,Low
project_09830,SaaS,Medium,7,8,2,16,19,4.2,23.5,Intermediate,Medium,18076.47,789851.35,Medium
project_09831,IoT,High,8,7,2,14,30,7.0,44.8,Intermediate,High,25335.58,1492917.91,High
project_09832,Cloud System,Low,3,3,2,6,11,3.1,7.4,Basic,Medium,1771.96,65656.99,Low
project_09833,EdTech,Medium,6,5,2,10,20,4.3,20.6,Intermediate,Medium,9935.09,422299.2,Medium
project_09834,E-commerce,High,8,12,2,24,30,5.4,34.6,Intermediate,High,40368.89,2146829.86,High
project_09835,SaaS,Low,4,4,2,8,11,2.5,8.0,Basic,Medium,3013.22,98357.47,Low
project_09836,IoT,Medium,8,6,2,12,20,4.5,28.8,Basic,Low,10888.92,472207.94,Medium
project_09837,E-commerce,High,12,9,2,18,28,7.6,73.0,Intermediate,High,47770.96,2654791.24,High
project_09838,SaaS,Low,4,4,2,8,10,3.7,11.8,Basic,Low,2801.32,84916.71,Low
project_09839,FinTech,Medium,8,6,2,12,17,4.3,27.5,Basic,Medium,11842.35,575972.54,Medium
project_09840,FinTech,High,10,12,2,24,29,6.0,48.0,Intermediate,Medium,43108.39,2633509.93,High
project_09841,Cloud System,Low,5,4,2,8,10,2.6,10.4,Basic,Medium,3683.22,119876.12,Low
project_09842,Healthcare,Medium,8,6,2,12,18,5.0,32.0,Intermediate,High,16626.96,742995.61,High
project_09843,FinTech,High,12,6,2,12,21,5.9,56.6,Advanced,Medium,33945.31,1706132.79,High
project_09844,Healthcare,Low,3,3,2,6,10,3.6,8.6,Basic,Low,1630.24,60233.36,Low
project_09845,SaaS,Medium,6,5,2,10,18,4.6,22.1,Intermediate,Medium,9712.52,404587.1,Medium
project_09846,SaaS,High,9,9,2,18,27,5.8,41.8,Advanced,High,41659.28,2419802.55,High
project_09847,EdTech,Low,5,2,2,4,10,3.1,12.4,Basic,Low,1766.79,59841.64,Low
project_09848,E-commerce,Medium,7,4,2,8,22,4.4,24.6,Intermediate,Medium,9362.59,433537.07,Medium
project_09849,E-commerce,High,9,6,2,12,22,5.4,38.9,Intermediate,Medium,20907.04,1065873.62,High
project_09850,IoT,Low,3,4,2,8,14,3.9,9.4,Basic,Low,2127.75,68344.28,Low
project_09851,SaaS,Medium,7,5,2,10,16,5.7,31.9,Basic,Medium,9278.0,403676.27,Medium
project_09852,IoT,High,12,11,2,22,26,5.8,55.7,Advanced,High,64222.7,3456790.91,High
project_09853,Cloud System,Low,3,2,2,4,14,3.0,7.2,Basic,Low,1092.35,41386.2,Low
project_09854,IoT,Medium,7,7,2,14,17,4.0,22.4,Intermediate,Medium,14933.41,583072.66,Medium
project_09855,AI Platform,High,8,9,2,18,23,6.0,38.4,Advanced,High,36937.43,2038637.04,High
project_09856,IoT,Low,3,3,2,6,10,3.3,7.9,Basic,Low,1563.92,57613.62,Low
project_09857,FinTech,Medium,7,5,2,10,17,5.9,33.0,Intermediate,Low,10268.19,440649.16,Medium
project_09858,SaaS,High,12,7,2,14,29,6.7,64.3,Advanced,High,45132.46,2593316.71,High
project_09859,FinTech,Low,5,3,2,6,11,2.7,10.8,Basic,Low,2625.23,85391.5,Low
project_09860,EdTech,Medium,7,4,2,8,17,4.1,23.0,Basic,Medium,7088.68,299544.3,Medium
project_09861,Healthcare,High,8,12,2,24,24,6.9,44.2,Advanced,High,48144.06,2658210.23,High
project_09862,SaaS,Low,3,2,2,4,15,3.1,7.4,Basic,Low,1200.93,38242.7,Low
project_09863,EdTech,Medium,5,5,2,10,15,4.7,18.8,Intermediate,High,9127.44,400366.55,High
project_09864,IoT,High,10,7,2,14,21,6.5,52.0,Advanced,Medium,30986.45,1985773.48,High
project_09865,AI Platform,Low,3,4,2,8,13,3.8,9.1,Basic,Medium,2226.06,90090.67,Low
project_09866,EdTech,Medium,7,4,2,8,17,4.7,26.3,Basic,Medium,7321.91,346538.81,Medium
project_09867,EdTech,High,11,8,2,16,20,5.9,51.9,Intermediate,High,37443.75,1990139.06,High
project_09868,AI Platform,Low,4,4,2,8,14,2.0,6.4,Basic,Low,2699.91,99755.77,Low
project_09869,SaaS,Medium,7,5,2,10,19,4.7,26.3,Intermediate,Medium,11413.11,471281.71,Medium
project_09870,Healthcare,High,9,6,2,12,24,5.6,40.3,Advanced,Medium,25124.34,1416292.69,High
project_09871,Cloud System,Low,3,4,2,8,15,3.7,8.9,Basic,Medium,2321.49,80415.62,Low
project_09872,SaaS,Medium,6,6,2,12,18,5.8,27.8,Intermediate,High,12727.0,539805.71,High
project_09873,IoT,High,12,10,2,20,25,5.6,53.8,Intermediate,High,51555.39,2696265.63,High
project_09874,IoT,Low,5,3,2,6,13,3.4,13.6,Basic,Medium,2714.46,103693.27,Low
project_09875,IoT,Medium,5,7,2,14,19,4.6,18.4,Intermediate,High,11962.24,516506.94,High
project_09876,E-commerce,High,12,10,2,20,23,7.2,69.1,Advanced,Medium,54872.88,2832171.22,High
project_09877,IoT,Low,3,2,2,4,14,2.6,6.2,Basic,Medium,1245.39,47213.71,Low
project_09878,IoT,Medium,7,8,2,16,19,5.3,29.7,Intermediate,Medium,17084.08,736367.97,Medium
project_09879,AI Platform,High,11,7,2,14,24,5.3,46.6,Advanced,High,38417.65,2394970.32,High
project_09880,E-commerce,Low,5,2,2,4,10,3.4,13.6,Basic,Low,1778.16,67138.72,Low
project_09881,FinTech,Medium,6,4,2,8,18,4.7,22.6,Intermediate,Medium,7385.71,342705.91,Medium
project_09882,E-commerce,High,9,8,2,16,30,6.2,44.6,Advanced,High,37800.78,2038260.77,High
project_09883,FinTech,Low,4,4,2,8,11,2.5,8.0,Basic,Low,2751.46,80750.42,Low
project_09884,Healthcare,Medium,7,5,2,10,18,5.2,29.1,Basic,Medium,8932.52,390573.44,Medium
project_09885,IoT,High,11,11,2,22,29,7.5,66.0,Advanced,High,60724.08,3661331.55,High
project_09886,IoT,Low,5,3,2,6,13,2.2,8.8,Basic,Medium,2849.47,100409.68,Low
project_09887,SaaS,Medium,7,7,2,14,19,4.3,24.1,Basic,High,13245.05,614129.36,High
project_09888,AI Platform,High,11,6,2,12,24,5.7,50.2,Intermediate,Medium,25751.29,1287838.99,High
project_09889,AI Platform,Low,4,2,2,4,14,2.8,9.0,Basic,Medium,1537.32,55656.06,Low
project_09890,AI Platform,Medium,7,5,2,10,19,4.3,24.1,Intermediate,Medium,10969.5,485961.28,Medium
project_09891,E-commerce,High,9,7,2,14,27,7.8,56.2,Intermediate,Medium,23896.23,1348006.19,High
project_09892,E-commerce,Low,5,2,2,4,15,3.7,14.8,Basic,Low,1829.25,56640.92,Low
project_09893,FinTech,Medium,8,4,2,8,21,4.8,30.7,Intermediate,Medium,10672.84,440781.15,Medium
project_09894,SaaS,High,9,9,2,18,22,6.9,49.7,Advanced,High,42023.21,2310247.92,High
project_09895,SaaS,Low,5,3,2,6,12,2.4,9.6,Basic,Low,2588.99,82648.2,Low
project_09896,Healthcare,Medium,5,6,2,12,18,5.6,22.4,Basic,Medium,7967.98,337763.53,Medium
project_09897,IoT,High,8,7,2,14,23,5.6,35.8,Advanced,High,30070.03,1477533.39,High
project_09898,Cloud System,Low,3,3,2,6,14,3.3,7.9,Basic,Low,1592.28,64572.42,Low
project_09899,IoT,Medium,5,6,2,12,21,4.8,19.2,Intermediate,Low,8384.05,386455.25,Medium
project_09900,Healthcare,High,11,10,2,20,20,6.4,56.3,Advanced,High,56613.12,3191779.87,High
project_09901,IoT,Low,5,2,2,4,11,3.9,15.6,Basic,Low,1843.83,68171.56,Low
project_09902,Healthcare,Medium,6,8,2,16,22,4.8,23.0,Basic,Medium,11891.31,552954.79,Medium
project_09903,Cloud System,High,12,10,2,20,28,7.6,73.0,Intermediate,High,49153.89,2737570.57,High
project_09904,Cloud System,Low,3,2,2,4,10,2.5,6.0,Basic,Low,1046.95,33286.39,Low
project_09905,AI Platform,Medium,8,6,2,12,17,5.9,37.8,Intermediate,Medium,14970.95,589755.94,Medium
project_09906,EdTech,High,12,8,2,16,24,6.3,60.5,Advanced,Medium,43334.31,2520003.81,High
project_09907,AI Platform,Low,5,4,2,8,10,3.0,12.0,Basic,Low,3269.05,129471.91,Low
project_09908,FinTech,Medium,7,6,2,12,18,4.1,23.0,Basic,Low,9263.44,460713.33,Medium
project_09909,E-commerce,High,12,8,2,16,26,6.8,65.3,Advanced,Medium,45110.05,2310745.02,High
project_09910,Cloud System,Low,5,2,2,4,15,2.4,9.6,Basic,Medium,1967.32,67193.96,Low
project_09911,Cloud System,Medium,8,8,2,16,18,4.7,30.1,Basic,Medium,15493.48,659544.92,Medium
project_09912,E-commerce,High,8,9,2,18,24,7.3,46.7,Advanced,Medium,34693.28,1973063.23,High
project_09913,Healthcare,Low,4,2,2,4,12,2.7,8.6,Basic,Low,1365.11,48042.45,Low
project_09914,EdTech,Medium,8,5,2,10,16,5.9,37.8,Intermediate,Medium,13091.11,586484.82,Medium
project_09915,Healthcare,High,8,6,2,12,22,5.3,33.9,Advanced,High,24449.59,1340358.1,High
project_09916,FinTech,Low,3,3,2,6,10,3.3,7.9,Basic,Low,1649.75,53905.38,Low
project_09917,IoT,Medium,7,6,2,12,16,4.6,25.8,Intermediate,Low,12161.89,516076.75,Medium
project_09918,SaaS,High,12,8,2,16,21,6.1,58.6,Intermediate,High,40234.22,2106185.41,High
project_09919,FinTech,Low,3,4,2,8,11,3.9,9.4,Basic,Medium,2396.93,88181.01,Low
project_09920,Healthcare,Medium,6,8,2,16,20,4.3,20.6,Basic,Low,10793.74,468821.58,Medium
project_09921,SaaS,High,10,12,2,24,28,6.9,55.2,Advanced,High,64390.2,3568334.39,High
project_09922,Cloud System,Low,3,4,2,8,10,2.3,5.5,Basic,Low,2074.79,59400.03,Low
project_09923,Cloud System,Medium,6,4,2,8,16,4.7,22.6,Intermediate,Medium,7820.68,365911.22,Medium
project_09924,EdTech,High,11,7,2,14,24,6.3,55.4,Advanced,High,39613.35,2146964.3,High
project_09925,SaaS,Low,4,4,2,8,12,3.4,10.9,Basic,Low,2779.94,91457.17,Low
project_09926,Cloud System,Medium,5,6,2,12,18,5.4,21.6,Intermediate,High,11457.8,483282.8,High
project_09927,AI Platform,High,11,12,2,24,27,7.9,69.5,Advanced,High,70341.85,4110137.44,High
project_09928,Cloud System,Low,3,2,2,4,14,2.2,5.3,Basic,Low,1050.44,35528.47,Low
project_09929,IoT,Medium,5,8,2,16,20,5.0,20.0,Basic,Medium,10392.83,438530.7,Medium
project_09930,AI Platform,High,9,8,2,16,27,7.8,56.2,Intermediate,Medium,26689.64,1486206.49,High
project_09931,E-commerce,Low,4,3,2,6,15,3.2,10.2,Basic,Low,2152.87,77627.3,Low
project_09932,AI Platform,Medium,6,6,2,12,16,5.2,25.0,Intermediate,Medium,10781.4,518262.98,Medium
project_09933,Healthcare,High,12,11,2,22,23,5.6,53.8,Advanced,Medium,60612.14,2956904.67,High
project_09934,FinTech,Low,4,2,2,4,14,2.0,6.4,Basic,Low,1340.76,48476.56,Low
project_09935,E-commerce,Medium,8,8,2,16,16,5.7,36.5,Intermediate,Medium,20026.49,861415.65,Medium
project_09936,SaaS,High,10,9,2,18,24,5.9,47.2,Advanced,High,47937.56,2784104.13,High
project_09937,FinTech,Low,3,4,2,8,15,3.0,7.2,Basic,Medium,2380.83,95295.26,Low
project_09938,E-commerce,Medium,5,7,2,14,22,5.3,21.2,Basic,Low,8293.83,342658.32,Medium
project_09939,E-commerce,High,11,7,2,14,29,7.1,62.5,Advanced,High,42489.0,2203799.99,High
project_09940,IoT,Low,5,2,2,4,14,2.6,10.4,Basic,Low,1821.06,64934.71,Low
project_09941,SaaS,Medium,5,7,2,14,20,5.8,23.2,Intermediate,Medium,10982.21,441559.23,Medium
project_09942,FinTech,High,12,11,2,22,24,7.7,73.9,Advanced,Medium,56819.82,3711284.78,High
project_09943,EdTech,Low,3,2,2,4,12,3.0,7.2,Basic,Low,1147.12,35548.2,Low
project_09944,FinTech,Medium,8,6,2,12,20,4.9,31.4,Basic,Medium,11930.37,539295.12,Medium
project_09945,E-commerce,High,10,12,2,24,30,7.9,63.2,Intermediate,High,49543.47,2943857.06,High
project_09946,Cloud System,Low,3,2,2,4,11,3.8,9.1,Basic,Low,1141.8,39196.03,Low
project_09947,EdTech,Medium,7,5,2,10,22,5.5,30.8,Basic,Medium,9184.55,388825.45,Medium
project_09948,SaaS,High,11,10,2,20,27,5.1,44.9,Intermediate,Medium,41049.8,2474052.74,High
project_09949,IoT,Low,5,4,2,8,15,3.6,14.4,Basic,Low,3406.76,110947.27,Low
project_09950,SaaS,Medium,5,8,2,16,19,4.5,18.0,Intermediate,Medium,11956.53,544256.57,Medium
project_09951,EdTech,High,10,6,2,12,26,6.7,53.6,Advanced,High,31968.79,1752734.21,High
project_09952,EdTech,Low,5,3,2,6,11,4.0,16.0,Basic,Low,2651.78,95476.89,Low
project_09953,FinTech,Medium,8,5,2,10,17,5.5,35.2,Intermediate,Medium,13056.63,528169.3,Medium
project_09954,FinTech,High,8,7,2,14,30,6.9,44.2,Advanced,High,29411.27,1717820.61,High
project_09955,Healthcare,Low,3,4,2,8,15,3.9,9.4,Basic,Low,2193.63,83560.07,Low
project_09956,Cloud System,Medium,7,6,2,12,15,5.6,31.4,Intermediate,Low,11924.76,560990.79,Medium
project_09957,Healthcare,High,12,8,2,16,21,5.1,49.0,Advanced,Medium,42791.96,2139792.29,High
project_09958,FinTech,Low,3,3,2,6,13,2.8,6.7,Basic,Low,1616.75,52888.47,Low
project_09959,FinTech,Medium,7,8,2,16,17,5.7,31.9,Intermediate,Low,15021.63,745025.64,Medium
project_09960,AI Platform,High,9,12,2,24,28,6.5,46.8,Advanced,Medium,49067.56,2647200.87,High
project_09961,E-commerce,Low,5,2,2,4,15,3.7,14.8,Basic,Low,1871.45,66579.55,Low
project_09962,SaaS,Medium,8,5,2,10,15,4.1,26.2,Intermediate,Medium,12894.63,536348.69,Medium
project_09963,Cloud System,High,11,12,2,24,23,7.1,62.5,Advanced,Medium,60557.95,3100636.92,High
project_09964,E-commerce,Low,5,4,2,8,10,4.0,16.0,Basic,Medium,3547.18,125448.33,Low
project_09965,FinTech,Medium,6,8,2,16,22,5.0,24.0,Basic,Medium,12504.0,538847.76,Medium
project_09966,IoT,High,10,8,2,16,22,5.9,47.2,Advanced,High,39770.68,2503585.5,High
project_09967,AI Platform,Low,3,2,2,4,14,2.7,6.5,Basic,Low,1148.55,38845.02,Low
project_09968,SaaS,Medium,5,5,2,10,17,4.1,16.4,Basic,Medium,6082.28,251583.23,Medium
project_09969,Cloud System,High,8,12,2,24,26,7.4,47.4,Advanced,High,51421.91,2725159.41,High
project_09970,IoT,Low,4,4,2,8,12,2.9,9.3,Basic,Medium,2871.87,94818.58,Low
project_09971,AI Platform,Medium,8,5,2,10,17,4.1,26.2,Intermediate,Low,11560.03,460591.19,Medium
project_09972,Cloud System,High,12,7,2,14,27,5.7,54.7,Intermediate,High,37297.8,1754794.9,High
project_09973,Cloud System,Low,5,2,2,4,14,2.0,8.0,Basic,Low,1743.55,66704.28,Low
project_09974,IoT,Medium,8,7,2,14,18,5.1,32.6,Basic,High,16463.91,708016.26,High
project_09975,IoT,High,11,9,2,18,26,5.9,51.9,Advanced,High,53139.32,2921768.56,High
project_09976,Cloud System,Low,4,4,2,8,11,3.7,11.8,Basic,Low,2631.14,89459.19,Low
project_09977,Healthcare,Medium,8,5,2,10,19,5.9,37.8,Basic,Medium,10629.69,433472.71,Medium
project_09978,Cloud System,High,10,6,2,12,24,7.7,61.6,Advanced,High,32569.67,1763611.64,High
project_09979,Cloud System,Low,3,4,2,8,13,2.1,5.0,Basic,Low,2008.61,62081.82,Low
project_09980,IoT,Medium,6,8,2,16,18,5.0,24.0,Intermediate,High,16850.45,718432.23,High
project_09981,IoT,High,10,11,2,22,25,6.4,51.2,Advanced,High,58312.17,3474081.77,High
project_09982,Cloud System,Low,4,4,2,8,13,2.9,9.3,Basic,Medium,2894.14,96589.26,Low
project_09983,E-commerce,Medium,8,6,2,12,19,4.8,30.7,Intermediate,Medium,15469.66,712436.59,Medium
project_09984,EdTech,High,11,12,2,24,26,5.8,51.0,Advanced,High,69686.14,3777311.77,High
project_09985,IoT,Low,4,3,2,6,15,3.4,10.9,Basic,Low,2184.9,82897.77,Low
project_09986,FinTech,Medium,7,4,2,8,17,4.6,25.8,Basic,Low,6691.97,268735.46,Medium
project_09987,Cloud System,High,11,6,2,12,22,5.2,45.8,Intermediate,Medium,23792.31,1431681.9,High
project_09988,E-commerce,Low,4,4,2,8,12,3.1,9.9,Basic,Low,2835.18,104233.48,Low
project_09989,IoT,Medium,8,8,2,16,20,4.7,30.1,Intermediate,Medium,20642.76,840409.15,Medium
project_09990,FinTech,High,9,6,2,12,20,6.1,43.9,Advanced,High,27982.61,1523583.22,High
project_09991,AI Platform,Low,3,4,2,8,10,3.2,7.7,Basic,Medium,2325.1,77450.13,Low
project_09992,E-commerce,Medium,5,8,2,16,21,5.7,22.8,Intermediate,High,14313.51,663409.44,High
project_09993,IoT,High,8,10,2,20,24,7.5,48.0,Advanced,Medium,37807.0,2073233.1,High
project_09994,FinTech,Low,5,2,2,4,10,3.5,14.0,Basic,Medium,1879.49,76518.38,Low
project_09995,FinTech,Medium,7,6,2,12,19,4.1,23.0,Intermediate,Medium,12482.83,561976.13,Medium
project_09996,SaaS,High,11,6,2,12,25,8.0,70.4,Advanced,Medium,31703.25,1568480.12,High
project_09997,SaaS,Low,5,3,2,6,13,3.4,13.6,Basic,Low,2487.17,103476.45,Low
project_09998,Cloud System,Medium,5,5,2,10,22,5.1,20.4,Intermediate,Medium,8522.09,422940.49,Medium
project_09999,IoT,High,8,9,2,18,23,6.8,43.5,Advanced,High,38451.04,2090683.07,High
project_10000,E-commerce,Low,4,3,2,6,12,3.8,12.2,Basic,Low,2111.67,60414.98,Low
